OrderID,CustomerID,CustomerName,OrderDate,RestaurantType,MenuCategory,ItemName,Quantity,UnitPrice,TotalPrice,PaymentMethod,ServerName,TableNumber,DayOfWeek,TimeOfDay,SpecialRequest
1001,C512,Christopher Lopez,2025-02-04 21:44,Delivery,Beverage,Green Smoothie,2,19.95,39.9,Mobile Payment,-,-,Tuesday,Dinner,
1002,C002,Shaun Hensley,2025-11-03 08:05,Takeaway,Food,Pasta Alfredo,2,17.38,34.76,Card,-,-,Monday,Breakfast,Less sugar
1003,C198,Allison Williams,2025-03-22 11:13,Delivery,Beverage,Latte,2,7.44,14.88,Cash,-,-,Saturday,Lunch,Skim milk
1004,C360,Andrea Shields,2025-04-15 14:36,Takeaway,Food,Beef Burger,2,4.29,8.58,Mobile Payment,-,-,Tuesday,Lunch,Gluten-free
1005,C752,Jenna Long,2025-07-28 14:15,Dine-In,Beverage,Latte,2,8.95,17.9,Card,Alice,19,Monday,Lunch,No cheese
1006,C429,Joanna Perez,2025-03-07 17:00,Dine-In,Beverage,Latte,1,4.57,4.57,Cash,Daniel,19,Friday,Dinner,Dressing on the side
1007,C024,Diane Hernandez,2025-07-04 22:21,Takeaway,Beverage,Green Smoothie,2,10.44,20.88,Cash,-,-,Friday,Late Night,Gluten-free
1008,C956,Brett Lewis,2025-07-23 09:20,Dine-In,Food,Pasta Alfredo,1,8.49,8.49,Mobile Payment,Michael,4,Wednesday,Breakfast,Extra ice
1009,C169,James Robinson,2025-04-21 07:22,Delivery,Beverage,Cappuccino,1,15.8,15.8,Mobile Payment,-,-,Monday,Breakfast,Dressing on the side
1010,C873,Jeanette Moreno,2025-07-29 13:30,Takeaway,Beverage,Cappuccino,2,17.14,34.28,Cash,-,-,Tuesday,Lunch,Extra ice
1011,C879,Jason Barrera,2025-07-10 07:03,Dine-In,Food,Grilled Chicken,3,5.55,16.65,Card,Daniel,8,Thursday,Breakfast,Extra ice
1012,C237,Ralph Pittman,2025-11-07 07:33,Dine-In,Food,Pasta Alfredo,2,18.53,37.06,Mobile Payment,Robert,12,Friday,Breakfast,Less sugar
1013,C060,Darlene Wallace,2025-02-23 14:06,Delivery,Food,Margherita Pizza,1,18.8,18.8,Mobile Payment,-,-,Sunday,Lunch,No onions
1014,C200,Bruce Bailey,2025-05-18 06:01,Takeaway,Beverage,Latte,1,7.58,7.58,Card,-,-,Sunday,Breakfast,Skim milk
1015,C674,Nicole Malone,2025-05-05 13:04,Dine-In,Beverage,Mineral Water,1,13.96,13.96,Mobile Payment,Sophia,17,Monday,Lunch,Extra cheese
1016,C541,Andre Scott,2025-09-29 23:12,Dine-In,Beverage,Cappuccino,2,18.74,37.48,Mobile Payment,Robert,16,Monday,Late Night,Gluten-free
1017,C747,Henry Dunlap,2025-10-03 11:37,Delivery,Food,Veggie Sandwich,3,9.2,27.6,Mobile Payment,-,-,Friday,Lunch,No cheese
1018,C628,Cheryl Berry,2025-06-03 21:43,Dine-In,Beverage,Mineral Water,1,11.8,11.8,Cash,Daniel,14,Tuesday,Dinner,No onions
1019,C578,Jason Collier,2025-10-04 20:34,Takeaway,Beverage,Mineral Water,2,5.39,10.78,Card,-,-,Saturday,Dinner,No onions
1020,C553,Paul Smith,2025-07-29 21:20,Dine-In,Beverage,Cappuccino,2,13.68,27.36,Cash,Robert,1,Tuesday,Dinner,Extra cheese
1021,C224,George Bishop,2025-05-14 17:34,Takeaway,Beverage,Iced Tea,1,16.8,16.8,Mobile Payment,-,-,Wednesday,Dinner,
1022,C534,Shannon Jones,2025-07-27 09:55,Delivery,Beverage,Cappuccino,3,3.39,10.17,Card,-,-,Sunday,Breakfast,
1023,C262,Richard French DDS,2025-12-27 21:48,Delivery,Food,Grilled Chicken,2,7.63,15.26,Mobile Payment,-,-,Saturday,Dinner,No onions
1024,C715,Jamie King,2025-02-09 22:04,Delivery,Food,Margherita Pizza,3,12.74,38.22,Cash,-,-,Sunday,Late Night,Less sugar
1025,C754,Randy Rosales,2025-11-17 06:31,Delivery,Food,Margherita Pizza,2,17.95,35.9,Cash,-,-,Monday,Breakfast,Gluten-free
1026,C186,Valerie Fox,2025-04-16 21:14,Delivery,Beverage,Mojito,3,12.46,37.38,Mobile Payment,-,-,Wednesday,Dinner,No cheese
1027,C844,Emily Hughes,2025-04-28 20:29,Dine-In,Beverage,Latte,1,15.13,15.13,Cash,Robert,13,Monday,Dinner,No onions
1028,C733,Adrian Briggs,2025-05-10 18:42,Delivery,Beverage,Mineral Water,1,12.41,12.41,Card,-,-,Saturday,Dinner,Less sugar
1029,C196,Amber Schaefer,2025-01-03 19:39,Takeaway,Beverage,Iced Tea,2,10.15,20.3,Cash,-,-,Friday,Dinner,Dressing on the side
1030,C215,Levi Kline,2025-01-22 17:39,Delivery,Beverage,Mojito,3,14.28,42.84,Card,-,-,Wednesday,Dinner,Skim milk
1031,C305,Richard Kennedy,2025-02-26 18:00,Takeaway,Beverage,Mineral Water,2,18.04,36.08,Cash,-,-,Wednesday,Dinner,No onions
1032,C311,Andrew Herrera,2025-03-16 10:39,Delivery,Food,Pasta Alfredo,1,4.14,4.14,Card,-,-,Sunday,Lunch,Extra ice
1033,C674,Robert Pugh,2025-05-05 10:44,Delivery,Food,Grilled Chicken,2,13.75,27.5,Mobile Payment,-,-,Monday,Lunch,Extra cheese
1034,C460,Marie Mcfarland,2025-05-04 12:42,Dine-In,Beverage,Mineral Water,2,8.37,16.74,Mobile Payment,Alice,15,Sunday,Lunch,Less sugar
1035,C936,Ashley Mosley,2025-02-11 12:26,Delivery,Beverage,Fresh Orange Juice,1,10.47,10.47,Card,-,-,Tuesday,Lunch,Dressing on the side
1036,C068,Rachel Gonzalez,2025-03-31 17:43,Takeaway,Food,Sushi Roll,3,3.56,10.68,Cash,-,-,Monday,Dinner,Less sugar
1037,C888,Eric Johnson,2025-10-11 17:54,Delivery,Beverage,Latte,1,11.57,11.57,Card,-,-,Saturday,Dinner,Skim milk
1038,C089,Jason Hall,2025-11-11 10:20,Dine-In,Beverage,Latte,2,13.9,27.8,Cash,Daniel,6,Tuesday,Lunch,Less sugar
1039,C520,Karen Snyder,2025-11-13 11:20,Takeaway,Food,Pasta Alfredo,1,11.79,11.79,Card,-,-,Thursday,Lunch,Extra ice
1040,C912,Nicole Brooks,2025-03-28 11:54,Delivery,Beverage,Fresh Orange Juice,1,17.12,17.12,Mobile Payment,-,-,Friday,Lunch,No onions
1041,C966,Tanya Russell,2025-08-06 18:49,Dine-In,Beverage,Mineral Water,3,13.13,39.39,Card,Alice,7,Wednesday,Dinner,No onions
1042,C728,Debra Daniels,2025-11-15 13:03,Dine-In,Beverage,Fresh Orange Juice,2,7.27,14.54,Cash,Michael,7,Saturday,Lunch,Extra cheese
1043,C369,Anthony Harris,2025-05-27 14:50,Dine-In,Food,Caesar Salad,3,17.39,52.17,Card,Daniel,15,Tuesday,Lunch,Extra cheese
1044,C968,Courtney Stuart,2025-05-22 23:05,Delivery,Beverage,Cappuccino,1,16.76,16.76,Cash,-,-,Thursday,Late Night,Gluten-free
1045,C371,Deborah Griffin,2025-03-20 18:34,Takeaway,Beverage,Iced Tea,3,17.43,52.29,Cash,-,-,Thursday,Dinner,Skim milk
1046,C647,Lisa Henderson,2025-12-06 23:54,Takeaway,Food,Grilled Chicken,3,5.57,16.71,Cash,-,-,Saturday,Late Night,Dressing on the side
1047,C487,Mary Green,2025-09-07 12:13,Delivery,Beverage,Cappuccino,1,8.44,8.44,Card,-,-,Sunday,Lunch,Gluten-free
1048,C264,Nathan Clark,2025-03-31 10:31,Dine-In,Beverage,Fresh Orange Juice,2,12.37,24.74,Cash,Michael,11,Monday,Lunch,No onions
1049,C766,Christopher Higgins,2025-02-02 14:51,Delivery,Beverage,Mojito,3,10.43,31.29,Mobile Payment,-,-,Sunday,Lunch,Gluten-free
1050,C333,Cameron Lowe,2025-10-28 23:55,Dine-In,Beverage,Latte,3,18.79,56.37,Card,Sophia,13,Tuesday,Late Night,No onions
1051,C696,Daniel Palmer,2025-01-22 21:03,Dine-In,Beverage,Green Smoothie,2,10.09,20.18,Mobile Payment,Michael,5,Wednesday,Dinner,Skim milk
1052,C535,Kellie Webster,2025-09-09 11:24,Delivery,Food,Sushi Roll,2,7.19,14.38,Mobile Payment,-,-,Tuesday,Lunch,Gluten-free
1053,C732,Danielle Phillips,2025-02-06 14:45,Delivery,Food,Sushi Roll,3,8.73,26.19,Card,-,-,Thursday,Lunch,No onions
1054,C057,Amy Williams,2025-05-25 17:14,Dine-In,Food,Margherita Pizza,2,16.86,33.72,Mobile Payment,Robert,17,Sunday,Dinner,Extra cheese
1055,C205,Scott Villegas,2025-09-28 07:38,Takeaway,Beverage,Fresh Orange Juice,3,11.29,33.87,Cash,-,-,Sunday,Breakfast,
1056,C030,Tami Harrell,2025-03-28 11:21,Delivery,Beverage,Fresh Orange Juice,1,13.62,13.62,Card,-,-,Friday,Lunch,Gluten-free
1057,C536,April Meyer,2025-11-25 18:42,Takeaway,Beverage,Green Smoothie,1,18.3,18.3,Card,-,-,Tuesday,Dinner,Dressing on the side
1058,C462,William Gentry,2025-09-08 18:02,Delivery,Beverage,Fresh Orange Juice,3,10.28,30.84,Mobile Payment,-,-,Monday,Dinner,Less sugar
1059,C032,Stacey Osborne,2025-01-28 18:21,Delivery,Beverage,Mineral Water,1,3.41,3.41,Card,-,-,Tuesday,Dinner,Gluten-free
1060,C126,Amanda Brown,2025-11-21 23:12,Dine-In,Food,Veggie Sandwich,2,8.07,16.14,Card,Daniel,10,Friday,Late Night,Gluten-free
1061,C201,Robin Williams,2025-02-13 19:46,Takeaway,Food,Grilled Chicken,2,15.37,30.74,Mobile Payment,-,-,Thursday,Dinner,No cheese
1062,C071,Randy Nguyen,2025-11-27 13:56,Dine-In,Beverage,Iced Tea,3,16.66,49.98,Card,Alice,18,Thursday,Lunch,Less sugar
1063,C073,Michael Moreno,2025-11-13 22:15,Dine-In,Food,Veggie Sandwich,3,13.37,40.11,Mobile Payment,Daniel,20,Thursday,Late Night,Less sugar
1064,C061,Pamela Adams,2025-06-19 21:58,Delivery,Beverage,Iced Tea,2,18.58,37.16,Mobile Payment,-,-,Thursday,Dinner,No cheese
1065,C265,Christina Robinson,2025-11-14 18:17,Delivery,Beverage,Mojito,2,17.63,35.26,Cash,-,-,Friday,Dinner,Extra cheese
1066,C415,Sheila Mcgrath,2025-01-28 13:57,Delivery,Food,Margherita Pizza,1,16.38,16.38,Cash,-,-,Tuesday,Lunch,
1067,C657,Joshua Good,2025-12-25 23:08,Dine-In,Beverage,Iced Tea,1,18.37,18.37,Card,Alice,12,Thursday,Late Night,Dressing on the side
1068,C732,Kelsey Peterson,2025-02-06 23:08,Delivery,Beverage,Cappuccino,1,9.95,9.95,Card,-,-,Thursday,Late Night,
1069,C409,William Kelly,2025-11-29 07:45,Delivery,Beverage,Cappuccino,1,16.17,16.17,Cash,-,-,Saturday,Breakfast,No onions
1070,C834,Jason Robinson,2025-11-04 17:46,Dine-In,Beverage,Latte,2,6.53,13.06,Cash,Michael,16,Tuesday,Dinner,No onions
1071,C110,Tonya Munoz,2025-06-19 08:27,Delivery,Food,Caesar Salad,3,7.83,23.49,Cash,-,-,Thursday,Breakfast,Less sugar
1072,C147,Kimberly Ford DDS,2025-01-20 23:39,Delivery,Beverage,Fresh Orange Juice,1,19.52,19.52,Mobile Payment,-,-,Monday,Late Night,No cheese
1073,C763,Sally Espinoza,2025-10-14 08:17,Delivery,Food,Caesar Salad,2,11.32,22.64,Mobile Payment,-,-,Tuesday,Breakfast,No cheese
1074,C857,Heather Harding,2025-02-11 18:06,Takeaway,Food,Beef Burger,2,7.76,15.52,Card,-,-,Tuesday,Dinner,Less sugar
1075,C962,Catherine Davis,2025-01-02 12:57,Delivery,Beverage,Green Smoothie,2,16.92,33.84,Card,-,-,Thursday,Lunch,Extra ice
1076,C476,Holly Johnson,2025-02-11 14:49,Takeaway,Beverage,Mineral Water,1,16.04,16.04,Card,-,-,Tuesday,Lunch,
1077,C516,Christopher Summers,2025-04-13 12:46,Takeaway,Food,Sushi Roll,3,4.64,13.92,Cash,-,-,Sunday,Lunch,Extra ice
1078,C139,Stacie Dominguez,2025-09-18 23:47,Dine-In,Food,Sushi Roll,3,12.86,38.58,Card,Robert,1,Thursday,Late Night,No cheese
1079,C077,Robin Patton,2025-08-01 12:45,Dine-In,Beverage,Fresh Orange Juice,2,17.17,34.34,Mobile Payment,Sophia,3,Friday,Lunch,
1080,C461,Christopher Gregory,2025-02-26 14:41,Delivery,Beverage,Latte,1,12.39,12.39,Mobile Payment,-,-,Wednesday,Lunch,No cheese
1081,C779,Tracy Young,2025-02-19 19:01,Takeaway,Beverage,Mojito,2,8.49,16.98,Card,-,-,Wednesday,Dinner,No onions
1082,C118,Joshua Ross,2025-03-02 17:08,Delivery,Beverage,Mineral Water,1,3.48,3.48,Cash,-,-,Sunday,Dinner,Less sugar
1083,C864,Sharon Mcclure,2025-07-30 20:58,Delivery,Beverage,Iced Tea,2,12.67,25.34,Cash,-,-,Wednesday,Dinner,Gluten-free
1084,C725,Julie Gregory,2025-08-18 10:06,Delivery,Food,Veggie Sandwich,3,19.4,58.2,Card,-,-,Monday,Lunch,
1085,C087,Karen Bryan,2025-06-03 19:58,Delivery,Beverage,Latte,1,10.81,10.81,Cash,-,-,Tuesday,Dinner,
1086,C936,Danielle Campbell,2025-02-11 07:45,Takeaway,Beverage,Mojito,1,5.07,5.07,Mobile Payment,-,-,Tuesday,Breakfast,Dressing on the side
1087,C970,Kimberly Ayala,2025-08-17 21:51,Takeaway,Beverage,Latte,1,15.54,15.54,Card,-,-,Sunday,Dinner,Gluten-free
1088,C948,Alejandro Powers,2025-11-24 22:30,Dine-In,Beverage,Iced Tea,3,13.54,40.62,Cash,Robert,5,Monday,Late Night,No cheese
1089,C203,Veronica Henry,2025-09-04 10:52,Delivery,Food,Veggie Sandwich,2,9.71,19.42,Cash,-,-,Thursday,Lunch,Dressing on the side
1090,C812,Sabrina Daniels,2025-01-02 14:11,Delivery,Beverage,Iced Tea,3,15.02,45.06,Mobile Payment,-,-,Thursday,Lunch,Less sugar
1091,C539,David Sanchez,2025-07-27 21:49,Delivery,Food,Beef Burger,1,7.43,7.43,Card,-,-,Sunday,Dinner,Extra cheese
1092,C009,Kevin Donovan,2025-10-10 22:10,Dine-In,Beverage,Fresh Orange Juice,2,13.58,27.16,Cash,Daniel,11,Friday,Late Night,Gluten-free
1093,C273,Jeremy Mcintyre,2025-08-08 10:07,Delivery,Food,Margherita Pizza,2,7.55,15.1,Card,-,-,Friday,Lunch,Extra ice
1094,C383,Mark Zimmerman,2025-02-06 23:00,Delivery,Food,Caesar Salad,1,12.4,12.4,Cash,-,-,Thursday,Late Night,Skim milk
1095,C984,Lisa Padilla,2025-08-11 14:48,Takeaway,Food,Beef Burger,3,4.06,12.18,Mobile Payment,-,-,Monday,Lunch,No cheese
1096,C997,Joanna Davis,2025-04-22 11:47,Dine-In,Beverage,Latte,3,8.61,25.83,Mobile Payment,Alice,15,Tuesday,Lunch,No onions
1097,C898,Daniel Grant,2025-02-25 23:11,Dine-In,Beverage,Latte,1,16.14,16.14,Card,Alice,5,Tuesday,Late Night,Dressing on the side
1098,C146,Maureen Bean,2025-12-05 14:27,Takeaway,Food,Sushi Roll,2,18.82,37.64,Card,-,-,Friday,Lunch,No cheese
1099,C493,Tamara Stafford,2025-01-04 14:58,Dine-In,Beverage,Mineral Water,2,13.18,26.36,Card,Alice,17,Saturday,Lunch,Less sugar
1100,C887,Danielle Nelson,2025-11-12 06:18,Dine-In,Beverage,Iced Tea,2,17.18,34.36,Cash,Alice,15,Wednesday,Breakfast,Gluten-free
1101,C040,Tony Clayton,2025-01-01 11:51,Dine-In,Food,Margherita Pizza,3,9.33,27.99,Mobile Payment,Michael,6,Wednesday,Lunch,
1102,C965,Lori Walker,2025-02-11 18:40,Takeaway,Beverage,Mineral Water,2,12.02,24.04,Cash,-,-,Tuesday,Dinner,Extra ice
1103,C374,Angela Schwartz,2025-04-07 08:35,Delivery,Beverage,Iced Tea,2,11.52,23.04,Card,-,-,Monday,Breakfast,
1104,C117,Katie Leonard,2025-08-29 11:04,Dine-In,Beverage,Mojito,1,14.14,14.14,Mobile Payment,Sophia,10,Friday,Lunch,Extra ice
1105,C332,Ricky Adams,2025-11-17 21:55,Takeaway,Food,Sushi Roll,3,7.46,22.38,Cash,-,-,Monday,Dinner,Dressing on the side
1106,C999,Mr. Nicholas Freeman,2025-08-25 07:56,Dine-In,Food,Margherita Pizza,3,10.57,31.71,Mobile Payment,Alice,19,Monday,Breakfast,No onions
1107,C127,Daniel Watson,2025-03-22 11:26,Dine-In,Food,Margherita Pizza,3,9.09,27.27,Card,Michael,2,Saturday,Lunch,No cheese
1108,C876,Valerie Shepherd,2025-04-20 17:17,Delivery,Beverage,Cappuccino,3,8.31,24.93,Cash,-,-,Sunday,Dinner,Dressing on the side
1109,C830,Mrs. Heather Thomas,2025-07-21 20:08,Takeaway,Food,Veggie Sandwich,3,4.66,13.98,Mobile Payment,-,-,Monday,Dinner,Extra ice
1110,C808,Brian Rojas,2025-07-03 11:45,Takeaway,Food,Margherita Pizza,3,13.39,40.17,Mobile Payment,-,-,Thursday,Lunch,Skim milk
1111,C700,Malik Taylor,2025-12-07 23:04,Takeaway,Food,Caesar Salad,1,18.29,18.29,Cash,-,-,Sunday,Late Night,Dressing on the side
1112,C342,Rhonda Middleton,2025-01-27 19:15,Dine-In,Food,Caesar Salad,3,8.8,26.4,Cash,Alice,13,Monday,Dinner,Dressing on the side
1113,C880,Cynthia Barrett,2025-05-27 13:57,Delivery,Food,Margherita Pizza,3,4.98,14.94,Cash,-,-,Tuesday,Lunch,No onions
1114,C585,Clinton Hernandez,2025-12-08 06:19,Delivery,Beverage,Latte,3,4.35,13.05,Card,-,-,Monday,Breakfast,Gluten-free
1115,C286,Jessica Stephens,2025-09-19 20:02,Delivery,Beverage,Latte,3,16.09,48.27,Cash,-,-,Friday,Dinner,Extra ice
1116,C208,Stephanie Fox,2025-09-17 09:49,Takeaway,Food,Pasta Alfredo,3,14.9,44.7,Card,-,-,Wednesday,Breakfast,Extra ice
1117,C021,Robert Cox,2025-04-02 12:36,Delivery,Food,Sushi Roll,1,19.82,19.82,Card,-,-,Wednesday,Lunch,No onions
1118,C277,Roger Cummings,2025-06-24 21:12,Dine-In,Beverage,Iced Tea,2,15.81,31.62,Mobile Payment,Sophia,7,Tuesday,Dinner,Extra cheese
1119,C654,Patrick Barrett,2025-06-13 09:47,Dine-In,Food,Sushi Roll,3,9.01,27.03,Mobile Payment,Daniel,20,Friday,Breakfast,Gluten-free
1120,C660,Gregory Rogers,2025-01-28 23:20,Dine-In,Beverage,Cappuccino,3,12.04,36.12,Card,Robert,7,Tuesday,Late Night,Gluten-free
1121,C540,Jeanne Patterson,2025-07-11 10:38,Dine-In,Food,Margherita Pizza,2,5.85,11.7,Mobile Payment,Alice,1,Friday,Lunch,Extra ice
1122,C120,Samuel Beck,2025-07-28 19:18,Delivery,Food,Margherita Pizza,2,13.78,27.56,Mobile Payment,-,-,Monday,Dinner,Extra ice
1123,C702,Raven Neal,2025-04-20 10:27,Delivery,Beverage,Mineral Water,1,17.74,17.74,Card,-,-,Sunday,Lunch,
1124,C904,Robert Young,2025-05-10 07:50,Delivery,Food,Margherita Pizza,3,14.3,42.9,Cash,-,-,Saturday,Breakfast,Extra ice
1125,C587,Andrew Johnson,2025-09-02 22:24,Delivery,Food,Sushi Roll,1,17.14,17.14,Mobile Payment,-,-,Tuesday,Late Night,Gluten-free
1126,C895,Valerie Jordan,2025-09-11 11:53,Delivery,Food,Caesar Salad,2,10.41,20.82,Mobile Payment,-,-,Thursday,Lunch,
1127,C839,Jennifer Andrade,2025-04-20 17:37,Takeaway,Food,Veggie Sandwich,2,9.57,19.14,Card,-,-,Sunday,Dinner,
1128,C677,Kathryn Garcia,2025-08-06 18:22,Takeaway,Beverage,Latte,2,8.89,17.78,Mobile Payment,-,-,Wednesday,Dinner,
1129,C432,Julie Smith,2025-01-03 17:21,Dine-In,Food,Beef Burger,3,9.29,27.87,Cash,Robert,20,Friday,Dinner,Gluten-free
1130,C747,Michael Peterson,2025-10-03 21:00,Delivery,Beverage,Fresh Orange Juice,2,16.8,33.6,Cash,-,-,Friday,Dinner,No cheese
1131,C060,Tiffany Booth,2025-02-23 21:32,Delivery,Beverage,Iced Tea,2,16.16,32.32,Mobile Payment,-,-,Sunday,Dinner,No cheese
1132,C114,Douglas Wiggins,2025-04-30 11:59,Dine-In,Food,Grilled Chicken,2,6.79,13.58,Card,Daniel,5,Wednesday,Lunch,
1133,C853,Kathy French,2025-07-31 19:01,Takeaway,Beverage,Iced Tea,2,17.66,35.32,Card,-,-,Thursday,Dinner,No cheese
1134,C224,Mark Jones,2025-05-14 08:58,Dine-In,Food,Beef Burger,3,10.57,31.71,Cash,Robert,10,Wednesday,Breakfast,Gluten-free
1135,C028,Isabella Barber,2025-09-11 22:10,Delivery,Food,Veggie Sandwich,1,14.13,14.13,Card,-,-,Thursday,Late Night,Skim milk
1136,C881,Amanda Dunn,2025-07-24 14:46,Delivery,Food,Pasta Alfredo,1,13.25,13.25,Card,-,-,Thursday,Lunch,Extra cheese
1137,C743,Thomas Flores,2025-11-14 14:07,Dine-In,Food,Margherita Pizza,1,18.74,18.74,Mobile Payment,Daniel,3,Friday,Lunch,Dressing on the side
1138,C668,Ellen Le,2025-02-17 21:51,Takeaway,Beverage,Iced Tea,3,10.42,31.26,Mobile Payment,-,-,Monday,Dinner,Extra ice
1139,C235,Melissa Lucas,2025-12-18 22:38,Delivery,Food,Caesar Salad,1,19.32,19.32,Cash,-,-,Thursday,Late Night,No onions
1140,C008,Ann Gray,2025-06-09 07:13,Delivery,Food,Margherita Pizza,1,12.33,12.33,Mobile Payment,-,-,Monday,Breakfast,
1141,C607,Beth Rodriguez,2025-10-13 11:22,Delivery,Beverage,Green Smoothie,2,15.5,31.0,Mobile Payment,-,-,Monday,Lunch,No cheese
1142,C607,Susan Barr,2025-10-13 21:28,Takeaway,Beverage,Cappuccino,2,4.4,8.8,Cash,-,-,Monday,Dinner,Dressing on the side
1143,C978,Martin Alvarado,2025-09-15 22:52,Dine-In,Beverage,Cappuccino,1,6.46,6.46,Card,Sophia,8,Monday,Late Night,Less sugar
1144,C029,Karen Walker,2025-01-07 14:49,Dine-In,Food,Veggie Sandwich,3,19.38,58.14,Card,Sophia,15,Tuesday,Lunch,
1145,C662,Mark Gutierrez,2025-02-15 22:10,Takeaway,Beverage,Fresh Orange Juice,2,7.03,14.06,Card,-,-,Saturday,Late Night,Less sugar
1146,C089,Gregory Ray,2025-11-11 18:15,Takeaway,Beverage,Green Smoothie,3,8.41,25.23,Mobile Payment,-,-,Tuesday,Dinner,No onions
1147,C223,Mike Wright,2025-09-19 14:21,Dine-In,Beverage,Cappuccino,3,16.65,49.95,Mobile Payment,Robert,11,Friday,Lunch,No cheese
1148,C106,Brian Kelly,2025-03-02 07:07,Takeaway,Food,Veggie Sandwich,1,14.91,14.91,Mobile Payment,-,-,Sunday,Breakfast,
1149,C138,Emily Miller,2025-12-12 06:59,Takeaway,Food,Veggie Sandwich,2,4.85,9.7,Card,-,-,Friday,Breakfast,Dressing on the side
1150,C485,Joshua Hamilton,2025-09-28 18:14,Takeaway,Beverage,Iced Tea,1,12.61,12.61,Card,-,-,Sunday,Dinner,No cheese
1151,C812,Marilyn Smith,2025-01-02 20:58,Dine-In,Food,Sushi Roll,1,15.62,15.62,Card,Alice,18,Thursday,Dinner,Extra ice
1152,C979,Robert Ellis,2025-09-28 22:08,Takeaway,Food,Grilled Chicken,3,19.41,58.23,Card,-,-,Sunday,Late Night,Extra ice
1153,C904,John Weber,2025-05-10 06:57,Takeaway,Beverage,Latte,3,11.27,33.81,Mobile Payment,-,-,Saturday,Breakfast,Extra cheese
1154,C185,Richard Gilbert,2025-09-08 21:57,Dine-In,Beverage,Iced Tea,3,12.45,37.35,Cash,Robert,4,Monday,Dinner,No onions
1155,C862,Ms. Jordan Walter DVM,2025-06-10 18:50,Delivery,Food,Sushi Roll,1,13.95,13.95,Card,-,-,Tuesday,Dinner,Extra cheese
1156,C418,Alexis Rodriguez,2025-08-03 09:20,Dine-In,Beverage,Latte,2,18.9,37.8,Card,Sophia,12,Sunday,Breakfast,Extra ice
1157,C852,Brian Hubbard,2025-10-02 17:34,Delivery,Food,Beef Burger,1,3.3,3.3,Card,-,-,Thursday,Dinner,Dressing on the side
1158,C077,Brittney Allen,2025-08-01 13:22,Delivery,Food,Sushi Roll,3,13.03,39.09,Cash,-,-,Friday,Lunch,Gluten-free
1159,C871,Rachael Krueger,2025-07-18 06:15,Takeaway,Food,Sushi Roll,2,16.11,32.22,Cash,-,-,Friday,Breakfast,Skim milk
1160,C421,Kenneth Allen,2025-09-23 06:39,Dine-In,Food,Caesar Salad,3,15.45,46.35,Cash,Michael,4,Tuesday,Breakfast,Gluten-free
1161,C837,Angelica Dunlap,2025-02-26 11:29,Takeaway,Beverage,Mojito,1,15.77,15.77,Cash,-,-,Wednesday,Lunch,Less sugar
1162,C331,Robin Phillips,2025-01-27 08:16,Takeaway,Food,Margherita Pizza,2,19.03,38.06,Cash,-,-,Monday,Breakfast,Extra cheese
1163,C959,James Mendoza,2025-05-06 23:17,Delivery,Beverage,Latte,1,3.71,3.71,Mobile Payment,-,-,Tuesday,Late Night,No cheese
1164,C840,Stephanie Smith,2025-10-08 06:46,Takeaway,Beverage,Mojito,2,14.37,28.74,Card,-,-,Wednesday,Breakfast,Dressing on the side
1165,C367,Lindsey Parker,2025-09-27 17:09,Delivery,Food,Veggie Sandwich,3,11.99,35.97,Mobile Payment,-,-,Saturday,Dinner,Skim milk
1166,C380,Sharon Le,2025-07-20 22:55,Takeaway,Food,Pasta Alfredo,1,8.45,8.45,Mobile Payment,-,-,Sunday,Late Night,Extra cheese
1167,C349,Julie Ramsey,2025-04-12 21:44,Dine-In,Food,Pasta Alfredo,1,13.81,13.81,Card,Sophia,11,Saturday,Dinner,No cheese
1168,C215,Ashley Simpson,2025-01-22 20:56,Takeaway,Food,Grilled Chicken,1,12.25,12.25,Mobile Payment,-,-,Wednesday,Dinner,
1169,C979,Derek Martinez,2025-09-28 10:28,Dine-In,Food,Grilled Chicken,2,6.13,12.26,Cash,Robert,19,Sunday,Lunch,Dressing on the side
1170,C025,Deanna Moore,2025-04-17 19:12,Delivery,Food,Grilled Chicken,1,15.42,15.42,Cash,-,-,Thursday,Dinner,
1171,C859,Anthony Anderson,2025-08-14 13:45,Dine-In,Beverage,Fresh Orange Juice,1,12.17,12.17,Mobile Payment,Michael,12,Thursday,Lunch,Dressing on the side
1172,C269,Brian Taylor,2025-05-08 06:39,Takeaway,Food,Margherita Pizza,2,12.08,24.16,Card,-,-,Thursday,Breakfast,Dressing on the side
1173,C502,Angela Saunders,2025-07-24 14:34,Dine-In,Food,Grilled Chicken,3,5.55,16.65,Mobile Payment,Sophia,18,Thursday,Lunch,Dressing on the side
1174,C500,Vincent Day,2025-01-02 13:39,Dine-In,Beverage,Cappuccino,1,6.94,6.94,Card,Robert,13,Thursday,Lunch,No onions
1175,C489,Jessica Adams,2025-12-21 18:11,Delivery,Food,Pasta Alfredo,1,15.71,15.71,Card,-,-,Sunday,Dinner,No cheese
1176,C515,Jorge Jones,2025-01-07 10:53,Delivery,Food,Veggie Sandwich,2,5.21,10.42,Card,-,-,Tuesday,Lunch,Skim milk
1177,C300,Eric Brown,2025-03-20 11:27,Takeaway,Food,Caesar Salad,1,17.78,17.78,Cash,-,-,Thursday,Lunch,Extra ice
1178,C782,Rebecca Franklin,2025-09-09 22:03,Delivery,Food,Caesar Salad,3,7.75,23.25,Cash,-,-,Tuesday,Late Night,Extra ice
1179,C485,Dr. Jesus Mason MD,2025-09-28 22:23,Dine-In,Food,Sushi Roll,1,3.81,3.81,Card,Alice,3,Sunday,Late Night,No cheese
1180,C604,Timothy Martinez,2025-05-27 13:44,Takeaway,Food,Beef Burger,2,19.39,38.78,Cash,-,-,Tuesday,Lunch,Dressing on the side
1181,C119,David Taylor,2025-06-25 11:45,Takeaway,Food,Margherita Pizza,3,18.58,55.74,Mobile Payment,-,-,Wednesday,Lunch,Dressing on the side
1182,C722,Lisa Ross,2025-11-09 11:10,Takeaway,Beverage,Mojito,1,15.75,15.75,Card,-,-,Sunday,Lunch,
1183,C227,David Brown,2025-08-29 18:22,Dine-In,Food,Sushi Roll,3,4.22,12.66,Card,Alice,17,Friday,Dinner,Extra cheese
1184,C480,Lawrence Stewart,2025-07-16 13:17,Takeaway,Food,Beef Burger,3,6.34,19.02,Card,-,-,Wednesday,Lunch,Extra cheese
1185,C994,Vicki Bryant,2025-07-24 11:17,Delivery,Food,Veggie Sandwich,1,4.01,4.01,Cash,-,-,Thursday,Lunch,No onions
1186,C316,Richard Mathis,2025-11-06 18:09,Dine-In,Beverage,Mojito,1,16.64,16.64,Mobile Payment,Daniel,7,Thursday,Dinner,Gluten-free
1187,C648,William Freeman,2025-08-05 11:18,Dine-In,Food,Beef Burger,3,19.93,59.79,Cash,Michael,12,Tuesday,Lunch,No onions
1188,C530,George Garrett,2025-07-27 06:22,Takeaway,Food,Beef Burger,1,4.93,4.93,Mobile Payment,-,-,Sunday,Breakfast,No cheese
1189,C778,David Day,2025-10-25 06:40,Takeaway,Food,Sushi Roll,3,18.95,56.85,Mobile Payment,-,-,Saturday,Breakfast,Gluten-free
1190,C428,Riley Mclaughlin,2025-12-24 18:58,Dine-In,Beverage,Mineral Water,2,9.82,19.64,Mobile Payment,Robert,7,Wednesday,Dinner,
1191,C900,Allison Byrd,2025-07-28 22:01,Delivery,Food,Veggie Sandwich,1,19.87,19.87,Cash,-,-,Monday,Late Night,Extra cheese
1192,C198,Robin Adams,2025-03-22 14:28,Takeaway,Food,Margherita Pizza,1,11.16,11.16,Card,-,-,Saturday,Lunch,Extra ice
1193,C499,Lisa Sampson,2025-08-14 10:30,Delivery,Beverage,Fresh Orange Juice,3,16.95,50.85,Cash,-,-,Thursday,Lunch,Extra cheese
1194,C975,Sharon Young,2025-07-18 10:01,Takeaway,Food,Grilled Chicken,1,3.33,3.33,Cash,-,-,Friday,Lunch,Gluten-free
1195,C176,Stanley Romero,2025-08-28 18:50,Delivery,Food,Caesar Salad,2,16.35,32.7,Card,-,-,Thursday,Dinner,No onions
1196,C921,Daniel Thornton,2025-01-03 21:26,Delivery,Food,Beef Burger,1,13.99,13.99,Mobile Payment,-,-,Friday,Dinner,No cheese
1197,C164,Faith Whitaker,2025-01-02 17:32,Delivery,Food,Caesar Salad,1,8.42,8.42,Card,-,-,Thursday,Dinner,Gluten-free
1198,C036,Joseph Tran,2025-07-26 11:39,Dine-In,Beverage,Mineral Water,1,17.28,17.28,Mobile Payment,Sophia,11,Saturday,Lunch,Extra ice
1199,C745,Nathan Reed,2025-10-26 18:30,Delivery,Beverage,Iced Tea,3,5.61,16.83,Mobile Payment,-,-,Sunday,Dinner,No onions
1200,C641,Bryan Wilson,2025-01-25 21:14,Takeaway,Beverage,Mojito,3,3.89,11.67,Mobile Payment,-,-,Saturday,Dinner,
1201,C714,Anthony Mason,2025-03-08 10:06,Delivery,Food,Grilled Chicken,1,15.3,15.3,Card,-,-,Saturday,Lunch,
1202,C264,Ryan Bond,2025-03-31 07:12,Dine-In,Beverage,Mojito,1,4.15,4.15,Mobile Payment,Michael,1,Monday,Breakfast,No cheese
1203,C299,Diana Gonzalez,2025-08-11 13:40,Delivery,Food,Veggie Sandwich,1,9.87,9.87,Card,-,-,Monday,Lunch,
1204,C905,Valerie Watts,2025-03-24 18:01,Delivery,Beverage,Mineral Water,3,6.55,19.65,Cash,-,-,Monday,Dinner,Extra cheese
1205,C076,Jodi Russell,2025-06-25 18:24,Delivery,Beverage,Fresh Orange Juice,3,13.94,41.82,Mobile Payment,-,-,Wednesday,Dinner,
1206,C469,Rachel French,2025-04-26 13:00,Delivery,Beverage,Cappuccino,1,14.85,14.85,Card,-,-,Saturday,Lunch,Extra cheese
1207,C285,Brian Diaz,2025-05-09 12:05,Takeaway,Food,Pasta Alfredo,1,4.17,4.17,Mobile Payment,-,-,Friday,Lunch,Extra ice
1208,C446,Anthony Rodriguez,2025-01-28 06:59,Dine-In,Food,Sushi Roll,1,4.58,4.58,Card,Alice,12,Tuesday,Breakfast,Extra cheese
1209,C224,Tyler Hart,2025-05-14 10:30,Takeaway,Beverage,Cappuccino,3,19.07,57.21,Card,-,-,Wednesday,Lunch,No cheese
1210,C208,James Walters,2025-09-17 07:47,Takeaway,Food,Beef Burger,2,19.88,39.76,Card,-,-,Wednesday,Breakfast,Skim milk
1211,C868,Mason Brown,2025-04-10 18:07,Dine-In,Beverage,Cappuccino,1,6.77,6.77,Mobile Payment,Michael,5,Thursday,Dinner,Extra cheese
1212,C307,Debbie Weaver,2025-06-02 09:56,Dine-In,Food,Sushi Roll,3,15.33,45.99,Mobile Payment,Alice,19,Monday,Breakfast,
1213,C060,Meagan Jenkins,2025-02-23 23:36,Delivery,Food,Grilled Chicken,1,4.69,4.69,Mobile Payment,-,-,Sunday,Late Night,Extra cheese
1214,C750,Jessica Morrow,2025-11-21 20:32,Dine-In,Beverage,Mineral Water,1,3.56,3.56,Cash,Robert,10,Friday,Dinner,Skim milk
1215,C802,Nichole King,2025-12-28 19:40,Dine-In,Food,Pasta Alfredo,1,12.09,12.09,Card,Daniel,14,Sunday,Dinner,No onions
1216,C699,Michelle Hill,2025-10-06 21:21,Dine-In,Beverage,Iced Tea,3,6.07,18.21,Cash,Michael,7,Monday,Dinner,
1217,C734,Stephanie Carter,2025-02-16 23:13,Dine-In,Beverage,Mojito,2,16.37,32.74,Cash,Michael,10,Sunday,Late Night,No cheese
1218,C312,Zachary Sanders,2025-11-02 18:10,Delivery,Beverage,Green Smoothie,1,13.21,13.21,Mobile Payment,-,-,Sunday,Dinner,No cheese
1219,C643,Adam Robinson,2025-07-18 08:43,Takeaway,Food,Caesar Salad,3,12.88,38.64,Cash,-,-,Friday,Breakfast,
1220,C727,William Lewis,2025-03-09 23:08,Dine-In,Beverage,Mineral Water,1,15.73,15.73,Card,Sophia,6,Sunday,Late Night,No cheese
1221,C366,Thomas Gonzales,2025-02-01 06:16,Takeaway,Beverage,Cappuccino,2,10.98,21.96,Cash,-,-,Saturday,Breakfast,No onions
1222,C187,Deanna Mendoza,2025-03-25 17:43,Dine-In,Beverage,Cappuccino,2,19.33,38.66,Cash,Michael,3,Tuesday,Dinner,Extra cheese
1223,C749,Dustin Fernandez,2025-07-02 13:27,Delivery,Beverage,Latte,2,14.89,29.78,Cash,-,-,Wednesday,Lunch,
1224,C118,Sabrina Obrien,2025-03-02 17:24,Takeaway,Beverage,Latte,2,4.64,9.28,Cash,-,-,Sunday,Dinner,Less sugar
1225,C639,Tracy Gill,2025-06-14 07:45,Takeaway,Beverage,Fresh Orange Juice,3,8.34,25.02,Cash,-,-,Saturday,Breakfast,Skim milk
1226,C845,Yolanda Carr,2025-10-22 13:41,Takeaway,Beverage,Iced Tea,2,11.35,22.7,Card,-,-,Wednesday,Lunch,No onions
1227,C477,Kayla Andrade,2025-03-19 21:30,Delivery,Food,Grilled Chicken,2,17.76,35.52,Card,-,-,Wednesday,Dinner,Dressing on the side
1228,C502,Zachary Johnson,2025-07-24 22:28,Dine-In,Beverage,Green Smoothie,1,4.99,4.99,Card,Daniel,9,Thursday,Late Night,No cheese
1229,C383,James Mitchell,2025-02-06 12:33,Takeaway,Beverage,Mojito,2,19.22,38.44,Cash,-,-,Thursday,Lunch,Less sugar
1230,C078,Kendra Ellis,2025-02-17 17:14,Dine-In,Beverage,Latte,2,17.34,34.68,Cash,Daniel,14,Monday,Dinner,Extra cheese
1231,C478,Briana Bowman,2025-05-03 21:03,Dine-In,Beverage,Latte,2,16.97,33.94,Cash,Sophia,6,Saturday,Dinner,Less sugar
1232,C787,Dr. Megan Brown,2025-10-22 14:47,Takeaway,Food,Caesar Salad,3,19.77,59.31,Cash,-,-,Wednesday,Lunch,Less sugar
1233,C750,Ethan Fox PhD,2025-11-21 06:52,Delivery,Food,Beef Burger,2,8.14,16.28,Cash,-,-,Friday,Breakfast,Less sugar
1234,C319,William Paul,2025-07-28 17:26,Takeaway,Beverage,Green Smoothie,3,7.54,22.62,Card,-,-,Monday,Dinner,Skim milk
1235,C233,Joseph Allen,2025-09-09 14:22,Delivery,Beverage,Green Smoothie,3,4.22,12.66,Card,-,-,Tuesday,Lunch,Less sugar
1236,C781,Terri Stokes,2025-08-24 13:38,Takeaway,Beverage,Cappuccino,2,12.28,24.56,Card,-,-,Sunday,Lunch,Extra cheese
1237,C222,Stephanie Le,2025-07-13 12:03,Delivery,Beverage,Green Smoothie,2,3.91,7.82,Card,-,-,Sunday,Lunch,Extra cheese
1238,C252,Madeline Huffman,2025-12-13 13:58,Takeaway,Beverage,Cappuccino,1,9.14,9.14,Cash,-,-,Saturday,Lunch,Extra cheese
1239,C505,Mary Tate,2025-11-20 13:54,Dine-In,Food,Veggie Sandwich,2,18.04,36.08,Mobile Payment,Daniel,1,Thursday,Lunch,Gluten-free
1240,C524,Nicholas Ramirez,2025-10-20 11:06,Delivery,Food,Beef Burger,2,7.4,14.8,Card,-,-,Monday,Lunch,Extra cheese
1241,C833,Amber Carter,2025-11-19 18:01,Takeaway,Food,Sushi Roll,3,4.65,13.95,Mobile Payment,-,-,Wednesday,Dinner,Less sugar
1242,C332,Preston Brandt,2025-11-17 12:52,Takeaway,Food,Beef Burger,2,9.19,18.38,Cash,-,-,Monday,Lunch,No cheese
1243,C839,Michael Jordan,2025-04-20 18:29,Takeaway,Beverage,Green Smoothie,2,19.13,38.26,Card,-,-,Sunday,Dinner,Dressing on the side
1244,C067,Carrie Stephenson,2025-04-28 23:02,Takeaway,Beverage,Latte,2,4.06,8.12,Mobile Payment,-,-,Monday,Late Night,Dressing on the side
1245,C694,Rachel Edwards,2025-10-15 17:08,Dine-In,Beverage,Green Smoothie,2,3.73,7.46,Card,Robert,15,Wednesday,Dinner,Skim milk
1246,C494,Michael Edwards,2025-11-07 23:50,Delivery,Beverage,Cappuccino,1,12.6,12.6,Card,-,-,Friday,Late Night,No cheese
1247,C964,Mr. William Rogers,2025-04-27 21:42,Dine-In,Food,Beef Burger,1,9.46,9.46,Cash,Daniel,4,Sunday,Dinner,Gluten-free
1248,C051,Daniel Lamb,2025-10-25 21:11,Takeaway,Food,Pasta Alfredo,3,12.82,38.46,Cash,-,-,Saturday,Dinner,Gluten-free
1249,C472,Mary Woods,2025-02-13 06:55,Takeaway,Beverage,Green Smoothie,2,6.27,12.54,Cash,-,-,Thursday,Breakfast,Skim milk
1250,C669,Stephanie Hernandez,2025-10-31 21:11,Dine-In,Beverage,Latte,2,13.8,27.6,Mobile Payment,Sophia,18,Friday,Dinner,Extra ice
1251,C967,Joanna Curry,2025-05-06 10:36,Dine-In,Food,Caesar Salad,2,10.74,21.48,Cash,Michael,19,Tuesday,Lunch,Extra ice
1252,C154,Lauren Hall,2025-06-18 20:42,Dine-In,Food,Margherita Pizza,2,19.24,38.48,Cash,Alice,12,Wednesday,Dinner,Less sugar
1253,C517,Jesse Taylor,2025-10-19 23:08,Dine-In,Beverage,Fresh Orange Juice,2,4.08,8.16,Mobile Payment,Sophia,8,Sunday,Late Night,No cheese
1254,C942,Robert Weber,2025-07-08 18:42,Takeaway,Beverage,Iced Tea,3,17.07,51.21,Cash,-,-,Tuesday,Dinner,Extra cheese
1255,C564,Jamie Parsons,2025-04-14 06:29,Dine-In,Food,Sushi Roll,1,13.2,13.2,Mobile Payment,Sophia,5,Monday,Breakfast,Dressing on the side
1256,C567,Madison Johnson,2025-09-19 21:08,Delivery,Beverage,Green Smoothie,1,11.89,11.89,Mobile Payment,-,-,Friday,Dinner,Skim milk
1257,C396,Carolyn Henderson,2025-06-15 23:34,Delivery,Food,Beef Burger,1,5.8,5.8,Mobile Payment,-,-,Sunday,Late Night,No cheese
1258,C830,William Smith,2025-07-21 07:41,Delivery,Beverage,Mojito,1,15.65,15.65,Cash,-,-,Monday,Breakfast,Gluten-free
1259,C929,John Allison,2025-12-16 08:54,Takeaway,Beverage,Cappuccino,1,16.79,16.79,Mobile Payment,-,-,Tuesday,Breakfast,Extra cheese
1260,C477,Heather Nguyen,2025-03-19 07:57,Takeaway,Beverage,Mineral Water,3,4.91,14.73,Card,-,-,Wednesday,Breakfast,No cheese
1261,C622,Dana Fischer,2025-01-14 20:20,Delivery,Beverage,Mojito,1,11.63,11.63,Mobile Payment,-,-,Tuesday,Dinner,Gluten-free
1262,C458,Tonya Gibson,2025-05-05 23:23,Dine-In,Beverage,Fresh Orange Juice,1,5.36,5.36,Card,Sophia,3,Monday,Late Night,Extra cheese
1263,C413,Keith Espinoza,2025-07-02 11:49,Takeaway,Beverage,Green Smoothie,3,4.34,13.02,Mobile Payment,-,-,Wednesday,Lunch,
1264,C858,Ann Doyle,2025-03-17 17:23,Dine-In,Food,Veggie Sandwich,1,13.51,13.51,Mobile Payment,Sophia,9,Monday,Dinner,Gluten-free
1265,C415,Brian Huynh,2025-01-28 06:28,Delivery,Food,Pasta Alfredo,2,7.46,14.92,Card,-,-,Tuesday,Breakfast,Extra ice
1266,C486,Daniel Nichols,2025-11-26 17:52,Dine-In,Food,Caesar Salad,3,11.94,35.82,Cash,Robert,11,Wednesday,Dinner,
1267,C830,Alicia Garcia,2025-07-21 21:08,Takeaway,Food,Beef Burger,1,5.1,5.1,Card,-,-,Monday,Dinner,Dressing on the side
1268,C225,Samantha Montgomery,2025-01-18 06:10,Delivery,Food,Sushi Roll,1,9.88,9.88,Card,-,-,Saturday,Breakfast,No cheese
1269,C844,Jeremy Peterson,2025-04-28 07:43,Dine-In,Beverage,Green Smoothie,2,3.21,6.42,Card,Michael,14,Monday,Breakfast,Skim milk
1270,C855,Deborah Mcdonald,2025-12-16 18:54,Delivery,Food,Sushi Roll,3,13.67,41.01,Mobile Payment,-,-,Tuesday,Dinner,Extra cheese
1271,C661,Tyler Thomas,2025-02-12 22:43,Dine-In,Food,Caesar Salad,1,9.1,9.1,Card,Daniel,3,Wednesday,Late Night,
1272,C222,Veronica Hanna,2025-07-13 08:48,Takeaway,Food,Beef Burger,3,18.39,55.17,Card,-,-,Sunday,Breakfast,
1273,C174,Caitlin Cohen,2025-12-21 13:12,Takeaway,Food,Veggie Sandwich,3,15.73,47.19,Mobile Payment,-,-,Sunday,Lunch,Extra ice
1274,C253,Paul Sloan,2025-08-18 11:50,Takeaway,Beverage,Mineral Water,2,9.98,19.96,Card,-,-,Monday,Lunch,Extra ice
1275,C950,Dawn Chandler,2025-05-18 14:35,Takeaway,Food,Caesar Salad,2,9.04,18.08,Mobile Payment,-,-,Sunday,Lunch,Extra ice
1276,C1000,Paul Young,2025-05-15 19:50,Delivery,Food,Veggie Sandwich,2,15.38,30.76,Card,-,-,Thursday,Dinner,Gluten-free
1277,C572,Karen Montoya MD,2025-02-27 08:31,Dine-In,Beverage,Mineral Water,1,3.42,3.42,Cash,Sophia,13,Thursday,Breakfast,Extra ice
1278,C544,Angela Watson,2025-08-16 20:59,Dine-In,Beverage,Mineral Water,2,9.41,18.82,Cash,Alice,10,Saturday,Dinner,Dressing on the side
1279,C979,Wendy Lee,2025-09-28 17:33,Dine-In,Food,Veggie Sandwich,2,12.31,24.62,Cash,Sophia,20,Sunday,Dinner,Extra ice
1280,C128,Angela Freeman,2025-05-24 18:35,Takeaway,Food,Pasta Alfredo,2,4.85,9.7,Mobile Payment,-,-,Saturday,Dinner,Skim milk
1281,C029,Brian Sherman MD,2025-01-07 13:07,Dine-In,Beverage,Mojito,1,4.17,4.17,Cash,Daniel,17,Tuesday,Lunch,
1282,C987,Tonya Webster,2025-04-05 22:35,Delivery,Beverage,Fresh Orange Juice,3,17.42,52.26,Card,-,-,Saturday,Late Night,Less sugar
1283,C243,Michael Mayer,2025-11-09 17:14,Delivery,Beverage,Iced Tea,1,8.91,8.91,Card,-,-,Sunday,Dinner,Extra cheese
1284,C097,Rhonda Martinez,2025-05-05 22:38,Delivery,Beverage,Green Smoothie,2,18.54,37.08,Mobile Payment,-,-,Monday,Late Night,Skim milk
1285,C997,Anita Johnson,2025-04-22 13:08,Dine-In,Beverage,Mojito,3,14.09,42.27,Card,Sophia,14,Tuesday,Lunch,
1286,C300,Colleen Holland,2025-03-20 11:56,Takeaway,Food,Caesar Salad,1,16.6,16.6,Cash,-,-,Thursday,Lunch,Less sugar
1287,C008,Gerald Turner,2025-06-09 17:40,Dine-In,Food,Margherita Pizza,3,19.21,57.63,Cash,Alice,18,Monday,Dinner,
1288,C145,Vanessa Barr,2025-12-07 20:31,Dine-In,Beverage,Mineral Water,3,11.46,34.38,Card,Michael,6,Sunday,Dinner,Dressing on the side
1289,C177,Christopher Blankenship,2025-03-28 12:28,Takeaway,Food,Margherita Pizza,3,18.94,56.82,Mobile Payment,-,-,Friday,Lunch,Extra cheese
1290,C283,James Obrien,2025-03-21 19:14,Delivery,Beverage,Fresh Orange Juice,1,8.91,8.91,Cash,-,-,Friday,Dinner,Extra cheese
1291,C190,Linda Cobb,2025-01-21 13:30,Dine-In,Beverage,Fresh Orange Juice,1,5.61,5.61,Card,Michael,19,Tuesday,Lunch,Dressing on the side
1292,C189,Ann Kelly,2025-04-28 21:17,Takeaway,Beverage,Mojito,1,12.34,12.34,Cash,-,-,Monday,Dinner,Skim milk
1293,C230,Anthony Wilkinson,2025-06-24 18:59,Takeaway,Beverage,Green Smoothie,3,18.0,54.0,Mobile Payment,-,-,Tuesday,Dinner,
1294,C408,Jill Baldwin,2025-03-22 23:25,Delivery,Beverage,Mineral Water,3,17.32,51.96,Cash,-,-,Saturday,Late Night,
1295,C373,Kendra Shepherd,2025-12-27 12:06,Dine-In,Beverage,Cappuccino,1,13.46,13.46,Cash,Sophia,4,Saturday,Lunch,
1296,C373,Samuel Nichols,2025-12-27 11:45,Takeaway,Beverage,Latte,2,4.73,9.46,Mobile Payment,-,-,Saturday,Lunch,Skim milk
1297,C935,Kenneth Mcdonald,2025-06-08 09:40,Delivery,Food,Grilled Chicken,3,9.97,29.91,Card,-,-,Sunday,Breakfast,Dressing on the side
1298,C526,Shannon Johnson,2025-04-27 22:17,Takeaway,Food,Caesar Salad,2,11.14,22.28,Cash,-,-,Sunday,Late Night,Extra cheese
1299,C954,Michael Haney,2025-03-27 11:40,Takeaway,Beverage,Mineral Water,2,5.28,10.56,Card,-,-,Thursday,Lunch,No cheese
1300,C678,John Powell,2025-07-25 19:51,Takeaway,Food,Grilled Chicken,2,12.72,25.44,Mobile Payment,-,-,Friday,Dinner,Less sugar
1301,C666,Stacy Davis,2025-02-06 17:19,Dine-In,Beverage,Fresh Orange Juice,3,17.79,53.37,Card,Robert,7,Thursday,Dinner,No onions
1302,C388,Connor Reed,2025-02-21 22:15,Delivery,Food,Pasta Alfredo,3,9.48,28.44,Cash,-,-,Friday,Late Night,Extra cheese
1303,C163,Robert Copeland,2025-05-07 12:33,Dine-In,Food,Beef Burger,3,17.43,52.29,Card,Alice,20,Wednesday,Lunch,Gluten-free
1304,C383,Andrew Pena,2025-02-06 23:20,Takeaway,Beverage,Mineral Water,3,9.2,27.6,Card,-,-,Thursday,Late Night,Gluten-free
1305,C461,Tanner Underwood,2025-02-26 17:45,Dine-In,Food,Sushi Roll,2,11.05,22.1,Cash,Michael,17,Wednesday,Dinner,No cheese
1306,C100,Michael Lowe,2025-01-10 11:16,Dine-In,Food,Beef Burger,3,9.79,29.37,Card,Michael,7,Friday,Lunch,Skim milk
1307,C827,Amanda Freeman,2025-12-05 23:30,Delivery,Beverage,Latte,3,8.03,24.09,Cash,-,-,Friday,Late Night,Extra cheese
1308,C393,Erin Fields,2025-08-13 23:12,Takeaway,Beverage,Green Smoothie,2,18.21,36.42,Cash,-,-,Wednesday,Late Night,Extra cheese
1309,C432,Eric Taylor,2025-01-03 18:44,Dine-In,Food,Veggie Sandwich,2,9.96,19.92,Card,Michael,6,Friday,Dinner,Extra ice
1310,C464,Ann Wright,2025-07-30 11:12,Takeaway,Beverage,Mineral Water,2,12.88,25.76,Mobile Payment,-,-,Wednesday,Lunch,Less sugar
1311,C819,Amanda Gomez,2025-10-08 21:51,Delivery,Food,Sushi Roll,3,10.88,32.64,Mobile Payment,-,-,Wednesday,Dinner,No cheese
1312,C189,David Hobbs,2025-04-28 09:54,Takeaway,Food,Pasta Alfredo,1,4.94,4.94,Cash,-,-,Monday,Breakfast,No onions
1313,C009,Megan Moore,2025-10-10 14:25,Dine-In,Food,Caesar Salad,2,11.52,23.04,Mobile Payment,Sophia,19,Friday,Lunch,Less sugar
1314,C858,Gail Lam,2025-03-17 23:30,Delivery,Food,Sushi Roll,3,9.85,29.55,Card,-,-,Monday,Late Night,Dressing on the side
1315,C123,Susan Clark,2025-03-24 18:38,Dine-In,Beverage,Cappuccino,1,13.3,13.3,Card,Michael,19,Monday,Dinner,Skim milk
1316,C049,Alexandria Mitchell,2025-03-02 07:27,Takeaway,Food,Pasta Alfredo,2,4.12,8.24,Card,-,-,Sunday,Breakfast,No onions
1317,C042,Robert Ramirez,2025-12-14 07:32,Takeaway,Food,Margherita Pizza,2,12.15,24.3,Cash,-,-,Sunday,Breakfast,No cheese
1318,C332,Clifford Gray,2025-11-17 20:36,Dine-In,Beverage,Mojito,3,16.67,50.01,Mobile Payment,Michael,20,Monday,Dinner,No cheese
1319,C058,Justin Williams,2025-06-16 23:24,Dine-In,Food,Margherita Pizza,2,5.62,11.24,Cash,Michael,2,Monday,Late Night,Less sugar
1320,C784,Nancy Hoffman,2025-09-24 08:57,Dine-In,Food,Sushi Roll,3,7.31,21.93,Card,Daniel,17,Wednesday,Breakfast,No cheese
1321,C439,Thomas Spencer,2025-09-30 09:40,Takeaway,Beverage,Mineral Water,3,9.58,28.74,Card,-,-,Tuesday,Breakfast,Less sugar
1322,C815,Laura Lewis,2025-06-02 19:24,Dine-In,Beverage,Green Smoothie,2,10.2,20.4,Cash,Michael,11,Monday,Dinner,Gluten-free
1323,C077,Monica Wyatt,2025-08-01 13:48,Takeaway,Beverage,Mineral Water,3,14.04,42.12,Card,-,-,Friday,Lunch,Extra ice
1324,C682,Chase Ali,2025-09-20 23:53,Delivery,Beverage,Green Smoothie,3,11.78,35.34,Mobile Payment,-,-,Saturday,Late Night,Gluten-free
1325,C773,Ms. Karen Taylor,2025-01-27 12:34,Delivery,Beverage,Iced Tea,1,19.74,19.74,Card,-,-,Monday,Lunch,Extra cheese
1326,C260,Charles Howard,2025-12-09 13:26,Delivery,Food,Grilled Chicken,1,3.05,3.05,Card,-,-,Tuesday,Lunch,Dressing on the side
1327,C030,Kristi Garcia,2025-03-28 12:29,Dine-In,Beverage,Mineral Water,1,18.1,18.1,Mobile Payment,Robert,14,Friday,Lunch,Gluten-free
1328,C981,Maria Odom,2025-08-15 09:21,Takeaway,Beverage,Iced Tea,2,17.64,35.28,Card,-,-,Friday,Breakfast,Extra cheese
1329,C985,Shannon Berger,2025-01-21 22:00,Dine-In,Beverage,Mineral Water,3,18.46,55.38,Mobile Payment,Alice,5,Tuesday,Late Night,Skim milk
1330,C777,Isaac Odonnell MD,2025-05-09 11:11,Delivery,Food,Grilled Chicken,3,13.2,39.6,Mobile Payment,-,-,Friday,Lunch,Extra cheese
1331,C873,Brenda Lee,2025-07-29 06:44,Takeaway,Food,Caesar Salad,3,11.34,34.02,Card,-,-,Tuesday,Breakfast,No cheese
1332,C890,Sheryl Herrera,2025-06-24 09:10,Takeaway,Beverage,Green Smoothie,1,8.38,8.38,Cash,-,-,Tuesday,Breakfast,
1333,C928,Alexa Harris,2025-02-23 08:01,Dine-In,Beverage,Latte,2,15.21,30.42,Card,Robert,16,Sunday,Breakfast,Less sugar
1334,C838,Michael Gonzalez,2025-08-23 07:36,Dine-In,Beverage,Iced Tea,3,14.06,42.18,Card,Alice,12,Saturday,Breakfast,No onions
1335,C281,Clifford Brown,2025-06-26 19:15,Delivery,Beverage,Mojito,2,6.94,13.88,Mobile Payment,-,-,Thursday,Dinner,Skim milk
1336,C254,Kevin Ramos,2025-10-04 13:17,Takeaway,Food,Beef Burger,2,10.08,20.16,Card,-,-,Saturday,Lunch,Gluten-free
1337,C223,Eric Rogers,2025-09-19 07:10,Dine-In,Beverage,Green Smoothie,3,7.63,22.89,Mobile Payment,Michael,10,Friday,Breakfast,Gluten-free
1338,C614,Michael Williams,2025-06-22 20:10,Takeaway,Food,Pasta Alfredo,2,14.52,29.04,Card,-,-,Sunday,Dinner,Dressing on the side
1339,C625,Joshua Luna,2025-02-11 12:46,Delivery,Beverage,Iced Tea,2,17.44,34.88,Card,-,-,Tuesday,Lunch,Skim milk
1340,C629,Laura Lynch,2025-09-05 21:52,Dine-In,Food,Sushi Roll,3,10.97,32.91,Mobile Payment,Sophia,9,Friday,Dinner,Gluten-free
1341,C474,Melanie Sheppard,2025-10-28 17:46,Delivery,Food,Grilled Chicken,3,13.55,40.65,Cash,-,-,Tuesday,Dinner,No onions
1342,C697,Jacqueline Perez,2025-10-26 11:55,Dine-In,Food,Sushi Roll,3,11.82,35.46,Cash,Sophia,3,Sunday,Lunch,
1343,C192,Linda Meyer,2025-08-22 07:07,Dine-In,Food,Sushi Roll,3,6.25,18.75,Mobile Payment,Alice,20,Friday,Breakfast,
1344,C448,Anthony Hudson,2025-10-08 14:43,Takeaway,Food,Caesar Salad,2,13.43,26.86,Mobile Payment,-,-,Wednesday,Lunch,No cheese
1345,C829,Ariel Johnson,2025-12-14 18:26,Takeaway,Food,Caesar Salad,1,11.28,11.28,Card,-,-,Sunday,Dinner,Extra ice
1346,C743,William Rowe,2025-11-14 10:52,Dine-In,Beverage,Mojito,3,17.24,51.72,Mobile Payment,Robert,20,Friday,Lunch,
1347,C015,Rachael Rodgers,2025-06-21 12:45,Dine-In,Beverage,Cappuccino,2,3.62,7.24,Card,Alice,10,Saturday,Lunch,Extra ice
1348,C254,Jennifer Estrada,2025-10-04 09:20,Delivery,Food,Pasta Alfredo,2,4.83,9.66,Cash,-,-,Saturday,Breakfast,
1349,C237,Mitchell Mack,2025-11-07 22:24,Dine-In,Beverage,Fresh Orange Juice,2,16.79,33.58,Cash,Daniel,18,Friday,Late Night,Extra cheese
1350,C918,Ryan Page,2025-05-23 11:45,Takeaway,Food,Veggie Sandwich,3,4.11,12.33,Cash,-,-,Friday,Lunch,Less sugar
1351,C483,Christopher Zavala,2025-05-06 09:27,Dine-In,Beverage,Latte,3,6.36,19.08,Mobile Payment,Michael,11,Tuesday,Breakfast,No onions
1352,C180,Nicole Henry,2025-06-01 07:02,Dine-In,Beverage,Cappuccino,1,18.61,18.61,Mobile Payment,Sophia,16,Sunday,Breakfast,No onions
1353,C014,Leah Martin,2025-11-11 08:22,Delivery,Beverage,Latte,3,17.87,53.61,Mobile Payment,-,-,Tuesday,Breakfast,Less sugar
1354,C626,Matthew Gregory,2025-07-04 12:51,Takeaway,Food,Grilled Chicken,1,7.82,7.82,Mobile Payment,-,-,Friday,Lunch,Dressing on the side
1355,C317,Dorothy Gray,2025-10-07 08:34,Dine-In,Food,Margherita Pizza,2,14.72,29.44,Cash,Robert,11,Tuesday,Breakfast,Less sugar
1356,C877,David Schroeder,2025-02-13 20:36,Takeaway,Food,Veggie Sandwich,1,4.78,4.78,Cash,-,-,Thursday,Dinner,No onions
1357,C312,Nancy Alexander,2025-11-02 20:12,Delivery,Beverage,Green Smoothie,2,9.11,18.22,Cash,-,-,Sunday,Dinner,Extra ice
1358,C345,Donald Sheppard,2025-04-24 08:30,Dine-In,Beverage,Iced Tea,1,7.14,7.14,Cash,Michael,7,Thursday,Breakfast,No cheese
1359,C545,Melinda Grant,2025-06-06 09:02,Dine-In,Beverage,Latte,3,5.4,16.2,Card,Robert,6,Friday,Breakfast,Dressing on the side
1360,C403,Ashley Murphy,2025-04-03 08:19,Delivery,Beverage,Green Smoothie,3,12.08,36.24,Cash,-,-,Thursday,Breakfast,Extra ice
1361,C432,Denise Crawford,2025-01-03 08:28,Dine-In,Beverage,Cappuccino,2,14.18,28.36,Cash,Alice,19,Friday,Breakfast,Gluten-free
1362,C666,Lisa Martinez,2025-02-06 12:56,Dine-In,Beverage,Green Smoothie,1,5.99,5.99,Mobile Payment,Robert,13,Thursday,Lunch,Dressing on the side
1363,C783,Justin Watts,2025-10-28 08:17,Takeaway,Beverage,Fresh Orange Juice,3,12.51,37.53,Card,-,-,Tuesday,Breakfast,
1364,C447,Anna Arias,2025-12-08 18:10,Dine-In,Beverage,Mineral Water,1,10.92,10.92,Mobile Payment,Robert,4,Monday,Dinner,Less sugar
1365,C140,Cheryl Knight,2025-08-04 21:58,Takeaway,Food,Margherita Pizza,1,17.4,17.4,Mobile Payment,-,-,Monday,Dinner,No cheese
1366,C318,Benjamin Davila,2025-06-20 10:35,Dine-In,Beverage,Cappuccino,1,4.25,4.25,Card,Robert,18,Friday,Lunch,No onions
1367,C512,Kathleen Kidd,2025-02-04 14:05,Dine-In,Beverage,Mineral Water,2,9.51,19.02,Mobile Payment,Michael,12,Tuesday,Lunch,Extra cheese
1368,C051,Tim Carpenter,2025-10-25 12:25,Dine-In,Beverage,Mojito,2,4.52,9.04,Card,Sophia,13,Saturday,Lunch,Dressing on the side
1369,C241,Matthew Lutz II,2025-06-10 22:13,Takeaway,Food,Sushi Roll,1,7.17,7.17,Mobile Payment,-,-,Tuesday,Late Night,
1370,C753,Janet Lam,2025-03-26 13:41,Delivery,Food,Pasta Alfredo,3,18.49,55.47,Card,-,-,Wednesday,Lunch,Less sugar
1371,C527,Dalton Larsen,2025-06-18 11:49,Takeaway,Beverage,Mineral Water,3,18.75,56.25,Mobile Payment,-,-,Wednesday,Lunch,Skim milk
1372,C208,Taylor Ramirez,2025-09-17 19:38,Delivery,Food,Grilled Chicken,2,19.01,38.02,Card,-,-,Wednesday,Dinner,Dressing on the side
1373,C712,James Coleman,2025-06-26 20:21,Delivery,Beverage,Fresh Orange Juice,2,4.64,9.28,Cash,-,-,Thursday,Dinner,Gluten-free
1374,C207,Jose Friedman,2025-02-26 12:54,Dine-In,Food,Sushi Roll,3,19.42,58.26,Cash,Daniel,19,Wednesday,Lunch,Gluten-free
1375,C154,Matthew Spencer,2025-06-18 13:00,Takeaway,Food,Beef Burger,1,7.17,7.17,Mobile Payment,-,-,Wednesday,Lunch,Skim milk
1376,C579,Matthew Rhodes,2025-12-10 21:18,Delivery,Beverage,Iced Tea,2,8.28,16.56,Card,-,-,Wednesday,Dinner,Extra cheese
1377,C912,Michael Gonzales,2025-03-28 08:51,Dine-In,Beverage,Iced Tea,3,16.68,50.04,Cash,Alice,5,Friday,Breakfast,Dressing on the side
1378,C156,Sarah Davis,2025-01-14 11:28,Dine-In,Beverage,Mineral Water,2,9.33,18.66,Mobile Payment,Alice,3,Tuesday,Lunch,Dressing on the side
1379,C368,Timothy Perez,2025-08-24 17:13,Dine-In,Food,Margherita Pizza,2,9.05,18.1,Mobile Payment,Michael,15,Sunday,Dinner,Dressing on the side
1380,C938,Juan Stephens,2025-09-08 09:42,Delivery,Beverage,Cappuccino,1,18.98,18.98,Mobile Payment,-,-,Monday,Breakfast,Extra cheese
1381,C371,Samuel Smith,2025-03-20 22:17,Takeaway,Beverage,Green Smoothie,3,9.11,27.33,Cash,-,-,Thursday,Late Night,No cheese
1382,C525,Brian Webb,2025-08-15 11:55,Delivery,Food,Grilled Chicken,1,14.21,14.21,Mobile Payment,-,-,Friday,Lunch,Dressing on the side
1383,C461,Barbara Gentry,2025-02-26 14:03,Takeaway,Beverage,Cappuccino,2,18.67,37.34,Cash,-,-,Wednesday,Lunch,Less sugar
1384,C743,George Hubbard,2025-11-14 07:09,Dine-In,Beverage,Latte,3,15.42,46.26,Cash,Daniel,13,Friday,Breakfast,No onions
1385,C352,Hunter Powers,2025-08-31 10:14,Dine-In,Beverage,Mojito,3,19.74,59.22,Mobile Payment,Michael,8,Sunday,Lunch,Extra cheese
1386,C267,Allison Craig,2025-04-14 13:40,Dine-In,Beverage,Green Smoothie,3,4.71,14.13,Cash,Sophia,19,Monday,Lunch,Gluten-free
1387,C332,Mary Adams,2025-11-17 22:44,Dine-In,Food,Caesar Salad,1,12.54,12.54,Cash,Robert,17,Monday,Late Night,Dressing on the side
1388,C499,James Hines,2025-08-14 18:40,Delivery,Beverage,Mineral Water,1,8.06,8.06,Cash,-,-,Thursday,Dinner,Extra cheese
1389,C264,Kara Lawrence,2025-03-31 08:52,Takeaway,Food,Caesar Salad,3,3.86,11.58,Cash,-,-,Monday,Breakfast,
1390,C142,Alexander Peterson,2025-09-27 21:04,Delivery,Beverage,Iced Tea,3,3.11,9.33,Mobile Payment,-,-,Saturday,Dinner,Skim milk
1391,C301,Connie Morales,2025-11-10 23:34,Dine-In,Beverage,Cappuccino,2,6.32,12.64,Mobile Payment,Robert,5,Monday,Late Night,No cheese
1392,C660,James Mendoza,2025-01-28 23:13,Delivery,Beverage,Cappuccino,3,4.4,13.2,Mobile Payment,-,-,Tuesday,Late Night,Extra cheese
1393,C504,Cassie Bentley,2025-12-12 17:41,Delivery,Food,Caesar Salad,1,5.86,5.86,Mobile Payment,-,-,Friday,Dinner,No cheese
1394,C586,Leah Scott,2025-01-30 19:43,Delivery,Food,Caesar Salad,1,10.92,10.92,Cash,-,-,Thursday,Dinner,Skim milk
1395,C923,Tammy Gomez,2025-11-16 23:13,Dine-In,Food,Sushi Roll,2,13.55,27.1,Mobile Payment,Sophia,2,Sunday,Late Night,No onions
1396,C712,Mary Smith,2025-06-26 21:58,Dine-In,Beverage,Green Smoothie,1,8.17,8.17,Card,Robert,7,Thursday,Dinner,Extra cheese
1397,C363,Robin Andrews,2025-11-04 21:21,Delivery,Food,Veggie Sandwich,3,4.48,13.44,Card,-,-,Tuesday,Dinner,No cheese
1398,C950,Paul Leonard,2025-05-18 23:32,Dine-In,Food,Veggie Sandwich,1,9.6,9.6,Card,Alice,20,Sunday,Late Night,Less sugar
1399,C831,Jennifer Zimmerman,2025-10-22 23:34,Delivery,Food,Caesar Salad,1,15.08,15.08,Card,-,-,Wednesday,Late Night,Extra cheese
1400,C047,Jean Thomas,2025-11-28 10:04,Dine-In,Food,Veggie Sandwich,3,5.17,15.51,Mobile Payment,Michael,7,Friday,Lunch,Skim milk
1401,C402,Kevin Jones,2025-02-05 12:02,Delivery,Food,Caesar Salad,3,15.92,47.76,Cash,-,-,Wednesday,Lunch,Less sugar
1402,C447,Mrs. April Guzman,2025-12-08 21:46,Takeaway,Food,Sushi Roll,3,3.63,10.89,Card,-,-,Monday,Dinner,Less sugar
1403,C581,Amy Lane,2025-10-31 21:42,Delivery,Food,Veggie Sandwich,1,9.0,9.0,Mobile Payment,-,-,Friday,Dinner,No cheese
1404,C877,Yolanda Munoz,2025-02-13 18:11,Dine-In,Beverage,Mineral Water,2,18.97,37.94,Cash,Robert,12,Thursday,Dinner,
1405,C376,Shelby Morgan,2025-03-08 18:12,Dine-In,Beverage,Cappuccino,3,10.86,32.58,Card,Sophia,14,Saturday,Dinner,Less sugar
1406,C541,Joe House,2025-09-29 23:30,Dine-In,Food,Pasta Alfredo,2,5.72,11.44,Cash,Alice,5,Monday,Late Night,Gluten-free
1407,C948,Jennifer Griffin,2025-11-24 14:47,Dine-In,Beverage,Mojito,2,7.44,14.88,Mobile Payment,Sophia,18,Monday,Lunch,Extra cheese
1408,C958,Tammy Myers,2025-02-05 21:13,Dine-In,Beverage,Green Smoothie,3,9.32,27.96,Mobile Payment,Alice,15,Wednesday,Dinner,Dressing on the side
1409,C448,Adam King,2025-10-08 17:25,Takeaway,Food,Caesar Salad,3,10.18,30.54,Mobile Payment,-,-,Wednesday,Dinner,Extra cheese
1410,C006,Christine Gilbert,2025-04-18 09:09,Delivery,Food,Veggie Sandwich,2,13.32,26.64,Cash,-,-,Friday,Breakfast,Gluten-free
1411,C864,Jennifer Stokes,2025-07-30 19:54,Takeaway,Food,Grilled Chicken,1,12.64,12.64,Mobile Payment,-,-,Wednesday,Dinner,Extra cheese
1412,C866,Robert Martin,2025-12-20 06:49,Takeaway,Food,Grilled Chicken,1,12.66,12.66,Cash,-,-,Saturday,Breakfast,Extra cheese
1413,C193,Richard Johnson,2025-06-11 17:37,Dine-In,Beverage,Cappuccino,1,13.51,13.51,Cash,Michael,5,Wednesday,Dinner,Extra ice
1414,C213,Gina Daniels,2025-09-26 11:39,Dine-In,Food,Grilled Chicken,3,12.25,36.75,Mobile Payment,Michael,19,Friday,Lunch,Extra cheese
1415,C894,Jared Solis,2025-06-20 20:59,Delivery,Beverage,Iced Tea,1,7.22,7.22,Cash,-,-,Friday,Dinner,Extra ice
1416,C640,Carol Harrison,2025-05-16 21:04,Delivery,Food,Margherita Pizza,1,15.66,15.66,Mobile Payment,-,-,Friday,Dinner,Extra ice
1417,C524,Kenneth Brown,2025-10-20 10:38,Delivery,Beverage,Latte,1,4.01,4.01,Mobile Payment,-,-,Monday,Lunch,Gluten-free
1418,C257,Amy Cline,2025-09-16 06:43,Takeaway,Food,Grilled Chicken,1,18.5,18.5,Cash,-,-,Tuesday,Breakfast,Extra cheese
1419,C507,Valerie Griffin,2025-08-04 23:04,Delivery,Beverage,Mineral Water,1,8.42,8.42,Card,-,-,Monday,Late Night,
1420,C390,Gerald Short,2025-05-11 11:52,Delivery,Beverage,Iced Tea,1,7.33,7.33,Card,-,-,Sunday,Lunch,No cheese
1421,C751,Kristy Potter,2025-08-22 10:06,Dine-In,Food,Sushi Roll,1,17.53,17.53,Card,Sophia,13,Friday,Lunch,
1422,C871,Aaron Bradley,2025-07-18 06:27,Takeaway,Food,Pasta Alfredo,3,15.56,46.68,Mobile Payment,-,-,Friday,Breakfast,Extra ice
1423,C735,Robert Ramirez,2025-12-12 21:10,Takeaway,Beverage,Mineral Water,2,3.11,6.22,Card,-,-,Friday,Dinner,Less sugar
1424,C834,Lisa Stewart,2025-11-04 22:15,Delivery,Beverage,Mineral Water,3,9.79,29.37,Cash,-,-,Tuesday,Late Night,Less sugar
1425,C212,Michael Lee,2025-05-01 07:31,Delivery,Food,Pasta Alfredo,1,8.25,8.25,Mobile Payment,-,-,Thursday,Breakfast,
1426,C272,Luke Koch,2025-05-25 20:43,Delivery,Beverage,Iced Tea,1,5.7,5.7,Card,-,-,Sunday,Dinner,No cheese
1427,C711,Peter Ray,2025-03-15 22:58,Dine-In,Food,Grilled Chicken,1,17.08,17.08,Mobile Payment,Daniel,16,Saturday,Late Night,Skim milk
1428,C377,Matthew Bird,2025-06-12 10:47,Dine-In,Food,Grilled Chicken,3,10.88,32.64,Mobile Payment,Sophia,11,Thursday,Lunch,Extra ice
1429,C379,Evelyn Berg,2025-08-24 18:15,Delivery,Beverage,Latte,1,6.54,6.54,Mobile Payment,-,-,Sunday,Dinner,Dressing on the side
1430,C620,Christine Harris,2025-04-23 21:33,Delivery,Food,Veggie Sandwich,3,7.15,21.45,Mobile Payment,-,-,Wednesday,Dinner,Gluten-free
1431,C343,Nicole Gray,2025-04-13 21:29,Delivery,Food,Veggie Sandwich,3,14.27,42.81,Cash,-,-,Sunday,Dinner,No cheese
1432,C440,Frances Richard,2025-05-24 10:40,Dine-In,Beverage,Iced Tea,3,13.11,39.33,Mobile Payment,Daniel,3,Saturday,Lunch,Skim milk
1433,C911,Tricia Rasmussen,2025-10-03 07:39,Takeaway,Food,Pasta Alfredo,1,6.83,6.83,Mobile Payment,-,-,Friday,Breakfast,Less sugar
1434,C716,Wendy Wilson,2025-10-13 09:31,Takeaway,Food,Margherita Pizza,2,19.53,39.06,Cash,-,-,Monday,Breakfast,Extra cheese
1435,C807,Amy Woods,2025-03-10 12:29,Dine-In,Beverage,Mojito,3,14.3,42.9,Card,Sophia,19,Monday,Lunch,Gluten-free
1436,C360,Madeline Dawson DDS,2025-04-15 09:48,Takeaway,Food,Grilled Chicken,2,18.13,36.26,Mobile Payment,-,-,Tuesday,Breakfast,Extra ice
1437,C815,Jesse Leonard,2025-06-02 18:24,Takeaway,Food,Caesar Salad,1,17.44,17.44,Mobile Payment,-,-,Monday,Dinner,Skim milk
1438,C721,Joshua Norman,2025-03-18 23:29,Delivery,Food,Grilled Chicken,3,12.79,38.37,Mobile Payment,-,-,Tuesday,Late Night,Extra ice
1439,C721,Joseph Smith,2025-03-18 11:50,Takeaway,Beverage,Iced Tea,1,17.7,17.7,Cash,-,-,Tuesday,Lunch,Extra cheese
1440,C861,Scott Mann,2025-03-10 11:57,Dine-In,Beverage,Cappuccino,3,8.4,25.2,Cash,Robert,12,Monday,Lunch,Extra cheese
1441,C424,Patrick Hobbs,2025-02-11 08:45,Takeaway,Food,Beef Burger,1,19.66,19.66,Cash,-,-,Tuesday,Breakfast,Extra ice
1442,C452,Matthew Williams,2025-04-17 20:37,Delivery,Beverage,Cappuccino,3,15.5,46.5,Cash,-,-,Thursday,Dinner,No cheese
1443,C673,Peter Townsend,2025-07-16 12:25,Delivery,Beverage,Cappuccino,3,11.05,33.15,Cash,-,-,Wednesday,Lunch,No cheese
1444,C617,Katherine Moore,2025-09-10 13:12,Dine-In,Beverage,Cappuccino,3,6.7,20.1,Card,Robert,1,Wednesday,Lunch,
1445,C668,Beth Bennett,2025-02-17 23:12,Dine-In,Food,Caesar Salad,2,6.33,12.66,Card,Alice,14,Monday,Late Night,No cheese
1446,C003,Bryan Patterson,2025-05-08 17:58,Dine-In,Food,Caesar Salad,3,19.04,57.12,Mobile Payment,Robert,18,Thursday,Dinner,No onions
1447,C700,Jacqueline Wilson,2025-12-07 12:02,Takeaway,Beverage,Fresh Orange Juice,2,7.34,14.68,Mobile Payment,-,-,Sunday,Lunch,Extra ice
1448,C528,David Thompson,2025-12-15 19:21,Dine-In,Food,Margherita Pizza,1,18.88,18.88,Card,Michael,12,Monday,Dinner,Extra cheese
1449,C581,Amanda Williams,2025-10-31 13:17,Delivery,Food,Margherita Pizza,2,17.83,35.66,Cash,-,-,Friday,Lunch,No cheese
1450,C015,Taylor Harrison,2025-06-21 22:34,Dine-In,Food,Pasta Alfredo,3,10.97,32.91,Cash,Alice,12,Saturday,Late Night,Less sugar
1451,C398,Brent Warner,2025-01-25 21:57,Delivery,Food,Beef Burger,3,8.95,26.85,Cash,-,-,Saturday,Dinner,Extra cheese
1452,C138,Stephanie Walker,2025-12-12 21:30,Dine-In,Food,Margherita Pizza,3,15.37,46.11,Card,Sophia,3,Friday,Dinner,Skim milk
1453,C857,Maria Zamora,2025-02-11 19:18,Dine-In,Beverage,Green Smoothie,2,5.12,10.24,Mobile Payment,Michael,20,Tuesday,Dinner,Less sugar
1454,C692,James Castro,2025-04-17 21:56,Dine-In,Food,Veggie Sandwich,2,8.59,17.18,Mobile Payment,Sophia,19,Thursday,Dinner,No onions
1455,C456,John Meza,2025-10-01 13:48,Delivery,Beverage,Mojito,1,9.93,9.93,Mobile Payment,-,-,Wednesday,Lunch,Gluten-free
1456,C156,Ronald Flores DDS,2025-01-14 22:47,Dine-In,Food,Pasta Alfredo,1,14.11,14.11,Card,Michael,12,Tuesday,Late Night,
1457,C615,Crystal Chapman,2025-12-20 23:56,Dine-In,Beverage,Mineral Water,1,7.02,7.02,Cash,Michael,5,Saturday,Late Night,Less sugar
1458,C475,Steven Brooks,2025-12-21 23:37,Dine-In,Beverage,Cappuccino,1,7.21,7.21,Cash,Sophia,16,Sunday,Late Night,No onions
1459,C842,David Harvey,2025-01-04 14:37,Takeaway,Food,Sushi Roll,2,18.22,36.44,Card,-,-,Saturday,Lunch,Less sugar
1460,C741,Travis Lang,2025-01-04 22:15,Delivery,Food,Veggie Sandwich,2,3.29,6.58,Cash,-,-,Saturday,Late Night,Less sugar
1461,C553,John Shea,2025-07-29 19:57,Delivery,Beverage,Cappuccino,1,16.29,16.29,Card,-,-,Tuesday,Dinner,Less sugar
1462,C233,Kathleen Lane,2025-09-09 06:56,Delivery,Beverage,Iced Tea,1,12.86,12.86,Mobile Payment,-,-,Tuesday,Breakfast,Less sugar
1463,C064,Anthony Patton,2025-05-09 20:39,Delivery,Food,Pasta Alfredo,1,11.38,11.38,Mobile Payment,-,-,Friday,Dinner,
1464,C390,Kari Buchanan,2025-05-11 12:41,Delivery,Beverage,Mineral Water,1,13.06,13.06,Card,-,-,Sunday,Lunch,Gluten-free
1465,C396,Marie Thomas,2025-06-15 08:33,Takeaway,Food,Veggie Sandwich,2,5.57,11.14,Mobile Payment,-,-,Sunday,Breakfast,Extra ice
1466,C283,Sean Shaw,2025-03-21 09:03,Dine-In,Beverage,Green Smoothie,3,17.26,51.78,Mobile Payment,Daniel,3,Friday,Breakfast,Dressing on the side
1467,C664,Justin Walker,2025-04-04 23:52,Delivery,Beverage,Fresh Orange Juice,1,8.71,8.71,Cash,-,-,Friday,Late Night,Less sugar
1468,C863,Alicia Brown,2025-08-16 07:49,Dine-In,Beverage,Mojito,3,14.35,43.05,Card,Alice,4,Saturday,Breakfast,Gluten-free
1469,C783,Ashley Heath,2025-10-28 06:04,Delivery,Beverage,Green Smoothie,3,9.46,28.38,Cash,-,-,Tuesday,Breakfast,
1470,C701,Jessica Montoya,2025-01-04 18:59,Takeaway,Beverage,Fresh Orange Juice,1,11.87,11.87,Mobile Payment,-,-,Saturday,Dinner,Skim milk
1471,C921,Maria Brown,2025-01-03 11:58,Delivery,Food,Caesar Salad,3,12.91,38.73,Card,-,-,Friday,Lunch,Extra ice
1472,C764,Mary Cruz,2025-04-06 12:53,Delivery,Food,Veggie Sandwich,2,5.24,10.48,Card,-,-,Sunday,Lunch,No onions
1473,C462,Evan Cox,2025-09-08 19:08,Takeaway,Beverage,Iced Tea,3,15.04,45.12,Card,-,-,Monday,Dinner,Less sugar
1474,C114,Leah Riley,2025-04-30 20:48,Dine-In,Food,Pasta Alfredo,2,9.84,19.68,Cash,Alice,2,Wednesday,Dinner,No cheese
1475,C995,Luis Taylor,2025-05-16 13:42,Delivery,Beverage,Cappuccino,3,4.95,14.85,Card,-,-,Friday,Lunch,No cheese
1476,C865,Andrew Ramsey,2025-09-02 18:10,Takeaway,Food,Pasta Alfredo,3,19.01,57.03,Cash,-,-,Tuesday,Dinner,Extra cheese
1477,C648,Allen Kennedy,2025-08-05 12:20,Delivery,Beverage,Cappuccino,3,13.93,41.79,Card,-,-,Tuesday,Lunch,Less sugar
1478,C246,Marcus Barnes,2025-12-27 23:10,Takeaway,Food,Veggie Sandwich,2,15.03,30.06,Cash,-,-,Saturday,Late Night,
1479,C483,Kevin Jacobs,2025-05-06 13:43,Delivery,Food,Caesar Salad,1,4.88,4.88,Card,-,-,Tuesday,Lunch,No onions
1480,C739,Jean Thomas,2025-06-08 22:19,Delivery,Beverage,Mojito,2,4.76,9.52,Mobile Payment,-,-,Sunday,Late Night,Less sugar
1481,C116,Kelly Owen,2025-02-23 07:39,Takeaway,Beverage,Mineral Water,2,3.36,6.72,Mobile Payment,-,-,Sunday,Breakfast,No onions
1482,C845,Nicholas Allen,2025-10-22 22:37,Delivery,Food,Beef Burger,1,4.4,4.4,Mobile Payment,-,-,Wednesday,Late Night,No onions
1483,C753,Blake Gonzalez,2025-03-26 19:31,Delivery,Beverage,Green Smoothie,2,13.81,27.62,Card,-,-,Wednesday,Dinner,Dressing on the side
1484,C768,Collin Olson,2025-11-18 17:51,Takeaway,Beverage,Iced Tea,3,12.94,38.82,Mobile Payment,-,-,Tuesday,Dinner,Extra ice
1485,C299,Lauren Smith,2025-08-11 20:53,Delivery,Food,Sushi Roll,2,11.92,23.84,Card,-,-,Monday,Dinner,Dressing on the side
1486,C573,Laurie Moses,2025-05-26 06:42,Dine-In,Beverage,Latte,3,4.73,14.19,Card,Sophia,1,Monday,Breakfast,Gluten-free
1487,C259,Sandra Fernandez,2025-08-01 20:43,Takeaway,Food,Pasta Alfredo,3,14.3,42.9,Card,-,-,Friday,Dinner,No cheese
1488,C567,Virginia Ibarra,2025-09-19 09:19,Dine-In,Food,Beef Burger,1,9.19,9.19,Card,Daniel,3,Friday,Breakfast,Extra cheese
1489,C419,Jacob Wright,2025-06-05 09:35,Dine-In,Food,Beef Burger,3,7.85,23.55,Cash,Robert,7,Thursday,Breakfast,Less sugar
1490,C146,David Garza,2025-12-05 14:02,Dine-In,Food,Veggie Sandwich,3,17.83,53.49,Card,Alice,1,Friday,Lunch,Less sugar
1491,C653,Carlos Cole,2025-08-22 14:01,Dine-In,Food,Grilled Chicken,1,13.76,13.76,Cash,Michael,15,Friday,Lunch,Gluten-free
1492,C145,Ian Lewis,2025-12-07 10:06,Delivery,Food,Margherita Pizza,1,7.49,7.49,Card,-,-,Sunday,Lunch,Skim milk
1493,C612,Christopher Carroll,2025-03-11 10:26,Dine-In,Food,Margherita Pizza,1,9.71,9.71,Card,Alice,15,Tuesday,Lunch,Dressing on the side
1494,C451,Elizabeth Jenkins,2025-04-23 10:09,Delivery,Beverage,Latte,2,14.84,29.68,Cash,-,-,Wednesday,Lunch,No cheese
1495,C552,Andrew Taylor,2025-10-28 20:42,Delivery,Beverage,Fresh Orange Juice,2,15.12,30.24,Cash,-,-,Tuesday,Dinner,Gluten-free
1496,C791,Lori Lee,2025-09-01 17:05,Dine-In,Beverage,Latte,2,18.06,36.12,Card,Daniel,3,Monday,Dinner,Less sugar
1497,C082,Jimmy Jones,2025-04-07 19:04,Takeaway,Food,Margherita Pizza,1,8.93,8.93,Cash,-,-,Monday,Dinner,Skim milk
1498,C694,Luke Morgan,2025-10-15 09:19,Dine-In,Beverage,Iced Tea,3,19.62,58.86,Cash,Sophia,17,Wednesday,Breakfast,Dressing on the side
1499,C524,Melissa Hughes,2025-10-20 18:20,Takeaway,Beverage,Latte,1,18.13,18.13,Cash,-,-,Monday,Dinner,Gluten-free
1500,C863,Brittany Wilson,2025-08-16 19:33,Dine-In,Beverage,Cappuccino,2,10.47,20.94,Cash,Michael,17,Saturday,Dinner,Less sugar
1501,C169,Jordan Watson,2025-04-21 23:52,Takeaway,Beverage,Fresh Orange Juice,3,9.63,28.89,Card,-,-,Monday,Late Night,Gluten-free
1502,C368,Mandy Swanson,2025-08-24 09:49,Dine-In,Food,Margherita Pizza,2,17.48,34.96,Cash,Robert,2,Sunday,Breakfast,
1503,C414,Dustin Lucas,2025-12-14 23:49,Dine-In,Food,Sushi Roll,2,12.11,24.22,Cash,Alice,15,Sunday,Late Night,Extra ice
1504,C680,Meagan Burnett,2025-07-24 14:22,Dine-In,Beverage,Mineral Water,2,17.06,34.12,Mobile Payment,Alice,2,Thursday,Lunch,Extra cheese
1505,C669,Angela Brown,2025-10-31 14:57,Takeaway,Beverage,Fresh Orange Juice,3,19.0,57.0,Mobile Payment,-,-,Friday,Lunch,
1506,C090,Matthew Lee,2025-01-20 17:00,Delivery,Food,Beef Burger,3,10.72,32.16,Card,-,-,Monday,Dinner,No cheese
1507,C248,Scott Mccall,2025-10-25 23:52,Delivery,Beverage,Mojito,2,12.44,24.88,Mobile Payment,-,-,Saturday,Late Night,Extra cheese
1508,C039,Brian Boyd,2025-06-20 23:21,Dine-In,Beverage,Cappuccino,1,7.98,7.98,Card,Alice,14,Friday,Late Night,Gluten-free
1509,C848,Nina Harper,2025-03-02 21:03,Delivery,Beverage,Latte,2,9.88,19.76,Card,-,-,Sunday,Dinner,Dressing on the side
1510,C439,Barbara Phillips,2025-09-30 11:47,Delivery,Beverage,Iced Tea,3,4.12,12.36,Mobile Payment,-,-,Tuesday,Lunch,Gluten-free
1511,C896,Sarah Cook,2025-05-20 09:34,Takeaway,Food,Pasta Alfredo,3,15.89,47.67,Card,-,-,Tuesday,Breakfast,Extra ice
1512,C212,Jennifer Rodgers,2025-05-01 23:40,Delivery,Food,Pasta Alfredo,2,17.12,34.24,Card,-,-,Thursday,Late Night,
1513,C550,Mary Vaughn,2025-12-22 08:48,Takeaway,Beverage,Fresh Orange Juice,1,11.1,11.1,Cash,-,-,Monday,Breakfast,Extra cheese
1514,C235,Stephanie Freeman,2025-12-18 19:23,Dine-In,Beverage,Cappuccino,3,16.55,49.65,Cash,Sophia,17,Thursday,Dinner,Skim milk
1515,C060,Sherri Bishop,2025-02-23 23:43,Takeaway,Food,Pasta Alfredo,1,14.91,14.91,Card,-,-,Sunday,Late Night,Skim milk
1516,C976,Haley Brandt,2025-08-16 13:42,Dine-In,Beverage,Cappuccino,1,12.65,12.65,Cash,Sophia,20,Saturday,Lunch,Gluten-free
1517,C378,Steven Hernandez,2025-03-12 23:50,Takeaway,Beverage,Iced Tea,1,11.22,11.22,Cash,-,-,Wednesday,Late Night,Gluten-free
1518,C097,Michelle Smith,2025-05-05 11:54,Takeaway,Beverage,Green Smoothie,1,8.18,8.18,Cash,-,-,Monday,Lunch,Dressing on the side
1519,C358,James Watts,2025-08-14 20:27,Dine-In,Food,Veggie Sandwich,3,12.53,37.59,Card,Robert,11,Thursday,Dinner,Extra ice
1520,C116,Mary Odonnell,2025-02-23 12:33,Delivery,Food,Pasta Alfredo,3,8.67,26.01,Mobile Payment,-,-,Sunday,Lunch,Gluten-free
1521,C433,Riley Roberson,2025-06-16 18:39,Delivery,Food,Caesar Salad,3,15.64,46.92,Cash,-,-,Monday,Dinner,Gluten-free
1522,C860,Mary Hensley,2025-11-19 13:55,Delivery,Food,Margherita Pizza,2,5.77,11.54,Card,-,-,Wednesday,Lunch,Skim milk
1523,C224,Alexis Watkins,2025-05-14 14:05,Dine-In,Beverage,Iced Tea,2,14.0,28.0,Card,Daniel,6,Wednesday,Lunch,Extra cheese
1524,C140,Miss Shelly Sullivan,2025-08-04 22:29,Takeaway,Food,Grilled Chicken,3,10.79,32.37,Cash,-,-,Monday,Late Night,Extra cheese
1525,C549,Jordan Terry,2025-09-05 17:52,Takeaway,Food,Margherita Pizza,3,16.36,49.08,Cash,-,-,Friday,Dinner,Extra cheese
1526,C402,Deborah Foster,2025-02-05 12:32,Delivery,Food,Veggie Sandwich,2,4.62,9.24,Card,-,-,Wednesday,Lunch,Gluten-free
1527,C935,Dr. Joyce Barnett,2025-06-08 10:43,Takeaway,Food,Pasta Alfredo,3,9.78,29.34,Mobile Payment,-,-,Sunday,Lunch,Less sugar
1528,C119,Mr. Joe Wall,2025-06-25 17:53,Dine-In,Food,Caesar Salad,2,9.16,18.32,Cash,Robert,7,Wednesday,Dinner,No cheese
1529,C483,Kevin Kaufman,2025-05-06 07:59,Delivery,Beverage,Mineral Water,3,4.5,13.5,Mobile Payment,-,-,Tuesday,Breakfast,
1530,C309,Heather Reynolds,2025-03-11 23:40,Delivery,Food,Beef Burger,2,12.77,25.54,Card,-,-,Tuesday,Late Night,Less sugar
1531,C069,Matthew Bradley,2025-12-07 19:14,Takeaway,Beverage,Fresh Orange Juice,3,17.49,52.47,Mobile Payment,-,-,Sunday,Dinner,Extra cheese
1532,C878,Ashley Lloyd,2025-04-03 17:04,Takeaway,Beverage,Cappuccino,2,3.37,6.74,Card,-,-,Thursday,Dinner,
1533,C315,Meredith Cardenas,2025-12-11 19:48,Dine-In,Food,Caesar Salad,3,6.64,19.92,Cash,Daniel,2,Thursday,Dinner,Dressing on the side
1534,C652,Kelly Rose,2025-11-19 17:00,Dine-In,Food,Grilled Chicken,3,16.09,48.27,Mobile Payment,Sophia,12,Wednesday,Dinner,Less sugar
1535,C393,Gary Warren,2025-08-13 09:43,Dine-In,Beverage,Mineral Water,3,11.18,33.54,Mobile Payment,Michael,7,Wednesday,Breakfast,Dressing on the side
1536,C076,David Galloway,2025-06-25 12:20,Takeaway,Food,Grilled Chicken,2,4.29,8.58,Cash,-,-,Wednesday,Lunch,Dressing on the side
1537,C309,Angela Brown,2025-03-11 20:29,Dine-In,Food,Caesar Salad,3,5.3,15.9,Cash,Robert,10,Tuesday,Dinner,No onions
1538,C349,Jimmy Hayden PhD,2025-04-12 20:21,Dine-In,Beverage,Green Smoothie,3,13.33,39.99,Cash,Sophia,5,Saturday,Dinner,Extra cheese
1539,C492,Matthew Mcdowell,2025-09-16 22:55,Takeaway,Food,Caesar Salad,2,16.82,33.64,Card,-,-,Tuesday,Late Night,Less sugar
1540,C494,Kelly Cisneros,2025-11-07 13:02,Takeaway,Beverage,Mojito,2,10.25,20.5,Card,-,-,Friday,Lunch,No cheese
1541,C457,Micheal Perez,2025-01-30 14:55,Delivery,Beverage,Mojito,3,15.93,47.79,Mobile Payment,-,-,Thursday,Lunch,Dressing on the side
1542,C057,Jon Garcia,2025-05-25 12:18,Delivery,Beverage,Mojito,1,17.64,17.64,Card,-,-,Sunday,Lunch,Skim milk
1543,C100,Dawn Medina,2025-01-10 23:47,Takeaway,Beverage,Iced Tea,2,15.16,30.32,Card,-,-,Friday,Late Night,Extra ice
1544,C953,Gloria Clark DDS,2025-10-01 22:55,Delivery,Beverage,Mojito,2,8.81,17.62,Mobile Payment,-,-,Wednesday,Late Night,Extra ice
1545,C646,Victoria Ward,2025-03-31 21:49,Dine-In,Beverage,Iced Tea,2,19.82,39.64,Cash,Alice,17,Monday,Dinner,No cheese
1546,C568,April Bass,2025-10-31 06:35,Dine-In,Food,Sushi Roll,1,12.26,12.26,Card,Sophia,4,Friday,Breakfast,Extra cheese
1547,C474,Jessica Taylor,2025-10-28 21:03,Takeaway,Food,Margherita Pizza,2,7.6,15.2,Cash,-,-,Tuesday,Dinner,Extra cheese
1548,C850,Philip Moore,2025-02-19 07:52,Dine-In,Food,Beef Burger,3,10.99,32.97,Cash,Michael,9,Wednesday,Breakfast,Less sugar
1549,C678,Mark Medina,2025-07-25 10:54,Dine-In,Food,Veggie Sandwich,2,16.52,33.04,Card,Daniel,6,Friday,Lunch,Skim milk
1550,C235,Michael Nielsen,2025-12-18 19:10,Takeaway,Food,Pasta Alfredo,1,8.09,8.09,Cash,-,-,Thursday,Dinner,Less sugar
1551,C1001,Sofía Martínez,2025-02-02 20:35,Dine-In,Beverage,Latte,4,17.87,71.48,Cash,Miguel,12,Sunday,Dinner,Less sugar
1552,C1001,Sofía Martínez,2025-10-28 13:10,Takeaway,Food,Sushi Roll,3,11.82,35.46,Mobile Payment,-,-,Tuesday,Lunch,No onions
1553,C1001,Sofía Martínez,2025-12-24 09:50,Dine-In,Beverage,Mineral Water,3,15.73,47.19,Mobile Payment,Carlos,29,Wednesday,Breakfast,
1554,C1001,Sofía Martínez,2025-11-24 08:40,Dine-In,Food,Sushi Roll,3,11.92,35.76,Cash,Miguel,16,Monday,Breakfast,No onions
1555,C1001,Sofía Martínez,2025-06-06 20:50,Dine-In,Food,Grilled Chicken,4,16.09,64.36,Cash,Miguel,1,Friday,Dinner,
1556,C1001,Sofía Martínez,2025-09-22 19:10,Delivery,Beverage,Mojito,4,15.93,63.72,Mobile Payment,-,-,Monday,Dinner,Less sugar
1557,C1001,Sofía Martínez,2025-05-18 19:35,Takeaway,Food,Pasta Alfredo,2,14.11,28.22,Card,-,-,Sunday,Dinner,Extra napkins
1558,C1001,Sofía Martínez,2025-01-22 13:20,Delivery,Beverage,Iced Tea,4,19.62,78.48,Card,-,-,Wednesday,Lunch,No onions
1559,C1001,Sofía Martínez,2025-03-13 08:45,Dine-In,Beverage,Iced Tea,4,16.16,64.64,Cash,Valeria,5,Thursday,Breakfast,
1560,C1001,Sofía Martínez,2025-07-06 20:15,Delivery,Beverage,Mineral Water,3,18.75,56.25,Cash,-,-,Sunday,Dinner,Less sugar
1561,C1001,Sofía Martínez,2025-04-29 21:45,Delivery,Food,Beef Burger,3,17.43,52.29,Cash,-,-,Tuesday,Dinner,
1562,C1001,Sofía Martínez,2025-08-09 12:35,Dine-In,Beverage,Latte,3,15.54,46.62,Mobile Payment,Juan,30,Saturday,Lunch,
1563,C1001,Sofía Martínez,2025-07-20 18:40,Dine-In,Food,Pasta Alfredo,3,14.11,42.33,Mobile Payment,Carlos,22,Sunday,Dinner,Less sugar
1564,C1001,Sofía Martínez,2025-02-24 19:05,Dine-In,Beverage,Fresh Orange Juice,3,19.52,58.56,Cash,Juan,28,Monday,Dinner,
1565,C1001,Sofía Martínez,2025-06-21 08:15,Takeaway,Beverage,Fresh Orange Juice,4,16.95,67.80,Card,-,-,Saturday,Breakfast,No onions
1566,C1001,Sofía Martínez,2025-10-02 19:40,Delivery,Food,Pasta Alfredo,3,14.11,42.33,Mobile Payment,-,-,Thursday,Dinner,Gluten-free
1567,C1001,Sofía Martínez,2025-08-18 19:00,Takeaway,Food,Grilled Chicken,2,15.42,30.84,Card,-,-,Monday,Dinner,No onions
1568,C1001,Sofía Martínez,2025-04-11 19:35,Dine-In,Food,Caesar Salad,3,19.77,59.31,Card,Miguel,15,Friday,Dinner,Extra napkins
1569,C1001,Sofía Martínez,2025-11-26 14:10,Delivery,Beverage,Cappuccino,3,17.14,51.42,Card,-,-,Wednesday,Lunch,
1570,C1001,Sofía Martínez,2025-06-04 13:20,Takeaway,Beverage,Latte,3,17.34,52.02,Card,-,-,Wednesday,Lunch,Extra napkins
1571,C1001,Sofía Martínez,2025-01-29 19:35,Delivery,Beverage,Cappuccino,2,13.51,27.02,Mobile Payment,-,-,Wednesday,Dinner,No onions
1572,C1001,Sofía Martínez,2025-12-24 09:40,Delivery,Food,Sushi Roll,4,19.42,77.68,Card,-,-,Wednesday,Breakfast,
1573,C1001,Sofía Martínez,2025-06-14 14:40,Takeaway,Beverage,Mojito,3,17.64,52.92,Mobile Payment,-,-,Saturday,Lunch,Gluten-free
1574,C1001,Sofía Martínez,2025-03-09 12:30,Dine-In,Food,Margherita Pizza,3,18.74,56.22,Cash,Valeria,3,Sunday,Lunch,
1575,C1001,Sofía Martínez,2025-12-10 13:35,Takeaway,Food,Sushi Roll,4,19.42,77.68,Mobile Payment,-,-,Wednesday,Lunch,No onions
1576,C1001,Sofía Martínez,2025-01-15 12:35,Dine-In,Food,Sushi Roll,4,15.62,62.48,Cash,Carlos,17,Wednesday,Lunch,Less sugar
1577,C1001,Sofía Martínez,2025-06-27 19:00,Takeaway,Food,Caesar Salad,2,18.29,36.58,Card,-,-,Friday,Dinner,Less sugar
1578,C1001,Sofía Martínez,2025-03-03 13:35,Dine-In,Beverage,Mineral Water,2,12.41,24.82,Cash,Valeria,18,Monday,Lunch,No onions
1579,C1001,Sofía Martínez,2025-03-01 09:15,Delivery,Beverage,Mojito,3,19.22,57.66,Card,-,-,Saturday,Breakfast,No onions
1580,C1002,Mateo Rodríguez,2025-10-07 18:40,Dine-In,Beverage,Fresh Orange Juice,2,17.12,34.24,Cash,Miguel,30,Tuesday,Dinner,Less sugar
1581,C1002,Mateo Rodríguez,2025-08-10 09:10,Dine-In,Beverage,Mineral Water,2,17.32,34.64,Card,Juan,18,Sunday,Breakfast,No onions
1582,C1002,Mateo Rodríguez,2025-11-19 21:20,Dine-In,Beverage,Green Smoothie,3,19.95,59.85,Cash,Juan,17,Wednesday,Dinner,Gluten-free
1583,C1002,Mateo Rodríguez,2025-04-08 12:35,Dine-In,Beverage,Mojito,2,12.34,24.68,Mobile Payment,Carlos,11,Tuesday,Lunch,
1584,C1002,Mateo Rodríguez,2025-01-22 21:15,Dine-In,Food,Pasta Alfredo,3,12.09,36.27,Mobile Payment,Ana,12,Wednesday,Dinner,
1585,C1002,Mateo Rodríguez,2025-12-09 18:35,Dine-In,Food,Pasta Alfredo,3,14.30,42.90,Card,Juan,28,Tuesday,Dinner,
1586,C1002,Mateo Rodríguez,2025-09-15 13:15,Delivery,Beverage,Cappuccino,4,16.65,66.60,Card,-,-,Monday,Lunch,
1587,C1002,Mateo Rodríguez,2025-06-08 14:05,Dine-In,Food,Sushi Roll,4,18.95,75.80,Cash,Ana,2,Sunday,Lunch,Less sugar
1588,C1002,Mateo Rodríguez,2025-02-05 09:00,Delivery,Food,Margherita Pizza,3,14.30,42.90,Card,-,-,Wednesday,Breakfast,Gluten-free
1589,C1002,Mateo Rodríguez,2025-03-12 21:45,Dine-In,Beverage,Iced Tea,4,16.68,66.72,Card,Juan,17,Wednesday,Dinner,
1590,C1002,Mateo Rodríguez,2025-05-15 08:00,Takeaway,Beverage,Latte,3,12.39,37.17,Mobile Payment,-,-,Thursday,Breakfast,Less sugar
1591,C1002,Mateo Rodríguez,2025-07-19 14:20,Takeaway,Beverage,Mojito,4,12.44,49.76,Mobile Payment,-,-,Saturday,Lunch,Gluten-free
1592,C1002,Mateo Rodríguez,2025-06-23 09:45,Dine-In,Beverage,Mojito,3,12.44,37.32,Card,Ana,5,Monday,Breakfast,
1593,C1002,Mateo Rodríguez,2025-10-11 19:45,Delivery,Food,Margherita Pizza,4,13.39,53.56,Card,-,-,Saturday,Dinner,Less sugar
1594,C1002,Mateo Rodríguez,2025-01-26 18:05,Delivery,Beverage,Iced Tea,4,16.68,66.72,Card,-,-,Sunday,Dinner,Gluten-free
1595,C1002,Mateo Rodríguez,2025-12-18 08:10,Dine-In,Food,Margherita Pizza,4,16.38,65.52,Card,Miguel,2,Thursday,Breakfast,
1596,C1002,Mateo Rodríguez,2025-07-29 08:35,Takeaway,Beverage,Mojito,3,14.35,43.05,Mobile Payment,-,-,Tuesday,Breakfast,Gluten-free
1597,C1002,Mateo Rodríguez,2025-06-06 18:45,Delivery,Food,Margherita Pizza,2,13.78,27.56,Cash,-,-,Friday,Dinner,
1598,C1002,Mateo Rodríguez,2025-02-19 21:20,Dine-In,Food,Grilled Chicken,3,13.76,41.28,Card,Carlos,3,Wednesday,Dinner,
1599,C1002,Mateo Rodríguez,2025-10-11 09:00,Dine-In,Beverage,Green Smoothie,3,19.95,59.85,Cash,Ana,25,Saturday,Breakfast,Less sugar
1600,C1002,Mateo Rodríguez,2025-11-10 12:10,Takeaway,Food,Veggie Sandwich,2,11.99,23.98,Mobile Payment,-,-,Monday,Lunch,No onions
1601,C1002,Mateo Rodríguez,2025-07-07 20:45,Dine-In,Beverage,Mojito,3,19.22,57.66,Card,Miguel,25,Monday,Dinner,
1602,C1002,Mateo Rodríguez,2025-09-21 19:40,Takeaway,Beverage,Fresh Orange Juice,4,12.37,49.48,Mobile Payment,-,-,Sunday,Dinner,
1603,C1002,Mateo Rodríguez,2025-12-02 19:10,Delivery,Beverage,Fresh Orange Juice,3,16.80,50.40,Cash,-,-,Tuesday,Dinner,
1604,C1002,Mateo Rodríguez,2025-10-17 18:40,Delivery,Food,Veggie Sandwich,2,15.03,30.06,Cash,-,-,Friday,Dinner,Less sugar
1605,C1002,Mateo Rodríguez,2025-05-21 20:35,Delivery,Food,Caesar Salad,3,12.54,37.62,Cash,-,-,Wednesday,Dinner,Gluten-free
1606,C1002,Mateo Rodríguez,2025-02-17 18:00,Dine-In,Food,Caesar Salad,4,15.64,62.56,Mobile Payment,Juan,19,Monday,Dinner,Less sugar
1607,C1002,Mateo Rodríguez,2025-05-07 18:15,Dine-In,Beverage,Cappuccino,2,13.51,27.02,Card,Juan,13,Wednesday,Dinner,Gluten-free
1608,C1002,Mateo Rodríguez,2025-10-26 14:30,Dine-In,Beverage,Mineral Water,2,12.41,24.82,Mobile Payment,Ana,28,Sunday,Lunch,
1609,C1002,Mateo Rodríguez,2025-06-22 09:30,Dine-In,Beverage,Iced Tea,3,17.66,52.98,Mobile Payment,Ana,14,Sunday,Breakfast,
1610,C1002,Mateo Rodríguez,2025-12-05 20:45,Delivery,Food,Sushi Roll,3,13.20,39.60,Mobile Payment,-,-,Friday,Dinner,
1611,C1002,Mateo Rodríguez,2025-04-14 20:50,Dine-In,Beverage,Latte,3,15.42,46.26,Cash,Ana,27,Monday,Dinner,Gluten-free
1612,C1002,Mateo Rodríguez,2025-06-15 20:40,Takeaway,Beverage,Iced Tea,3,19.82,59.46,Card,-,-,Sunday,Dinner,
1613,C1003,Valentina Gómez,2025-06-21 21:15,Delivery,Food,Margherita Pizza,3,19.21,57.63,Mobile Payment,-,-,Saturday,Dinner,
1614,C1003,Valentina Gómez,2025-01-01 09:20,Dine-In,Beverage,Fresh Orange Juice,2,15.12,30.24,Cash,Juan,18,Wednesday,Breakfast,Extra napkins
1615,C1003,Valentina Gómez,2025-08-11 08:20,Delivery,Food,Veggie Sandwich,2,19.38,38.76,Cash,-,-,Monday,Breakfast,Extra napkins
1616,C1003,Valentina Gómez,2025-07-06 08:15,Takeaway,Beverage,Cappuccino,3,18.67,56.01,Card,-,-,Sunday,Breakfast,
1617,C1003,Valentina Gómez,2025-11-20 12:00,Delivery,Food,Veggie Sandwich,4,19.40,77.60,Cash,-,-,Thursday,Lunch,
1618,C1003,Valentina Gómez,2025-02-21 19:40,Delivery,Beverage,Green Smoothie,2,18.54,37.08,Card,-,-,Friday,Dinner,
1619,C1003,Valentina Gómez,2025-12-10 09:50,Takeaway,Food,Beef Burger,2,18.39,36.78,Cash,-,-,Wednesday,Breakfast,Gluten-free
1620,C1003,Valentina Gómez,2025-04-06 09:10,Takeaway,Beverage,Green Smoothie,4,12.08,48.32,Cash,-,-,Sunday,Breakfast,
1621,C1003,Valentina Gómez,2025-03-10 18:05,Dine-In,Beverage,Mineral Water,3,12.41,37.23,Cash,Juan,26,Monday,Dinner,Gluten-free
1622,C1003,Valentina Gómez,2025-09-12 13:50,Takeaway,Beverage,Cappuccino,2,13.46,26.92,Mobile Payment,-,-,Friday,Lunch,
1623,C1003,Valentina Gómez,2025-05-16 19:00,Takeaway,Food,Margherita Pizza,3,12.08,36.24,Mobile Payment,-,-,Friday,Dinner,
1624,C1003,Valentina Gómez,2025-10-26 08:00,Takeaway,Beverage,Mineral Water,4,16.04,64.16,Card,-,-,Sunday,Breakfast,
1625,C1003,Valentina Gómez,2025-07-13 13:15,Delivery,Beverage,Iced Tea,2,12.67,25.34,Cash,-,-,Sunday,Lunch,No onions
1626,C1003,Valentina Gómez,2025-10-04 14:45,Dine-In,Beverage,Iced Tea,4,12.86,51.44,Mobile Payment,Miguel,11,Saturday,Lunch,No onions
1627,C1003,Valentina Gómez,2025-05-18 12:15,Takeaway,Beverage,Green Smoothie,2,13.81,27.62,Mobile Payment,-,-,Sunday,Lunch,
1628,C1003,Valentina Gómez,2025-11-04 21:10,Dine-In,Beverage,Green Smoothie,4,13.33,53.32,Mobile Payment,Miguel,30,Tuesday,Dinner,Less sugar
1629,C1003,Valentina Gómez,2025-03-09 13:40,Dine-In,Food,Margherita Pizza,3,17.83,53.49,Card,Carlos,21,Sunday,Lunch,Gluten-free
1630,C1003,Valentina Gómez,2025-07-22 21:10,Takeaway,Beverage,Mineral Water,2,16.04,32.08,Cash,-,-,Tuesday,Dinner,
1631,C1003,Valentina Gómez,2025-09-29 09:10,Dine-In,Food,Margherita Pizza,4,19.24,76.96,Cash,Miguel,2,Monday,Breakfast,No onions
1632,C1003,Valentina Gómez,2025-01-08 12:30,Delivery,Food,Veggie Sandwich,3,19.38,58.14,Mobile Payment,-,-,Wednesday,Lunch,Extra napkins
1633,C1003,Valentina Gómez,2025-04-05 18:00,Dine-In,Food,Sushi Roll,3,13.20,39.60,Card,Juan,15,Saturday,Dinner,Less sugar
1634,C1003,Valentina Gómez,2025-04-14 09:00,Dine-In,Food,Grilled Chicken,3,19.01,57.03,Cash,Miguel,16,Monday,Breakfast,
1635,C1003,Valentina Gómez,2025-08-20 08:10,Delivery,Beverage,Mineral Water,3,12.88,38.64,Mobile Payment,-,-,Wednesday,Breakfast,Less sugar
1636,C1003,Valentina Gómez,2025-08-10 21:30,Dine-In,Food,Caesar Salad,3,12.40,37.20,Cash,Carlos,9,Sunday,Dinner,
1637,C1003,Valentina Gómez,2025-08-20 12:00,Takeaway,Food,Margherita Pizza,2,15.66,31.32,Card,-,-,Wednesday,Lunch,
1638,C1003,Valentina Gómez,2025-01-08 21:30,Dine-In,Food,Sushi Roll,2,18.95,37.90,Mobile Payment,Ana,6,Wednesday,Dinner,
1639,C1003,Valentina Gómez,2025-07-24 14:30,Dine-In,Food,Caesar Salad,4,15.64,62.56,Mobile Payment,Juan,6,Thursday,Lunch,
1640,C1003,Valentina Gómez,2025-06-24 14:50,Delivery,Food,Margherita Pizza,4,18.58,74.32,Cash,-,-,Tuesday,Lunch,
1641,C1003,Valentina Gómez,2025-09-13 09:15,Dine-In,Food,Grilled Chicken,2,17.76,35.52,Mobile Payment,Ana,7,Saturday,Breakfast,
1642,C1003,Valentina Gómez,2025-11-26 14:35,Delivery,Food,Sushi Roll,4,16.11,64.44,Mobile Payment,-,-,Wednesday,Lunch,Extra napkins
1643,C1003,Valentina Gómez,2025-10-13 20:40,Delivery,Food,Beef Burger,4,18.39,73.56,Mobile Payment,-,-,Monday,Dinner,Extra napkins
1644,C1003,Valentina Gómez,2025-03-28 19:20,Takeaway,Food,Margherita Pizza,3,18.58,55.74,Card,-,-,Friday,Dinner,
1645,C1003,Valentina Gómez,2025-10-06 18:40,Dine-In,Beverage,Latte,3,14.84,44.52,Cash,Juan,16,Monday,Dinner,
1646,C1003,Valentina Gómez,2025-06-23 12:30,Delivery,Food,Margherita Pizza,2,19.24,38.48,Card,-,-,Monday,Lunch,No onions
1647,C1004,Santiago López,2025-06-12 08:35,Takeaway,Beverage,Latte,3,16.09,48.27,Mobile Payment,-,-,Thursday,Breakfast,
1648,C1004,Santiago López,2025-07-27 13:45,Dine-In,Food,Margherita Pizza,4,17.40,69.60,Mobile Payment,Carlos,20,Sunday,Lunch,
1649,C1004,Santiago López,2025-01-01 20:00,Dine-In,Food,Pasta Alfredo,3,15.56,46.68,Card,Valeria,13,Wednesday,Dinner,No onions
1650,C1004,Santiago López,2025-10-07 19:10,Takeaway,Food,Grilled Chicken,2,15.30,30.60,Cash,-,-,Tuesday,Dinner,Gluten-free
1651,C1004,Santiago López,2025-03-26 20:05,Dine-In,Food,Grilled Chicken,2,13.20,26.40,Mobile Payment,Miguel,21,Wednesday,Dinner,Extra napkins
1652,C1004,Santiago López,2025-09-27 20:15,Dine-In,Food,Sushi Roll,2,18.82,37.64,Cash,Carlos,30,Saturday,Dinner,No onions
1653,C1004,Santiago López,2025-12-10 09:05,Dine-In,Food,Margherita Pizza,4,18.74,74.96,Mobile Payment,Carlos,18,Wednesday,Breakfast,Less sugar
1654,C1004,Santiago López,2025-02-01 09:05,Delivery,Beverage,Mojito,3,14.28,42.84,Card,-,-,Saturday,Breakfast,No onions
1655,C1004,Santiago López,2025-04-17 14:35,Dine-In,Food,Grilled Chicken,4,14.21,56.84,Mobile Payment,Juan,18,Thursday,Lunch,No onions
1656,C1004,Santiago López,2025-11-01 13:50,Dine-In,Food,Grilled Chicken,2,15.37,30.74,Mobile Payment,Valeria,14,Saturday,Lunch,Gluten-free
1657,C1004,Santiago López,2025-08-19 09:00,Takeaway,Food,Pasta Alfredo,3,12.82,38.46,Cash,-,-,Tuesday,Breakfast,Less sugar
1658,C1004,Santiago López,2025-05-06 21:00,Dine-In,Beverage,Cappuccino,2,18.74,37.48,Mobile Payment,Miguel,12,Tuesday,Dinner,
1659,C1004,Santiago López,2025-04-22 21:10,Dine-In,Food,Pasta Alfredo,3,14.91,44.73,Card,Ana,2,Tuesday,Dinner,Less sugar
1660,C1004,Santiago López,2025-06-11 19:20,Takeaway,Food,Sushi Roll,4,13.67,54.68,Mobile Payment,-,-,Wednesday,Dinner,
1661,C1004,Santiago López,2025-11-24 19:40,Delivery,Beverage,Fresh Orange Juice,4,13.58,54.32,Card,-,-,Monday,Dinner,Extra napkins
1662,C1004,Santiago López,2025-01-13 18:35,Dine-In,Beverage,Latte,2,13.80,27.60,Cash,Carlos,30,Monday,Dinner,
1663,C1004,Santiago López,2025-06-15 21:15,Takeaway,Food,Grilled Chicken,4,19.41,77.64,Mobile Payment,-,-,Sunday,Dinner,No onions
1664,C1004,Santiago López,2025-11-13 19:45,Dine-In,Food,Veggie Sandwich,3,19.87,59.61,Mobile Payment,Valeria,20,Thursday,Dinner,Extra napkins
1665,C1004,Santiago López,2025-10-15 18:05,Dine-In,Food,Veggie Sandwich,3,14.27,42.81,Mobile Payment,Miguel,26,Wednesday,Dinner,Less sugar
1666,C1004,Santiago López,2025-10-31 12:50,Dine-In,Beverage,Mojito,4,15.77,63.08,Cash,Carlos,17,Friday,Lunch,No onions
1667,C1004,Santiago López,2025-07-31 20:40,Takeaway,Food,Sushi Roll,2,12.86,25.72,Cash,-,-,Thursday,Dinner,
1668,C1004,Santiago López,2025-07-05 20:00,Takeaway,Beverage,Mojito,4,14.14,56.56,Cash,-,-,Saturday,Dinner,
1669,C1004,Santiago López,2025-11-27 12:15,Takeaway,Food,Margherita Pizza,2,18.74,37.48,Cash,-,-,Thursday,Lunch,Less sugar
1670,C1004,Santiago López,2025-04-12 13:10,Dine-In,Food,Margherita Pizza,4,17.95,71.80,Cash,Ana,25,Saturday,Lunch,
1671,C1004,Santiago López,2025-11-27 18:30,Dine-In,Beverage,Mojito,2,15.77,31.54,Card,Valeria,28,Thursday,Dinner,
1672,C1004,Santiago López,2025-12-24 13:35,Dine-In,Food,Veggie Sandwich,4,15.03,60.12,Mobile Payment,Valeria,14,Wednesday,Lunch,
1673,C1004,Santiago López,2025-01-21 08:00,Takeaway,Food,Grilled Chicken,3,15.42,46.26,Card,-,-,Tuesday,Breakfast,Extra napkins
1674,C1004,Santiago López,2025-08-01 21:10,Dine-In,Beverage,Cappuccino,4,13.51,54.04,Cash,Valeria,3,Friday,Dinner,Extra napkins
1675,C1004,Santiago López,2025-03-27 21:50,Delivery,Food,Sushi Roll,3,11.82,35.46,Cash,-,-,Thursday,Dinner,No onions
1676,C1004,Santiago López,2025-01-18 12:30,Dine-In,Food,Sushi Roll,2,13.55,27.10,Mobile Payment,Juan,19,Saturday,Lunch,
1677,C1004,Santiago López,2025-12-26 08:35,Delivery,Food,Veggie Sandwich,2,19.87,39.74,Card,-,-,Friday,Breakfast,Less sugar
1678,C1004,Santiago López,2025-11-06 12:35,Takeaway,Beverage,Fresh Orange Juice,4,17.17,68.68,Mobile Payment,-,-,Thursday,Lunch,
1679,C1004,Santiago López,2025-03-25 20:15,Dine-In,Beverage,Mineral Water,4,15.73,62.92,Mobile Payment,Carlos,12,Tuesday,Dinner,No onions
1680,C1004,Santiago López,2025-05-25 20:30,Dine-In,Food,Grilled Chicken,2,15.30,30.60,Card,Carlos,1,Sunday,Dinner,
1681,C1004,Santiago López,2025-10-08 12:35,Takeaway,Beverage,Iced Tea,3,15.16,45.48,Card,-,-,Wednesday,Lunch,Gluten-free
1682,C1004,Santiago López,2025-08-14 21:15,Takeaway,Beverage,Cappuccino,4,18.98,75.92,Cash,-,-,Thursday,Dinner,
1683,C1004,Santiago López,2025-09-09 20:15,Dine-In,Food,Margherita Pizza,3,19.53,58.59,Cash,Carlos,18,Tuesday,Dinner,
1684,C1005,Isabella Torres,2025-07-08 21:00,Dine-In,Food,Veggie Sandwich,2,15.73,31.46,Card,Ana,5,Tuesday,Dinner,Less sugar
1685,C1005,Isabella Torres,2025-09-09 08:35,Dine-In,Beverage,Mineral Water,4,17.06,68.24,Mobile Payment,Juan,16,Tuesday,Breakfast,
1686,C1005,Isabella Torres,2025-03-31 20:05,Delivery,Beverage,Fresh Orange Juice,2,16.80,33.60,Cash,-,-,Monday,Dinner,
1687,C1005,Isabella Torres,2025-06-12 21:40,Dine-In,Beverage,Green Smoothie,2,13.21,26.42,Card,Juan,30,Thursday,Dinner,No onions
1688,C1005,Isabella Torres,2025-02-04 08:05,Takeaway,Beverage,Mojito,3,15.65,46.95,Card,-,-,Tuesday,Breakfast,
1689,C1005,Isabella Torres,2025-10-15 12:10,Dine-In,Beverage,Cappuccino,3,15.80,47.40,Mobile Payment,Miguel,28,Wednesday,Lunch,
1690,C1005,Isabella Torres,2025-11-27 09:10,Takeaway,Food,Veggie Sandwich,4,14.27,57.08,Card,-,-,Thursday,Breakfast,No onions
1691,C1005,Isabella Torres,2025-08-09 08:00,Delivery,Food,Veggie Sandwich,4,13.32,53.28,Cash,-,-,Saturday,Breakfast,Extra napkins
1692,C1005,Isabella Torres,2025-01-08 20:10,Takeaway,Beverage,Mineral Water,4,18.75,75.00,Card,-,-,Wednesday,Dinner,Gluten-free
1693,C1005,Isabella Torres,2025-12-08 13:00,Dine-In,Food,Caesar Salad,2,12.88,25.76,Card,Carlos,29,Monday,Lunch,
1694,C1005,Isabella Torres,2025-05-21 13:10,Dine-In,Food,Caesar Salad,4,19.04,76.16,Mobile Payment,Valeria,29,Wednesday,Lunch,
1695,C1005,Isabella Torres,2025-04-06 14:30,Delivery,Food,Sushi Roll,3,12.26,36.78,Mobile Payment,-,-,Sunday,Lunch,Gluten-free
1696,C1005,Isabella Torres,2025-05-02 20:00,Delivery,Beverage,Latte,3,15.13,45.39,Card,-,-,Friday,Dinner,No onions
1697,C1005,Isabella Torres,2025-12-27 13:45,Dine-In,Beverage,Iced Tea,3,17.43,52.29,Cash,Valeria,29,Saturday,Lunch,
1698,C1005,Isabella Torres,2025-09-05 19:40,Dine-In,Food,Veggie Sandwich,3,16.52,49.56,Mobile Payment,Juan,16,Friday,Dinner,
1699,C1005,Isabella Torres,2025-10-11 12:15,Dine-In,Food,Pasta Alfredo,4,15.56,62.24,Cash,Valeria,7,Saturday,Lunch,Less sugar
1700,C1005,Isabella Torres,2025-04-19 19:15,Dine-In,Food,Caesar Salad,4,12.88,51.52,Cash,Miguel,11,Saturday,Dinner,No onions
1701,C1005,Isabella Torres,2025-07-24 19:40,Takeaway,Beverage,Mojito,3,15.75,47.25,Cash,-,-,Thursday,Dinner,No onions
1702,C1005,Isabella Torres,2025-09-22 14:10,Takeaway,Beverage,Cappuccino,4,16.17,64.68,Card,-,-,Monday,Lunch,No onions
1703,C1005,Isabella Torres,2025-06-07 13:15,Takeaway,Beverage,Cappuccino,3,18.98,56.94,Cash,-,-,Saturday,Lunch,Extra napkins
1704,C1005,Isabella Torres,2025-11-03 20:50,Dine-In,Beverage,Fresh Orange Juice,2,12.37,24.74,Card,Juan,10,Monday,Dinner,Gluten-free
1705,C1005,Isabella Torres,2025-01-30 13:05,Dine-In,Food,Pasta Alfredo,2,13.81,27.62,Card,Miguel,22,Thursday,Lunch,
1706,C1005,Isabella Torres,2025-05-25 21:00,Dine-In,Food,Caesar Salad,2,18.29,36.58,Cash,Juan,1,Sunday,Dinner,
1707,C1005,Isabella Torres,2025-02-16 12:35,Takeaway,Food,Margherita Pizza,3,19.03,57.09,Mobile Payment,-,-,Sunday,Lunch,
1708,C1005,Isabella Torres,2025-07-21 19:30,Dine-In,Beverage,Mojito,3,19.74,59.22,Card,Juan,15,Monday,Dinner,Gluten-free
1709,C1005,Isabella Torres,2025-01-18 13:45,Dine-In,Food,Beef Burger,2,18.39,36.78,Mobile Payment,Carlos,13,Saturday,Lunch,
1710,C1005,Isabella Torres,2025-02-08 08:50,Dine-In,Beverage,Iced Tea,3,17.66,52.98,Mobile Payment,Valeria,2,Saturday,Breakfast,Gluten-free
1711,C1005,Isabella Torres,2025-10-08 13:45,Dine-In,Beverage,Green Smoothie,2,19.95,39.90,Cash,Ana,29,Wednesday,Lunch,Extra napkins
1712,C1005,Isabella Torres,2025-03-13 19:20,Delivery,Beverage,Iced Tea,3,19.82,59.46,Card,-,-,Thursday,Dinner,
1713,C1005,Isabella Torres,2025-04-28 19:00,Takeaway,Beverage,Fresh Orange Juice,4,17.79,71.16,Card,-,-,Monday,Dinner,No onions
1714,C1006,Daniel Ramírez,2025-12-20 20:05,Delivery,Food,Grilled Chicken,2,18.13,36.26,Card,-,-,Saturday,Dinner,Less sugar
1715,C1006,Daniel Ramírez,2025-11-14 12:50,Dine-In,Beverage,Mineral Water,4,18.46,73.84,Mobile Payment,Carlos,17,Friday,Lunch,
1716,C1006,Daniel Ramírez,2025-09-23 20:40,Delivery,Food,Sushi Roll,2,17.14,34.28,Card,-,-,Tuesday,Dinner,
1717,C1006,Daniel Ramírez,2025-04-28 09:35,Dine-In,Beverage,Mojito,3,19.74,59.22,Cash,Valeria,18,Monday,Breakfast,
1718,C1006,Daniel Ramírez,2025-06-21 08:20,Dine-In,Food,Margherita Pizza,3,17.48,52.44,Cash,Carlos,7,Saturday,Breakfast,
1719,C1006,Daniel Ramírez,2025-01-31 20:45,Delivery,Food,Margherita Pizza,3,18.94,56.82,Mobile Payment,-,-,Friday,Dinner,
1720,C1006,Daniel Ramírez,2025-03-22 09:15,Dine-In,Food,Caesar Salad,2,19.77,39.54,Cash,Carlos,16,Saturday,Breakfast,Gluten-free
1721,C1006,Daniel Ramírez,2025-07-01 20:15,Delivery,Food,Margherita Pizza,2,18.94,37.88,Mobile Payment,-,-,Tuesday,Dinner,Gluten-free
1722,C1006,Daniel Ramírez,2025-10-27 08:00,Dine-In,Food,Caesar Salad,4,16.82,67.28,Mobile Payment,Miguel,5,Monday,Breakfast,Less sugar
1723,C1006,Daniel Ramírez,2025-02-18 12:10,Takeaway,Food,Pasta Alfredo,2,15.71,31.42,Cash,-,-,Tuesday,Lunch,Extra napkins
1724,C1006,Daniel Ramírez,2025-08-09 21:20,Delivery,Food,Margherita Pizza,2,16.36,32.72,Mobile Payment,-,-,Saturday,Dinner,Gluten-free
1725,C1006,Daniel Ramírez,2025-05-11 08:00,Takeaway,Beverage,Mineral Water,2,18.04,36.08,Mobile Payment,-,-,Sunday,Breakfast,Less sugar
1726,C1006,Daniel Ramírez,2025-02-10 13:20,Dine-In,Food,Sushi Roll,2,15.33,30.66,Card,Juan,23,Monday,Lunch,
1727,C1006,Daniel Ramírez,2025-11-29 14:50,Dine-In,Beverage,Cappuccino,2,18.74,37.48,Cash,Miguel,13,Saturday,Lunch,
1728,C1006,Daniel Ramírez,2025-11-15 19:20,Takeaway,Beverage,Cappuccino,3,13.51,40.53,Mobile Payment,-,-,Saturday,Dinner,
1729,C1006,Daniel Ramírez,2025-07-20 09:00,Dine-In,Beverage,Latte,4,15.21,60.84,Mobile Payment,Carlos,25,Sunday,Breakfast,Extra napkins
1730,C1006,Daniel Ramírez,2025-03-22 19:20,Takeaway,Beverage,Mojito,3,12.46,37.38,Cash,-,-,Saturday,Dinner,No onions
1731,C1006,Daniel Ramírez,2025-07-30 12:40,Dine-In,Beverage,Cappuccino,4,17.14,68.56,Mobile Payment,Miguel,10,Wednesday,Lunch,
1732,C1007,Camila Hernández,2025-01-27 12:30,Delivery,Food,Margherita Pizza,2,16.38,32.76,Card,-,-,Monday,Lunch,
1733,C1007,Camila Hernández,2025-11-18 21:20,Delivery,Food,Margherita Pizza,4,15.66,62.64,Card,-,-,Tuesday,Dinner,
1734,C1007,Camila Hernández,2025-05-09 12:10,Delivery,Beverage,Mojito,2,15.75,31.50,Card,-,-,Friday,Lunch,Gluten-free
1735,C1007,Camila Hernández,2025-04-06 18:15,Takeaway,Food,Grilled Chicken,3,13.55,40.65,Cash,-,-,Sunday,Dinner,
1736,C1007,Camila Hernández,2025-07-07 13:00,Dine-In,Beverage,Cappuccino,2,13.30,26.60,Cash,Carlos,6,Monday,Lunch,
1737,C1007,Camila Hernández,2025-09-27 21:45,Dine-In,Beverage,Fresh Orange Juice,4,17.49,69.96,Mobile Payment,Carlos,9,Saturday,Dinner,
1738,C1007,Camila Hernández,2025-03-05 20:10,Delivery,Beverage,Cappuccino,3,12.28,36.84,Card,-,-,Wednesday,Dinner,Gluten-free
1739,C1007,Camila Hernández,2025-10-09 12:15,Dine-In,Beverage,Mineral Water,4,18.10,72.40,Card,Juan,22,Thursday,Lunch,Extra napkins
1740,C1007,Camila Hernández,2025-06-19 20:05,Dine-In,Beverage,Iced Tea,3,15.81,47.43,Mobile Payment,Carlos,24,Thursday,Dinner,
1741,C1007,Camila Hernández,2025-12-23 18:30,Dine-In,Food,Margherita Pizza,4,19.53,78.12,Cash,Carlos,24,Tuesday,Dinner,Less sugar
1742,C1007,Camila Hernández,2025-02-23 09:05,Dine-In,Beverage,Fresh Orange Juice,2,16.95,33.90,Cash,Valeria,28,Sunday,Breakfast,
1743,C1007,Camila Hernández,2025-08-05 13:05,Takeaway,Beverage,Cappuccino,4,15.80,63.20,Mobile Payment,-,-,Tuesday,Lunch,Extra napkins
1744,C1007,Camila Hernández,2025-03-07 13:15,Delivery,Beverage,Latte,2,18.13,36.26,Cash,-,-,Friday,Lunch,No onions
1745,C1007,Camila Hernández,2025-09-04 18:35,Delivery,Beverage,Latte,2,13.90,27.80,Cash,-,-,Thursday,Dinner,
1746,C1007,Camila Hernández,2025-04-18 08:50,Delivery,Food,Veggie Sandwich,2,18.04,36.08,Mobile Payment,-,-,Friday,Breakfast,Extra napkins
1747,C1007,Camila Hernández,2025-10-11 18:30,Dine-In,Beverage,Fresh Orange Juice,4,17.12,68.48,Card,Valeria,11,Saturday,Dinner,
1748,C1007,Camila Hernández,2025-09-24 09:30,Dine-In,Food,Grilled Chicken,2,19.01,38.02,Card,Valeria,22,Wednesday,Breakfast,
1749,C1007,Camila Hernández,2025-01-12 12:10,Dine-In,Food,Caesar Salad,3,19.32,57.96,Card,Juan,2,Sunday,Lunch,
1750,C1007,Camila Hernández,2025-07-27 09:35,Delivery,Food,Caesar Salad,4,11.94,47.76,Cash,-,-,Sunday,Breakfast,
1751,C1007,Camila Hernández,2025-07-25 20:40,Delivery,Beverage,Latte,3,16.14,48.42,Cash,-,-,Friday,Dinner,Gluten-free
1752,C1007,Camila Hernández,2025-12-08 13:40,Dine-In,Beverage,Cappuccino,4,16.65,66.60,Cash,Miguel,7,Monday,Lunch,No onions
1753,C1007,Camila Hernández,2025-10-05 21:05,Delivery,Beverage,Fresh Orange Juice,3,13.94,41.82,Mobile Payment,-,-,Sunday,Dinner,
1754,C1007,Camila Hernández,2025-03-07 14:05,Dine-In,Food,Veggie Sandwich,2,12.53,25.06,Mobile Payment,Ana,3,Friday,Lunch,
1755,C1008,Alejandro Castro,2025-12-15 20:10,Delivery,Food,Pasta Alfredo,4,18.53,74.12,Card,-,-,Monday,Dinner,Less sugar
1756,C1008,Alejandro Castro,2025-09-18 08:50,Delivery,Beverage,Cappuccino,3,13.51,40.53,Mobile Payment,-,-,Thursday,Breakfast,No onions
1757,C1008,Alejandro Castro,2025-10-02 09:35,Dine-In,Food,Beef Burger,4,19.88,79.52,Cash,Ana,13,Thursday,Breakfast,Extra napkins
1758,C1008,Alejandro Castro,2025-11-22 08:20,Dine-In,Food,Margherita Pizza,4,15.66,62.64,Cash,Carlos,29,Saturday,Breakfast,Gluten-free
1759,C1008,Alejandro Castro,2025-07-31 08:50,Dine-In,Food,Margherita Pizza,4,19.53,78.12,Card,Valeria,5,Thursday,Breakfast,Extra napkins
1760,C1008,Alejandro Castro,2025-08-15 13:35,Dine-In,Food,Veggie Sandwich,3,16.52,49.56,Mobile Payment,Juan,1,Friday,Lunch,
1761,C1008,Alejandro Castro,2025-06-10 12:35,Takeaway,Beverage,Mojito,4,12.44,49.76,Mobile Payment,-,-,Tuesday,Lunch,
1762,C1008,Alejandro Castro,2025-02-15 21:00,Dine-In,Food,Caesar Salad,4,16.82,67.28,Mobile Payment,Miguel,12,Saturday,Dinner,
1763,C1008,Alejandro Castro,2025-03-31 14:45,Delivery,Beverage,Cappuccino,4,17.14,68.56,Cash,-,-,Monday,Lunch,Less sugar
1764,C1008,Alejandro Castro,2025-04-19 13:40,Delivery,Beverage,Mineral Water,4,13.96,55.84,Cash,-,-,Saturday,Lunch,No onions
1765,C1008,Alejandro Castro,2025-05-29 21:15,Dine-In,Beverage,Green Smoothie,4,18.54,74.16,Card,Valeria,23,Thursday,Dinner,Less sugar
1766,C1008,Alejandro Castro,2025-01-08 20:30,Dine-In,Beverage,Mojito,2,12.46,24.92,Card,Juan,22,Wednesday,Dinner,Extra napkins
1767,C1008,Alejandro Castro,2025-01-24 14:20,Delivery,Food,Caesar Salad,3,16.60,49.80,Mobile Payment,-,-,Friday,Lunch,Gluten-free
1768,C1008,Alejandro Castro,2025-02-24 18:10,Delivery,Beverage,Latte,2,14.84,29.68,Cash,-,-,Monday,Dinner,Gluten-free
1769,C1008,Alejandro Castro,2025-01-04 13:45,Takeaway,Food,Caesar Salad,4,17.39,69.56,Mobile Payment,-,-,Saturday,Lunch,
1770,C1008,Alejandro Castro,2025-10-18 09:10,Dine-In,Beverage,Latte,2,18.90,37.80,Mobile Payment,Ana,7,Saturday,Breakfast,Less sugar
1771,C1008,Alejandro Castro,2025-01-13 18:35,Dine-In,Beverage,Cappuccino,4,15.80,63.20,Card,Juan,8,Monday,Dinner,Extra napkins
1772,C1008,Alejandro Castro,2025-04-11 18:45,Delivery,Beverage,Latte,4,14.89,59.56,Mobile Payment,-,-,Friday,Dinner,Gluten-free
1773,C1008,Alejandro Castro,2025-12-20 12:50,Dine-In,Beverage,Green Smoothie,4,17.26,69.04,Card,Ana,14,Saturday,Lunch,
1774,C1008,Alejandro Castro,2025-05-05 09:20,Dine-In,Beverage,Mojito,3,16.64,49.92,Card,Miguel,12,Monday,Breakfast,
1775,C1008,Alejandro Castro,2025-07-24 13:50,Dine-In,Food,Grilled Chicken,2,13.76,27.52,Cash,Carlos,1,Thursday,Lunch,
1776,C1008,Alejandro Castro,2025-04-25 21:45,Dine-In,Beverage,Cappuccino,4,13.46,53.84,Card,Miguel,13,Friday,Dinner,
1777,C1008,Alejandro Castro,2025-06-15 12:45,Delivery,Food,Sushi Roll,4,13.20,52.80,Mobile Payment,-,-,Sunday,Lunch,
1778,C1008,Alejandro Castro,2025-12-18 19:10,Takeaway,Food,Grilled Chicken,3,13.75,41.25,Card,-,-,Thursday,Dinner,Extra napkins
1779,C1009,Mariana Silva,2025-07-09 13:15,Delivery,Beverage,Cappuccino,4,13.46,53.84,Cash,-,-,Wednesday,Lunch,
1780,C1009,Mariana Silva,2025-05-13 13:40,Dine-In,Food,Margherita Pizza,4,17.95,71.80,Mobile Payment,Carlos,15,Tuesday,Lunch,No onions
1781,C1009,Mariana Silva,2025-06-22 14:00,Dine-In,Beverage,Mojito,3,14.09,42.27,Card,Carlos,16,Sunday,Lunch,Less sugar
1782,C1009,Mariana Silva,2025-02-04 19:20,Dine-In,Food,Pasta Alfredo,2,18.53,37.06,Cash,Carlos,28,Tuesday,Dinner,No onions
1783,C1009,Mariana Silva,2025-04-18 21:20,Delivery,Food,Pasta Alfredo,3,12.82,38.46,Cash,-,-,Friday,Dinner,Extra napkins
1784,C1009,Mariana Silva,2025-08-31 13:05,Dine-In,Food,Margherita Pizza,2,18.94,37.88,Mobile Payment,Valeria,15,Sunday,Lunch,
1785,C1009,Mariana Silva,2025-10-18 13:35,Dine-In,Beverage,Mojito,3,19.22,57.66,Mobile Payment,Juan,21,Saturday,Lunch,
1786,C1009,Mariana Silva,2025-09-06 21:30,Delivery,Beverage,Fresh Orange Juice,4,19.52,78.08,Mobile Payment,-,-,Saturday,Dinner,
1787,C1009,Mariana Silva,2025-01-28 12:05,Dine-In,Beverage,Fresh Orange Juice,2,16.79,33.58,Cash,Carlos,22,Tuesday,Lunch,No onions
1788,C1009,Mariana Silva,2025-12-28 21:40,Dine-In,Beverage,Green Smoothie,3,13.81,41.43,Mobile Payment,Miguel,8,Sunday,Dinner,No onions
1789,C1009,Mariana Silva,2025-03-27 18:05,Dine-In,Food,Pasta Alfredo,2,14.30,28.60,Cash,Ana,24,Thursday,Dinner,Less sugar
1790,C1009,Mariana Silva,2025-11-06 12:00,Delivery,Food,Grilled Chicken,3,19.01,57.03,Cash,-,-,Thursday,Lunch,No onions
1791,C1009,Mariana Silva,2025-06-16 20:50,Delivery,Food,Margherita Pizza,4,14.30,57.20,Cash,-,-,Monday,Dinner,Extra napkins
1792,C1009,Mariana Silva,2025-10-06 18:00,Takeaway,Beverage,Latte,3,13.80,41.40,Cash,-,-,Monday,Dinner,Extra napkins
1793,C1009,Mariana Silva,2025-06-12 08:35,Dine-In,Food,Caesar Salad,2,19.77,39.54,Card,Carlos,18,Thursday,Breakfast,
1794,C1009,Mariana Silva,2025-10-13 20:45,Dine-In,Food,Caesar Salad,4,17.78,71.12,Cash,Carlos,3,Monday,Dinner,
1795,C1009,Mariana Silva,2025-12-23 19:20,Dine-In,Food,Caesar Salad,2,17.39,34.78,Mobile Payment,Ana,9,Tuesday,Dinner,Gluten-free
1796,C1009,Mariana Silva,2025-10-08 09:05,Dine-In,Beverage,Cappuccino,4,18.67,74.68,Card,Miguel,9,Wednesday,Breakfast,
1797,C1009,Mariana Silva,2025-06-23 13:15,Delivery,Food,Pasta Alfredo,4,18.53,74.12,Cash,-,-,Monday,Lunch,
1798,C1009,Mariana Silva,2025-09-22 12:05,Dine-In,Beverage,Iced Tea,2,16.80,33.60,Card,Ana,7,Monday,Lunch,
1799,C1009,Mariana Silva,2025-07-29 21:35,Delivery,Beverage,Cappuccino,4,18.67,74.68,Mobile Payment,-,-,Tuesday,Dinner,
1800,C1009,Mariana Silva,2025-07-31 20:30,Takeaway,Beverage,Mojito,2,19.22,38.44,Mobile Payment,-,-,Thursday,Dinner,Extra napkins
1801,C1009,Mariana Silva,2025-05-28 18:35,Dine-In,Beverage,Mojito,4,14.35,57.40,Cash,Miguel,21,Wednesday,Dinner,Extra napkins
1802,C1009,Mariana Silva,2025-11-01 09:00,Dine-In,Food,Veggie Sandwich,4,19.38,77.52,Card,Valeria,25,Saturday,Breakfast,Extra napkins
1803,C1009,Mariana Silva,2025-01-27 12:10,Delivery,Food,Grilled Chicken,3,15.42,46.26,Mobile Payment,-,-,Monday,Lunch,No onions
1804,C1009,Mariana Silva,2025-09-16 13:10,Delivery,Beverage,Mineral Water,3,18.75,56.25,Cash,-,-,Tuesday,Lunch,
1805,C1009,Mariana Silva,2025-08-18 12:05,Delivery,Food,Veggie Sandwich,3,16.52,49.56,Mobile Payment,-,-,Monday,Lunch,No onions
1806,C1009,Mariana Silva,2025-04-05 13:50,Takeaway,Beverage,Latte,4,18.13,72.52,Cash,-,-,Saturday,Lunch,No onions
1807,C1009,Mariana Silva,2025-07-21 21:45,Delivery,Food,Margherita Pizza,2,12.74,25.48,Cash,-,-,Monday,Dinner,
1808,C1009,Mariana Silva,2025-10-22 14:45,Takeaway,Beverage,Fresh Orange Juice,2,15.12,30.24,Mobile Payment,-,-,Wednesday,Lunch,Gluten-free
1809,C1009,Mariana Silva,2025-10-05 21:05,Dine-In,Beverage,Mineral Water,3,13.06,39.18,Mobile Payment,Carlos,26,Sunday,Dinner,
1810,C1010,Nicolás Vargas,2025-06-15 12:20,Dine-In,Beverage,Iced Tea,2,19.62,39.24,Mobile Payment,Carlos,10,Sunday,Lunch,
1811,C1010,Nicolás Vargas,2025-03-29 20:45,Dine-In,Food,Margherita Pizza,2,18.74,37.48,Card,Valeria,1,Saturday,Dinner,
1812,C1010,Nicolás Vargas,2025-10-16 12:00,Delivery,Beverage,Cappuccino,4,14.18,56.72,Mobile Payment,-,-,Thursday,Lunch,
1813,C1010,Nicolás Vargas,2025-07-08 12:20,Dine-In,Beverage,Iced Tea,2,13.11,26.22,Mobile Payment,Miguel,17,Tuesday,Lunch,
1814,C1010,Nicolás Vargas,2025-09-22 13:20,Delivery,Beverage,Latte,3,18.06,54.18,Cash,-,-,Monday,Lunch,Extra napkins
1815,C1010,Nicolás Vargas,2025-08-12 20:30,Dine-In,Food,Caesar Salad,2,17.39,34.78,Mobile Payment,Juan,17,Tuesday,Dinner,
1816,C1010,Nicolás Vargas,2025-12-09 21:00,Takeaway,Beverage,Mineral Water,4,15.73,62.92,Card,-,-,Tuesday,Dinner,Extra napkins
1817,C1010,Nicolás Vargas,2025-02-16 20:10,Dine-In,Beverage,Cappuccino,4,18.67,74.68,Mobile Payment,Carlos,19,Sunday,Dinner,
1818,C1010,Nicolás Vargas,2025-04-06 08:15,Dine-In,Food,Sushi Roll,3,18.22,54.66,Mobile Payment,Valeria,17,Sunday,Breakfast,Gluten-free
1819,C1010,Nicolás Vargas,2025-05-07 12:35,Dine-In,Food,Pasta Alfredo,3,14.30,42.90,Cash,Carlos,22,Wednesday,Lunch,Less sugar
1820,C1010,Nicolás Vargas,2025-11-22 21:05,Delivery,Food,Margherita Pizza,4,15.37,61.48,Cash,-,-,Saturday,Dinner,
1821,C1010,Nicolás Vargas,2025-01-16 12:35,Delivery,Beverage,Mojito,3,17.64,52.92,Cash,-,-,Thursday,Lunch,
1822,C1010,Nicolás Vargas,2025-11-09 08:10,Dine-In,Beverage,Mineral Water,4,14.04,56.16,Card,Juan,16,Sunday,Breakfast,Gluten-free
1823,C1010,Nicolás Vargas,2025-12-08 09:30,Takeaway,Beverage,Cappuccino,2,19.33,38.66,Card,-,-,Monday,Breakfast,Gluten-free
1824,C1010,Nicolás Vargas,2025-06-10 20:30,Takeaway,Beverage,Cappuccino,2,18.98,37.96,Mobile Payment,-,-,Tuesday,Dinner,Gluten-free
1825,C1010,Nicolás Vargas,2025-04-09 18:20,Takeaway,Food,Grilled Chicken,3,14.21,42.63,Card,-,-,Wednesday,Dinner,No onions
1826,C1010,Nicolás Vargas,2025-09-07 08:05,Delivery,Food,Margherita Pizza,2,12.08,24.16,Cash,-,-,Sunday,Breakfast,Gluten-free
1827,C1010,Nicolás Vargas,2025-02-11 19:35,Delivery,Food,Margherita Pizza,3,19.21,57.63,Cash,-,-,Tuesday,Dinner,
1828,C1010,Nicolás Vargas,2025-12-01 12:30,Delivery,Food,Pasta Alfredo,2,14.30,28.60,Mobile Payment,-,-,Monday,Lunch,No onions
1829,C1010,Nicolás Vargas,2025-04-24 21:30,Dine-In,Food,Caesar Salad,2,15.45,30.90,Card,Miguel,1,Thursday,Dinner,
1830,C1010,Nicolás Vargas,2025-04-19 20:05,Delivery,Food,Caesar Salad,2,19.77,39.54,Mobile Payment,-,-,Saturday,Dinner,
1831,C1010,Nicolás Vargas,2025-10-08 08:05,Dine-In,Food,Veggie Sandwich,3,16.52,49.56,Cash,Ana,29,Wednesday,Breakfast,
1832,C1010,Nicolás Vargas,2025-01-01 18:45,Dine-In,Food,Caesar Salad,2,19.32,38.64,Mobile Payment,Carlos,5,Wednesday,Dinner,Less sugar
1833,C1010,Nicolás Vargas,2025-01-27 19:15,Dine-In,Food,Caesar Salad,4,15.08,60.32,Mobile Payment,Ana,18,Monday,Dinner,Extra napkins
1834,C1011,Laura Jiménez,2025-04-08 13:05,Delivery,Beverage,Cappuccino,4,16.55,66.20,Card,-,-,Tuesday,Lunch,Gluten-free
1835,C1011,Laura Jiménez,2025-09-11 21:35,Delivery,Food,Pasta Alfredo,2,15.89,31.78,Mobile Payment,-,-,Thursday,Dinner,Gluten-free
1836,C1011,Laura Jiménez,2025-03-08 12:40,Takeaway,Beverage,Mineral Water,3,13.18,39.54,Cash,-,-,Saturday,Lunch,No onions
1837,C1011,Laura Jiménez,2025-01-31 08:35,Delivery,Beverage,Cappuccino,2,17.14,34.28,Card,-,-,Friday,Breakfast,Less sugar
1838,C1011,Laura Jiménez,2025-05-06 12:20,Dine-In,Beverage,Fresh Orange Juice,2,13.94,27.88,Card,Ana,27,Tuesday,Lunch,
1839,C1011,Laura Jiménez,2025-06-07 20:10,Dine-In,Food,Pasta Alfredo,2,14.91,29.82,Cash,Carlos,12,Saturday,Dinner,No onions
1840,C1011,Laura Jiménez,2025-08-24 08:05,Dine-In,Beverage,Latte,4,16.09,64.36,Mobile Payment,Valeria,20,Sunday,Breakfast,Gluten-free
1841,C1011,Laura Jiménez,2025-07-29 12:00,Dine-In,Food,Grilled Chicken,4,17.08,68.32,Card,Juan,18,Tuesday,Lunch,
1842,C1011,Laura Jiménez,2025-02-09 21:35,Dine-In,Food,Sushi Roll,4,17.14,68.56,Card,Valeria,4,Sunday,Dinner,Extra napkins
1843,C1011,Laura Jiménez,2025-12-19 20:30,Delivery,Beverage,Iced Tea,4,19.74,78.96,Cash,-,-,Friday,Dinner,Less sugar
1844,C1011,Laura Jiménez,2025-10-12 12:00,Dine-In,Beverage,Cappuccino,3,12.65,37.95,Cash,Juan,12,Sunday,Lunch,Extra napkins
1845,C1011,Laura Jiménez,2025-11-02 12:15,Dine-In,Beverage,Fresh Orange Juice,3,17.49,52.47,Card,Carlos,8,Sunday,Lunch,Gluten-free
1846,C1011,Laura Jiménez,2025-08-01 19:45,Dine-In,Beverage,Mineral Water,4,18.10,72.40,Mobile Payment,Juan,27,Friday,Dinner,
1847,C1011,Laura Jiménez,2025-11-28 09:10,Dine-In,Beverage,Latte,4,17.34,69.36,Card,Carlos,4,Friday,Breakfast,
1848,C1011,Laura Jiménez,2025-04-26 13:45,Takeaway,Beverage,Iced Tea,2,15.81,31.62,Card,-,-,Saturday,Lunch,
1849,C1011,Laura Jiménez,2025-05-12 08:50,Delivery,Beverage,Green Smoothie,3,17.26,51.78,Card,-,-,Monday,Breakfast,
1850,C1011,Laura Jiménez,2025-11-08 19:05,Takeaway,Beverage,Cappuccino,4,13.51,54.04,Cash,-,-,Saturday,Dinner,Extra napkins
1851,C1011,Laura Jiménez,2025-03-16 12:45,Dine-In,Food,Pasta Alfredo,3,14.11,42.33,Cash,Ana,1,Sunday,Lunch,
1852,C1011,Laura Jiménez,2025-05-06 08:20,Delivery,Beverage,Fresh Orange Juice,2,17.49,34.98,Card,-,-,Tuesday,Breakfast,
1853,C1011,Laura Jiménez,2025-05-28 18:10,Dine-In,Beverage,Cappuccino,3,16.76,50.28,Card,Miguel,9,Wednesday,Dinner,Extra napkins
1854,C1011,Laura Jiménez,2025-05-31 12:10,Delivery,Beverage,Iced Tea,4,17.07,68.28,Cash,-,-,Saturday,Lunch,
1855,C1011,Laura Jiménez,2025-02-28 19:40,Delivery,Beverage,Iced Tea,2,12.86,25.72,Mobile Payment,-,-,Friday,Dinner,
1856,C1011,Laura Jiménez,2025-10-03 08:20,Delivery,Beverage,Cappuccino,2,13.68,27.36,Mobile Payment,-,-,Friday,Breakfast,Gluten-free
1857,C1011,Laura Jiménez,2025-08-06 08:50,Dine-In,Food,Grilled Chicken,3,19.01,57.03,Cash,Carlos,19,Wednesday,Breakfast,Extra napkins
1858,C1012,Sebastián Moreno,2025-04-29 20:30,Dine-In,Beverage,Fresh Orange Juice,3,13.94,41.82,Cash,Ana,14,Tuesday,Dinner,Gluten-free
1859,C1012,Sebastián Moreno,2025-03-06 13:30,Delivery,Food,Margherita Pizza,2,12.33,24.66,Card,-,-,Thursday,Lunch,
1860,C1012,Sebastián Moreno,2025-09-07 09:10,Delivery,Beverage,Latte,3,16.97,50.91,Cash,-,-,Sunday,Breakfast,No onions
1861,C1012,Sebastián Moreno,2025-10-20 12:50,Delivery,Beverage,Cappuccino,4,13.51,54.04,Cash,-,-,Monday,Lunch,Less sugar
1862,C1012,Sebastián Moreno,2025-02-17 19:40,Dine-In,Food,Veggie Sandwich,4,11.99,47.96,Cash,Ana,26,Monday,Dinner,
1863,C1012,Sebastián Moreno,2025-05-04 19:20,Dine-In,Beverage,Green Smoothie,3,16.92,50.76,Cash,Valeria,14,Sunday,Dinner,
1864,C1012,Sebastián Moreno,2025-06-05 12:15,Delivery,Food,Veggie Sandwich,2,15.38,30.76,Mobile Payment,-,-,Thursday,Lunch,
1865,C1012,Sebastián Moreno,2025-08-16 08:35,Delivery,Food,Caesar Salad,3,12.88,38.64,Card,-,-,Saturday,Breakfast,Gluten-free
1866,C1012,Sebastián Moreno,2025-11-09 13:10,Dine-In,Food,Caesar Salad,2,16.82,33.64,Cash,Miguel,9,Sunday,Lunch,
1867,C1012,Sebastián Moreno,2025-07-07 13:10,Dine-In,Beverage,Mineral Water,3,16.04,48.12,Mobile Payment,Miguel,6,Monday,Lunch,No onions
1868,C1012,Sebastián Moreno,2025-01-02 13:10,Takeaway,Beverage,Mojito,3,14.09,42.27,Mobile Payment,-,-,Thursday,Lunch,Gluten-free
1869,C1012,Sebastián Moreno,2025-12-09 19:05,Dine-In,Food,Margherita Pizza,3,17.40,52.20,Mobile Payment,Carlos,3,Tuesday,Dinner,Extra napkins
1870,C1012,Sebastián Moreno,2025-05-03 14:10,Dine-In,Beverage,Fresh Orange Juice,3,13.62,40.86,Mobile Payment,Ana,28,Saturday,Lunch,
1871,C1012,Sebastián Moreno,2025-12-29 20:00,Takeaway,Beverage,Iced Tea,3,19.62,58.86,Cash,-,-,Monday,Dinner,No onions
1872,C1012,Sebastián Moreno,2025-10-26 21:05,Delivery,Food,Sushi Roll,3,13.95,41.85,Mobile Payment,-,-,Sunday,Dinner,
1873,C1012,Sebastián Moreno,2025-05-31 14:45,Dine-In,Food,Margherita Pizza,3,16.86,50.58,Card,Valeria,2,Saturday,Lunch,Gluten-free
1874,C1012,Sebastián Moreno,2025-09-30 09:50,Dine-In,Beverage,Iced Tea,3,17.64,52.92,Mobile Payment,Ana,25,Tuesday,Breakfast,Gluten-free
1875,C1012,Sebastián Moreno,2025-09-16 21:05,Dine-In,Beverage,Mojito,2,12.46,24.92,Cash,Miguel,30,Tuesday,Dinner,
1876,C1012,Sebastián Moreno,2025-07-18 08:00,Delivery,Food,Sushi Roll,4,15.62,62.48,Card,-,-,Friday,Breakfast,
1877,C1012,Sebastián Moreno,2025-11-06 13:20,Delivery,Food,Beef Burger,3,19.93,59.79,Card,-,-,Thursday,Lunch,No onions
1878,C1012,Sebastián Moreno,2025-02-12 13:00,Delivery,Beverage,Mojito,4,15.75,63.00,Card,-,-,Wednesday,Lunch,Extra napkins
1879,C1012,Sebastián Moreno,2025-06-27 09:50,Dine-In,Beverage,Mojito,4,15.65,62.60,Card,Carlos,8,Friday,Breakfast,Extra napkins
1880,C1012,Sebastián Moreno,2025-10-24 12:05,Dine-In,Beverage,Latte,3,15.13,45.39,Mobile Payment,Ana,20,Friday,Lunch,Gluten-free
1881,C1012,Sebastián Moreno,2025-04-22 18:10,Dine-In,Food,Margherita Pizza,2,18.80,37.60,Cash,Miguel,29,Tuesday,Dinner,No onions
1882,C1012,Sebastián Moreno,2025-08-22 18:05,Dine-In,Beverage,Fresh Orange Juice,3,12.17,36.51,Card,Ana,8,Friday,Dinner,Less sugar
1883,C1012,Sebastián Moreno,2025-08-13 14:45,Delivery,Food,Veggie Sandwich,4,11.99,47.96,Mobile Payment,-,-,Wednesday,Lunch,
1884,C1012,Sebastián Moreno,2025-12-10 12:20,Takeaway,Food,Pasta Alfredo,3,18.49,55.47,Cash,-,-,Wednesday,Lunch,
1885,C1012,Sebastián Moreno,2025-12-29 13:40,Delivery,Beverage,Latte,4,15.54,62.16,Cash,-,-,Monday,Lunch,Extra napkins
1886,C1012,Sebastián Moreno,2025-10-21 12:35,Dine-In,Food,Sushi Roll,2,11.92,23.84,Mobile Payment,Juan,29,Tuesday,Lunch,
1887,C1012,Sebastián Moreno,2025-10-07 20:40,Dine-In,Food,Margherita Pizza,4,18.74,74.96,Cash,Valeria,6,Tuesday,Dinner,Less sugar
1888,C1012,Sebastián Moreno,2025-03-19 13:15,Dine-In,Beverage,Latte,2,12.39,24.78,Card,Miguel,7,Wednesday,Lunch,
1889,C1012,Sebastián Moreno,2025-04-25 19:20,Dine-In,Food,Veggie Sandwich,3,15.38,46.14,Cash,Juan,28,Friday,Dinner,
1890,C1012,Sebastián Moreno,2025-04-09 13:00,Delivery,Food,Sushi Roll,2,11.82,23.64,Mobile Payment,-,-,Wednesday,Lunch,
1891,C1012,Sebastián Moreno,2025-12-23 18:15,Dine-In,Food,Caesar Salad,3,12.54,37.62,Mobile Payment,Miguel,30,Tuesday,Dinner,Less sugar
1892,C1012,Sebastián Moreno,2025-12-10 20:40,Dine-In,Beverage,Mineral Water,3,18.04,54.12,Cash,Juan,1,Wednesday,Dinner,
1893,C1013,Gabriela Rojas,2025-05-26 08:00,Dine-In,Beverage,Mineral Water,4,15.73,62.92,Card,Ana,28,Monday,Breakfast,
1894,C1013,Gabriela Rojas,2025-04-24 13:05,Dine-In,Food,Margherita Pizza,4,14.72,58.88,Mobile Payment,Juan,12,Thursday,Lunch,No onions
1895,C1013,Gabriela Rojas,2025-08-03 09:05,Delivery,Food,Pasta Alfredo,2,14.91,29.82,Card,-,-,Sunday,Breakfast,
1896,C1013,Gabriela Rojas,2025-06-15 19:10,Dine-In,Food,Veggie Sandwich,4,17.83,71.32,Card,Juan,1,Sunday,Dinner,Extra napkins
1897,C1013,Gabriela Rojas,2025-02-08 12:35,Takeaway,Beverage,Mojito,2,17.63,35.26,Cash,-,-,Saturday,Lunch,Gluten-free
1898,C1013,Gabriela Rojas,2025-09-22 19:35,Delivery,Food,Grilled Chicken,2,12.79,25.58,Mobile Payment,-,-,Monday,Dinner,No onions
1899,C1013,Gabriela Rojas,2025-11-29 18:00,Takeaway,Beverage,Green Smoothie,3,16.92,50.76,Mobile Payment,-,-,Saturday,Dinner,
1900,C1013,Gabriela Rojas,2025-07-01 19:40,Dine-In,Food,Caesar Salad,3,12.40,37.20,Card,Carlos,5,Tuesday,Dinner,Extra napkins
1901,C1013,Gabriela Rojas,2025-10-20 18:50,Delivery,Beverage,Iced Tea,3,14.00,42.00,Card,-,-,Monday,Dinner,
1902,C1013,Gabriela Rojas,2025-03-07 20:05,Dine-In,Beverage,Cappuccino,4,15.80,63.20,Mobile Payment,Juan,25,Friday,Dinner,Less sugar
1903,C1013,Gabriela Rojas,2025-12-28 19:15,Dine-In,Food,Pasta Alfredo,3,15.71,47.13,Card,Juan,19,Sunday,Dinner,
1904,C1013,Gabriela Rojas,2025-01-03 12:15,Delivery,Beverage,Cappuccino,3,13.93,41.79,Card,-,-,Friday,Lunch,
1905,C1013,Gabriela Rojas,2025-11-29 18:30,Dine-In,Food,Grilled Chicken,3,12.79,38.37,Cash,Ana,20,Saturday,Dinner,Extra napkins
1906,C1013,Gabriela Rojas,2025-08-16 19:05,Takeaway,Food,Margherita Pizza,3,12.08,36.24,Card,-,-,Saturday,Dinner,Extra napkins
1907,C1013,Gabriela Rojas,2025-03-08 12:15,Delivery,Beverage,Fresh Orange Juice,2,13.62,27.24,Cash,-,-,Saturday,Lunch,Extra napkins
1908,C1013,Gabriela Rojas,2025-09-21 19:50,Dine-In,Food,Sushi Roll,3,12.26,36.78,Mobile Payment,Juan,19,Sunday,Dinner,
1909,C1013,Gabriela Rojas,2025-02-27 12:00,Takeaway,Beverage,Green Smoothie,2,13.21,26.42,Cash,-,-,Thursday,Lunch,Extra napkins
1910,C1013,Gabriela Rojas,2025-12-25 19:20,Dine-In,Beverage,Iced Tea,2,17.66,35.32,Card,Juan,16,Thursday,Dinner,Gluten-free
1911,C1013,Gabriela Rojas,2025-08-15 20:45,Takeaway,Beverage,Fresh Orange Juice,2,16.79,33.58,Mobile Payment,-,-,Friday,Dinner,Less sugar
1912,C1013,Gabriela Rojas,2025-09-19 19:50,Takeaway,Food,Sushi Roll,3,19.42,58.26,Cash,-,-,Friday,Dinner,Gluten-free
1913,C1013,Gabriela Rojas,2025-01-20 09:10,Dine-In,Food,Grilled Chicken,2,12.25,24.50,Mobile Payment,Valeria,12,Monday,Breakfast,Extra napkins
1914,C1013,Gabriela Rojas,2025-11-15 18:50,Delivery,Food,Caesar Salad,3,15.45,46.35,Card,-,-,Saturday,Dinner,
1915,C1013,Gabriela Rojas,2025-10-22 12:35,Delivery,Beverage,Latte,3,18.79,56.37,Mobile Payment,-,-,Wednesday,Lunch,
1916,C1013,Gabriela Rojas,2025-08-20 18:30,Delivery,Beverage,Iced Tea,3,12.86,38.58,Mobile Payment,-,-,Wednesday,Dinner,Gluten-free
1917,C1013,Gabriela Rojas,2025-01-04 20:45,Delivery,Beverage,Mojito,3,17.63,52.89,Cash,-,-,Saturday,Dinner,
1918,C1013,Gabriela Rojas,2025-08-03 08:15,Dine-In,Food,Grilled Chicken,4,15.30,61.20,Cash,Carlos,17,Sunday,Breakfast,
1919,C1013,Gabriela Rojas,2025-11-16 21:05,Dine-In,Beverage,Mojito,4,19.74,78.96,Mobile Payment,Miguel,22,Sunday,Dinner,Less sugar
1920,C1013,Gabriela Rojas,2025-01-11 08:00,Delivery,Food,Caesar Salad,4,17.78,71.12,Card,-,-,Saturday,Breakfast,Extra napkins
1921,C1013,Gabriela Rojas,2025-07-17 21:50,Dine-In,Beverage,Iced Tea,3,13.11,39.33,Mobile Payment,Miguel,23,Thursday,Dinner,
1922,C1013,Gabriela Rojas,2025-09-23 08:20,Delivery,Beverage,Iced Tea,2,12.86,25.72,Mobile Payment,-,-,Tuesday,Breakfast,
1923,C1013,Gabriela Rojas,2025-09-11 13:05,Dine-In,Food,Sushi Roll,3,16.11,48.33,Cash,Carlos,2,Thursday,Lunch,No onions
1924,C1014,Felipe Mendoza,2025-09-11 21:45,Takeaway,Beverage,Iced Tea,4,17.07,68.28,Mobile Payment,-,-,Thursday,Dinner,
1925,C1014,Felipe Mendoza,2025-02-04 13:15,Takeaway,Food,Caesar Salad,3,15.92,47.76,Mobile Payment,-,-,Tuesday,Lunch,No onions
1926,C1014,Felipe Mendoza,2025-08-31 21:00,Dine-In,Beverage,Fresh Orange Juice,4,16.95,67.80,Mobile Payment,Valeria,21,Sunday,Dinner,Less sugar
1927,C1014,Felipe Mendoza,2025-10-29 19:30,Dine-In,Food,Margherita Pizza,2,17.95,35.90,Card,Carlos,4,Wednesday,Dinner,
1928,C1014,Felipe Mendoza,2025-04-23 12:40,Takeaway,Beverage,Iced Tea,2,12.86,25.72,Cash,-,-,Wednesday,Lunch,Gluten-free
1929,C1014,Felipe Mendoza,2025-12-12 13:35,Delivery,Food,Beef Burger,3,13.99,41.97,Mobile Payment,-,-,Friday,Lunch,Gluten-free
1930,C1014,Felipe Mendoza,2025-06-20 20:40,Dine-In,Beverage,Cappuccino,4,13.30,53.20,Mobile Payment,Ana,23,Friday,Dinner,
1931,C1014,Felipe Mendoza,2025-01-11 12:40,Dine-In,Food,Sushi Roll,2,18.95,37.90,Cash,Valeria,6,Saturday,Lunch,No onions
1932,C1014,Felipe Mendoza,2025-05-12 18:05,Dine-In,Beverage,Mojito,2,12.46,24.92,Card,Juan,9,Monday,Dinner,Less sugar
1933,C1014,Felipe Mendoza,2025-03-03 19:50,Dine-In,Beverage,Iced Tea,4,17.43,69.72,Card,Carlos,29,Monday,Dinner,Less sugar
1934,C1014,Felipe Mendoza,2025-07-08 18:10,Dine-In,Beverage,Mineral Water,3,13.96,41.88,Mobile Payment,Carlos,13,Tuesday,Dinner,Gluten-free
1935,C1014,Felipe Mendoza,2025-11-14 14:20,Dine-In,Food,Sushi Roll,3,17.14,51.42,Cash,Ana,6,Friday,Lunch,No onions
1936,C1014,Felipe Mendoza,2025-11-02 14:20,Delivery,Beverage,Iced Tea,2,15.02,30.04,Cash,-,-,Sunday,Lunch,No onions
1937,C1014,Felipe Mendoza,2025-08-15 19:10,Dine-In,Beverage,Iced Tea,4,16.66,66.64,Cash,Miguel,26,Friday,Dinner,
1938,C1014,Felipe Mendoza,2025-10-04 09:10,Takeaway,Beverage,Fresh Orange Juice,3,13.62,40.86,Mobile Payment,-,-,Saturday,Breakfast,Less sugar
1939,C1014,Felipe Mendoza,2025-09-05 08:40,Dine-In,Beverage,Iced Tea,4,17.70,70.80,Cash,Carlos,20,Friday,Breakfast,Extra napkins
1940,C1014,Felipe Mendoza,2025-08-21 08:30,Dine-In,Beverage,Iced Tea,4,17.07,68.28,Mobile Payment,Ana,13,Thursday,Breakfast,
1941,C1014,Felipe Mendoza,2025-02-08 20:35,Delivery,Food,Beef Burger,3,18.39,55.17,Cash,-,-,Saturday,Dinner,Less sugar
1942,C1015,Paula Herrera,2025-07-15 18:45,Dine-In,Food,Sushi Roll,4,11.92,47.68,Mobile Payment,Juan,26,Tuesday,Dinner,
1943,C1015,Paula Herrera,2025-01-31 08:10,Dine-In,Beverage,Mineral Water,4,13.96,55.84,Cash,Miguel,13,Friday,Breakfast,
1944,C1015,Paula Herrera,2025-12-22 20:45,Dine-In,Food,Margherita Pizza,3,18.58,55.74,Cash,Carlos,17,Monday,Dinner,
1945,C1015,Paula Herrera,2025-05-11 09:20,Delivery,Beverage,Cappuccino,2,18.61,37.22,Card,-,-,Sunday,Breakfast,
1946,C1015,Paula Herrera,2025-02-14 13:15,Delivery,Beverage,Mineral Water,2,18.97,37.94,Card,-,-,Friday,Lunch,Extra napkins
1947,C1015,Paula Herrera,2025-09-15 20:45,Delivery,Beverage,Iced Tea,2,12.86,25.72,Cash,-,-,Monday,Dinner,
1948,C1015,Paula Herrera,2025-08-01 19:05,Delivery,Beverage,Mojito,3,19.22,57.66,Mobile Payment,-,-,Friday,Dinner,
1949,C1015,Paula Herrera,2025-10-24 21:45,Dine-In,Food,Veggie Sandwich,4,12.31,49.24,Card,Miguel,28,Friday,Dinner,
1950,C1015,Paula Herrera,2025-04-13 19:05,Dine-In,Beverage,Mineral Water,2,17.28,34.56,Mobile Payment,Valeria,20,Sunday,Dinner,Extra napkins
1951,C1015,Paula Herrera,2025-06-05 19:00,Dine-In,Food,Caesar Salad,4,17.78,71.12,Card,Valeria,16,Thursday,Dinner,
1952,C1015,Paula Herrera,2025-11-13 08:05,Dine-In,Beverage,Iced Tea,3,18.37,55.11,Mobile Payment,Juan,23,Thursday,Breakfast,Less sugar
1953,C1015,Paula Herrera,2025-03-29 21:40,Dine-In,Beverage,Mojito,4,15.93,63.72,Card,Ana,15,Saturday,Dinner,
1954,C1015,Paula Herrera,2025-12-14 09:30,Takeaway,Food,Margherita Pizza,4,19.21,76.84,Card,-,-,Sunday,Breakfast,Less sugar
1955,C1015,Paula Herrera,2025-02-02 19:50,Takeaway,Food,Caesar Salad,2,13.43,26.86,Mobile Payment,-,-,Sunday,Dinner,No onions
1956,C1015,Paula Herrera,2025-11-12 20:35,Takeaway,Beverage,Mineral Water,3,14.04,42.12,Cash,-,-,Wednesday,Dinner,
1957,C1015,Paula Herrera,2025-06-02 13:15,Dine-In,Food,Veggie Sandwich,4,14.27,57.08,Mobile Payment,Valeria,12,Monday,Lunch,
1958,C1015,Paula Herrera,2025-06-03 19:30,Dine-In,Beverage,Cappuccino,4,16.17,64.68,Cash,Miguel,17,Tuesday,Dinner,Less sugar
1959,C1015,Paula Herrera,2025-09-26 09:00,Dine-In,Food,Beef Burger,3,19.39,58.17,Card,Juan,12,Friday,Breakfast,
1960,C1015,Paula Herrera,2025-11-04 08:30,Dine-In,Beverage,Latte,3,15.13,45.39,Card,Juan,17,Tuesday,Breakfast,
1961,C1015,Paula Herrera,2025-12-03 09:35,Dine-In,Food,Sushi Roll,3,13.03,39.09,Mobile Payment,Juan,9,Wednesday,Breakfast,
1962,C1015,Paula Herrera,2025-04-01 19:40,Dine-In,Beverage,Latte,4,14.89,59.56,Card,Juan,3,Tuesday,Dinner,
1963,C1015,Paula Herrera,2025-01-11 13:45,Dine-In,Food,Grilled Chicken,4,13.75,55.00,Card,Carlos,23,Saturday,Lunch,Gluten-free
1964,C1015,Paula Herrera,2025-12-29 20:20,Delivery,Beverage,Iced Tea,3,12.45,37.35,Mobile Payment,-,-,Monday,Dinner,Less sugar
1965,C1015,Paula Herrera,2025-07-31 20:35,Dine-In,Food,Margherita Pizza,4,15.37,61.48,Cash,Juan,22,Thursday,Dinner,
1966,C1016,Andrés Navarro,2025-06-19 14:15,Takeaway,Food,Sushi Roll,3,13.20,39.60,Mobile Payment,-,-,Thursday,Lunch,Less sugar
1967,C1016,Andrés Navarro,2025-09-10 19:35,Dine-In,Food,Sushi Roll,4,13.20,52.80,Mobile Payment,Miguel,15,Wednesday,Dinner,Less sugar
1968,C1016,Andrés Navarro,2025-11-16 18:20,Dine-In,Beverage,Mineral Water,2,12.02,24.04,Mobile Payment,Valeria,16,Sunday,Dinner,
1969,C1016,Andrés Navarro,2025-02-14 18:10,Dine-In,Food,Veggie Sandwich,3,12.31,36.93,Cash,Carlos,21,Friday,Dinner,
1970,C1016,Andrés Navarro,2025-04-22 20:10,Delivery,Food,Sushi Roll,4,15.62,62.48,Card,-,-,Tuesday,Dinner,
1971,C1016,Andrés Navarro,2025-05-19 19:10,Dine-In,Beverage,Mojito,4,17.24,68.96,Card,Ana,28,Monday,Dinner,Less sugar
1972,C1016,Andrés Navarro,2025-10-14 13:40,Dine-In,Beverage,Iced Tea,2,12.45,24.90,Mobile Payment,Carlos,29,Tuesday,Lunch,
1973,C1016,Andrés Navarro,2025-08-17 12:40,Dine-In,Beverage,Iced Tea,2,15.02,30.04,Cash,Ana,13,Sunday,Lunch,
1974,C1016,Andrés Navarro,2025-03-04 20:00,Takeaway,Beverage,Iced Tea,2,16.16,32.32,Cash,-,-,Tuesday,Dinner,
1975,C1016,Andrés Navarro,2025-12-10 18:15,Dine-In,Beverage,Iced Tea,3,12.45,37.35,Mobile Payment,Miguel,30,Wednesday,Dinner,Extra napkins
1976,C1016,Andrés Navarro,2025-07-29 18:40,Dine-In,Food,Sushi Roll,3,12.26,36.78,Mobile Payment,Valeria,16,Tuesday,Dinner,Extra napkins
1977,C1016,Andrés Navarro,2025-01-03 14:00,Dine-In,Food,Margherita Pizza,3,12.33,36.99,Card,Ana,23,Friday,Lunch,
1978,C1016,Andrés Navarro,2025-11-16 13:20,Dine-In,Beverage,Fresh Orange Juice,2,16.95,33.90,Cash,Valeria,14,Sunday,Lunch,
1979,C1016,Andrés Navarro,2025-04-12 08:45,Dine-In,Food,Margherita Pizza,3,14.30,42.90,Mobile Payment,Miguel,22,Saturday,Breakfast,Less sugar
1980,C1016,Andrés Navarro,2025-05-14 20:20,Delivery,Beverage,Iced Tea,2,17.07,34.14,Card,-,-,Wednesday,Dinner,
1981,C1016,Andrés Navarro,2025-09-26 13:35,Takeaway,Food,Grilled Chicken,4,19.01,76.04,Card,-,-,Friday,Lunch,
1982,C1017,Natalia Cárdenas,2025-04-14 21:00,Dine-In,Beverage,Cappuccino,4,18.98,75.92,Mobile Payment,Ana,14,Monday,Dinner,
1983,C1017,Natalia Cárdenas,2025-10-12 13:00,Delivery,Food,Grilled Chicken,3,18.13,54.39,Card,-,-,Sunday,Lunch,Gluten-free
1984,C1017,Natalia Cárdenas,2025-08-18 20:05,Delivery,Food,Grilled Chicken,3,12.79,38.37,Card,-,-,Monday,Dinner,
1985,C1017,Natalia Cárdenas,2025-07-30 12:30,Dine-In,Beverage,Green Smoothie,2,13.33,26.66,Cash,Juan,8,Wednesday,Lunch,
1986,C1017,Natalia Cárdenas,2025-11-01 21:05,Takeaway,Beverage,Mineral Water,3,12.88,38.64,Card,-,-,Saturday,Dinner,Less sugar
1987,C1017,Natalia Cárdenas,2025-09-05 08:30,Dine-In,Beverage,Green Smoothie,3,18.00,54.00,Mobile Payment,Carlos,26,Friday,Breakfast,Gluten-free
1988,C1017,Natalia Cárdenas,2025-05-19 13:20,Dine-In,Beverage,Iced Tea,3,16.68,50.04,Card,Carlos,9,Monday,Lunch,Less sugar
1989,C1017,Natalia Cárdenas,2025-02-16 19:05,Dine-In,Food,Margherita Pizza,2,12.15,24.30,Card,Miguel,4,Sunday,Dinner,Less sugar
1990,C1017,Natalia Cárdenas,2025-06-18 20:10,Dine-In,Beverage,Iced Tea,4,17.43,69.72,Card,Ana,30,Wednesday,Dinner,
1991,C1017,Natalia Cárdenas,2025-03-03 18:40,Delivery,Food,Grilled Chicken,2,13.75,27.50,Card,-,-,Monday,Dinner,Gluten-free
1992,C1017,Natalia Cárdenas,2025-01-28 21:10,Dine-In,Food,Sushi Roll,4,18.82,75.28,Cash,Carlos,1,Tuesday,Dinner,No onions
1993,C1017,Natalia Cárdenas,2025-12-05 09:35,Dine-In,Beverage,Mojito,2,14.28,28.56,Card,Miguel,22,Friday,Breakfast,
1994,C1017,Natalia Cárdenas,2025-11-08 09:30,Dine-In,Food,Grilled Chicken,2,12.25,24.50,Card,Juan,27,Saturday,Breakfast,Gluten-free
1995,C1017,Natalia Cárdenas,2025-02-18 14:20,Dine-In,Food,Veggie Sandwich,2,13.37,26.74,Card,Valeria,4,Tuesday,Lunch,No onions
1996,C1017,Natalia Cárdenas,2025-04-21 20:40,Takeaway,Beverage,Fresh Orange Juice,2,12.17,24.34,Card,-,-,Monday,Dinner,
1997,C1017,Natalia Cárdenas,2025-07-27 13:45,Dine-In,Food,Sushi Roll,4,16.11,64.44,Cash,Valeria,9,Sunday,Lunch,No onions
1998,C1017,Natalia Cárdenas,2025-02-11 14:30,Delivery,Food,Grilled Chicken,2,18.50,37.00,Cash,-,-,Tuesday,Lunch,Less sugar
1999,C1017,Natalia Cárdenas,2025-03-05 12:00,Delivery,Food,Caesar Salad,4,15.92,63.68,Mobile Payment,-,-,Wednesday,Lunch,
2000,C1017,Natalia Cárdenas,2025-05-20 13:00,Dine-In,Beverage,Latte,2,18.90,37.80,Mobile Payment,Ana,10,Tuesday,Lunch,Less sugar
2001,C1017,Natalia Cárdenas,2025-07-18 20:40,Dine-In,Beverage,Cappuccino,2,13.46,26.92,Cash,Juan,24,Friday,Dinner,
2002,C1017,Natalia Cárdenas,2025-01-13 21:10,Delivery,Beverage,Cappuccino,4,13.30,53.20,Mobile Payment,-,-,Monday,Dinner,No onions
2003,C1017,Natalia Cárdenas,2025-06-22 12:05,Dine-In,Food,Beef Burger,4,18.39,73.56,Card,Carlos,20,Sunday,Lunch,Less sugar
2004,C1017,Natalia Cárdenas,2025-02-06 12:35,Dine-In,Beverage,Iced Tea,2,15.16,30.32,Card,Juan,24,Thursday,Lunch,No onions
2005,C1017,Natalia Cárdenas,2025-04-06 20:50,Dine-In,Food,Pasta Alfredo,2,15.56,31.12,Cash,Carlos,6,Sunday,Dinner,Extra napkins
2006,C1017,Natalia Cárdenas,2025-08-02 20:20,Dine-In,Beverage,Mineral Water,2,18.46,36.92,Mobile Payment,Ana,30,Saturday,Dinner,
2007,C1017,Natalia Cárdenas,2025-11-20 12:30,Takeaway,Food,Margherita Pizza,4,18.58,74.32,Mobile Payment,-,-,Thursday,Lunch,No onions
2008,C1017,Natalia Cárdenas,2025-01-13 08:10,Delivery,Food,Caesar Salad,2,12.91,25.82,Card,-,-,Monday,Breakfast,
2009,C1017,Natalia Cárdenas,2025-11-12 08:40,Delivery,Food,Grilled Chicken,4,16.09,64.36,Cash,-,-,Wednesday,Breakfast,Less sugar
2010,C1017,Natalia Cárdenas,2025-10-25 18:35,Dine-In,Food,Veggie Sandwich,2,14.91,29.82,Card,Miguel,3,Saturday,Dinner,Extra napkins
2011,C1017,Natalia Cárdenas,2025-02-07 19:40,Dine-In,Food,Margherita Pizza,4,18.74,74.96,Cash,Valeria,3,Friday,Dinner,Less sugar
2012,C1017,Natalia Cárdenas,2025-05-22 08:50,Dine-In,Beverage,Mineral Water,3,16.04,48.12,Mobile Payment,Ana,11,Thursday,Breakfast,Gluten-free
2013,C1017,Natalia Cárdenas,2025-07-15 08:30,Dine-In,Food,Grilled Chicken,4,18.13,72.52,Mobile Payment,Ana,25,Tuesday,Breakfast,
2014,C1018,Juan Esteban Ruiz,2025-07-27 09:30,Dine-In,Food,Veggie Sandwich,2,17.83,35.66,Mobile Payment,Ana,11,Sunday,Breakfast,
2015,C1018,Juan Esteban Ruiz,2025-10-24 20:45,Dine-In,Food,Veggie Sandwich,2,15.38,30.76,Mobile Payment,Juan,30,Friday,Dinner,Gluten-free
2016,C1018,Juan Esteban Ruiz,2025-02-28 13:50,Dine-In,Beverage,Cappuccino,3,13.51,40.53,Card,Valeria,16,Friday,Lunch,Less sugar
2017,C1018,Juan Esteban Ruiz,2025-11-02 14:10,Dine-In,Food,Caesar Salad,4,12.91,51.64,Mobile Payment,Ana,26,Sunday,Lunch,Extra napkins
2018,C1018,Juan Esteban Ruiz,2025-01-19 18:35,Dine-In,Beverage,Fresh Orange Juice,2,13.58,27.16,Cash,Juan,21,Sunday,Dinner,
2019,C1018,Juan Esteban Ruiz,2025-03-17 13:40,Dine-In,Food,Caesar Salad,3,16.82,50.46,Mobile Payment,Valeria,12,Monday,Lunch,
2020,C1018,Juan Esteban Ruiz,2025-06-15 20:35,Dine-In,Beverage,Cappuccino,2,12.65,25.30,Mobile Payment,Valeria,13,Sunday,Dinner,Gluten-free
2021,C1018,Juan Esteban Ruiz,2025-09-01 21:10,Delivery,Beverage,Iced Tea,4,16.66,66.64,Mobile Payment,-,-,Monday,Dinner,Gluten-free
2022,C1018,Juan Esteban Ruiz,2025-12-18 19:35,Takeaway,Beverage,Cappuccino,2,15.80,31.60,Mobile Payment,-,-,Thursday,Dinner,
2023,C1018,Juan Esteban Ruiz,2025-05-26 13:10,Dine-In,Beverage,Latte,4,16.97,67.88,Mobile Payment,Carlos,7,Monday,Lunch,No onions
2024,C1018,Juan Esteban Ruiz,2025-08-31 13:10,Dine-In,Beverage,Green Smoothie,2,17.26,34.52,Cash,Carlos,23,Sunday,Lunch,Less sugar
2025,C1018,Juan Esteban Ruiz,2025-04-20 12:40,Delivery,Beverage,Iced Tea,4,16.66,66.64,Cash,-,-,Sunday,Lunch,No onions
2026,C1018,Juan Esteban Ruiz,2025-10-01 20:10,Dine-In,Food,Sushi Roll,4,13.20,52.80,Mobile Payment,Valeria,18,Wednesday,Dinner,No onions
2027,C1018,Juan Esteban Ruiz,2025-09-23 14:05,Dine-In,Beverage,Cappuccino,3,12.60,37.80,Mobile Payment,Valeria,25,Tuesday,Lunch,Gluten-free
2028,C1018,Juan Esteban Ruiz,2025-11-29 19:30,Delivery,Food,Veggie Sandwich,2,18.04,36.08,Card,-,-,Saturday,Dinner,Extra napkins
2029,C1018,Juan Esteban Ruiz,2025-01-10 19:30,Dine-In,Beverage,Mineral Water,3,12.02,36.06,Mobile Payment,Valeria,28,Friday,Dinner,Extra napkins
2030,C1018,Juan Esteban Ruiz,2025-09-19 21:40,Dine-In,Food,Pasta Alfredo,3,18.53,55.59,Cash,Valeria,15,Friday,Dinner,Less sugar
2031,C1018,Juan Esteban Ruiz,2025-02-15 12:10,Dine-In,Food,Pasta Alfredo,2,14.11,28.22,Card,Carlos,15,Saturday,Lunch,
2032,C1019,Carolina Méndez,2025-08-03 21:45,Dine-In,Beverage,Green Smoothie,2,19.13,38.26,Mobile Payment,Miguel,2,Sunday,Dinner,No onions
2033,C1019,Carolina Méndez,2025-11-23 12:45,Takeaway,Beverage,Green Smoothie,4,13.33,53.32,Cash,-,-,Sunday,Lunch,No onions
2034,C1019,Carolina Méndez,2025-09-20 12:40,Dine-In,Beverage,Latte,4,16.14,64.56,Cash,Ana,28,Saturday,Lunch,
2035,C1019,Carolina Méndez,2025-07-15 09:20,Delivery,Food,Beef Burger,3,17.43,52.29,Mobile Payment,-,-,Tuesday,Breakfast,Gluten-free
2036,C1019,Carolina Méndez,2025-03-26 12:05,Takeaway,Food,Caesar Salad,2,11.94,23.88,Card,-,-,Wednesday,Lunch,
2037,C1019,Carolina Méndez,2025-12-23 09:00,Takeaway,Food,Margherita Pizza,4,12.15,48.60,Cash,-,-,Tuesday,Breakfast,Extra napkins
2038,C1019,Carolina Méndez,2025-02-06 20:40,Dine-In,Food,Sushi Roll,4,12.26,49.04,Mobile Payment,Juan,12,Thursday,Dinner,
2039,C1019,Carolina Méndez,2025-06-19 21:35,Dine-In,Food,Grilled Chicken,2,13.55,27.10,Card,Juan,23,Thursday,Dinner,Less sugar
2040,C1019,Carolina Méndez,2025-01-02 18:00,Delivery,Beverage,Mineral Water,2,18.04,36.08,Mobile Payment,-,-,Thursday,Dinner,No onions
2041,C1019,Carolina Méndez,2025-05-27 19:35,Dine-In,Food,Sushi Roll,2,19.42,38.84,Mobile Payment,Valeria,12,Tuesday,Dinner,
2042,C1019,Carolina Méndez,2025-04-26 08:35,Dine-In,Food,Sushi Roll,3,12.86,38.58,Card,Carlos,11,Saturday,Breakfast,No onions
2043,C1019,Carolina Méndez,2025-10-02 21:15,Takeaway,Beverage,Iced Tea,4,13.54,54.16,Cash,-,-,Thursday,Dinner,Gluten-free
2044,C1019,Carolina Méndez,2025-03-16 09:30,Dine-In,Food,Grilled Chicken,2,12.79,25.58,Mobile Payment,Miguel,21,Sunday,Breakfast,
2045,C1019,Carolina Méndez,2025-02-03 08:30,Dine-In,Beverage,Iced Tea,3,13.54,40.62,Cash,Miguel,30,Monday,Breakfast,Gluten-free
2046,C1019,Carolina Méndez,2025-08-21 19:30,Dine-In,Beverage,Latte,2,15.13,30.26,Cash,Ana,8,Thursday,Dinner,Extra napkins
2047,C1019,Carolina Méndez,2025-11-21 09:05,Takeaway,Food,Caesar Salad,2,17.44,34.88,Mobile Payment,-,-,Friday,Breakfast,Less sugar
2048,C1019,Carolina Méndez,2025-07-06 18:50,Dine-In,Beverage,Mojito,2,16.64,33.28,Mobile Payment,Juan,9,Sunday,Dinner,Extra napkins
2049,C1019,Carolina Méndez,2025-02-02 19:15,Dine-In,Beverage,Mojito,4,14.14,56.56,Cash,Carlos,25,Sunday,Dinner,Less sugar
2050,C1019,Carolina Méndez,2025-01-04 18:10,Delivery,Beverage,Mojito,3,14.30,42.90,Cash,-,-,Saturday,Dinner,No onions
2051,C1019,Carolina Méndez,2025-03-31 20:10,Delivery,Beverage,Latte,3,14.89,44.67,Cash,-,-,Monday,Dinner,
2052,C1019,Carolina Méndez,2025-12-30 13:15,Dine-In,Food,Grilled Chicken,3,15.30,45.90,Card,Carlos,3,Tuesday,Lunch,
2053,C1019,Carolina Méndez,2025-11-03 18:35,Delivery,Food,Grilled Chicken,3,19.41,58.23,Card,-,-,Monday,Dinner,
2054,C1019,Carolina Méndez,2025-10-16 19:30,Dine-In,Food,Margherita Pizza,3,14.30,42.90,Mobile Payment,Carlos,11,Thursday,Dinner,
2055,C1019,Carolina Méndez,2025-01-29 08:05,Dine-In,Beverage,Cappuccino,3,12.65,37.95,Mobile Payment,Juan,1,Wednesday,Breakfast,
2056,C1019,Carolina Méndez,2025-03-14 08:10,Delivery,Beverage,Mineral Water,2,12.88,25.76,Cash,-,-,Friday,Breakfast,Gluten-free
2057,C1019,Carolina Méndez,2025-11-23 18:20,Delivery,Beverage,Latte,4,14.89,59.56,Cash,-,-,Sunday,Dinner,Less sugar
2058,C1019,Carolina Méndez,2025-03-28 14:20,Dine-In,Beverage,Fresh Orange Juice,3,17.12,51.36,Card,Carlos,8,Friday,Lunch,Less sugar
2059,C1019,Carolina Méndez,2025-08-13 21:35,Dine-In,Food,Margherita Pizza,3,16.38,49.14,Mobile Payment,Carlos,27,Wednesday,Dinner,Extra napkins
2060,C1020,David Salazar,2025-03-13 20:05,Dine-In,Food,Grilled Chicken,4,12.25,49.00,Cash,Valeria,25,Thursday,Dinner,Less sugar
2061,C1020,David Salazar,2025-11-13 21:40,Delivery,Beverage,Mineral Water,4,13.06,52.24,Mobile Payment,-,-,Thursday,Dinner,Gluten-free
2062,C1020,David Salazar,2025-10-31 08:40,Takeaway,Food,Grilled Chicken,4,13.75,55.00,Card,-,-,Friday,Breakfast,
2063,C1020,David Salazar,2025-01-18 20:15,Dine-In,Food,Caesar Salad,4,17.44,69.76,Card,Valeria,14,Saturday,Dinner,Extra napkins
2064,C1020,David Salazar,2025-09-30 08:35,Delivery,Beverage,Mojito,2,17.64,35.28,Mobile Payment,-,-,Tuesday,Breakfast,
2065,C1020,David Salazar,2025-04-11 21:10,Delivery,Beverage,Mojito,2,12.44,24.88,Mobile Payment,-,-,Friday,Dinner,
2066,C1020,David Salazar,2025-07-25 13:35,Delivery,Food,Grilled Chicken,4,14.21,56.84,Card,-,-,Friday,Lunch,Gluten-free
2067,C1020,David Salazar,2025-02-22 19:00,Takeaway,Beverage,Iced Tea,2,12.61,25.22,Cash,-,-,Saturday,Dinner,
2068,C1020,David Salazar,2025-08-24 09:10,Dine-In,Food,Pasta Alfredo,3,12.09,36.27,Mobile Payment,Miguel,17,Sunday,Breakfast,Less sugar
2069,C1020,David Salazar,2025-12-10 08:00,Dine-In,Food,Caesar Salad,3,12.54,37.62,Cash,Carlos,29,Wednesday,Breakfast,
2070,C1020,David Salazar,2025-05-05 18:05,Takeaway,Beverage,Iced Tea,4,14.06,56.24,Card,-,-,Monday,Dinner,
2071,C1020,David Salazar,2025-06-09 12:45,Delivery,Food,Margherita Pizza,2,15.66,31.32,Cash,-,-,Monday,Lunch,
2072,C1020,David Salazar,2025-01-12 19:40,Delivery,Food,Caesar Salad,2,17.78,35.56,Cash,-,-,Sunday,Dinner,Less sugar
2073,C1020,David Salazar,2025-01-24 12:45,Dine-In,Food,Grilled Chicken,2,12.72,25.44,Mobile Payment,Juan,22,Friday,Lunch,Gluten-free
2074,C1020,David Salazar,2025-09-02 13:20,Takeaway,Beverage,Mojito,2,17.24,34.48,Cash,-,-,Tuesday,Lunch,No onions
2075,C1020,David Salazar,2025-04-22 13:05,Dine-In,Beverage,Mineral Water,2,16.04,32.08,Card,Miguel,13,Tuesday,Lunch,
2076,C1020,David Salazar,2025-07-19 12:15,Delivery,Food,Margherita Pizza,2,13.39,26.78,Mobile Payment,-,-,Saturday,Lunch,No onions
2077,C1020,David Salazar,2025-04-22 14:15,Delivery,Beverage,Cappuccino,4,16.65,66.60,Card,-,-,Tuesday,Lunch,
2078,C1021,Juliana Pardo,2025-05-25 14:30,Dine-In,Food,Margherita Pizza,4,13.78,55.12,Mobile Payment,Carlos,10,Sunday,Lunch,Gluten-free
2079,C1021,Juliana Pardo,2025-06-22 21:40,Dine-In,Beverage,Cappuccino,3,16.29,48.87,Mobile Payment,Ana,2,Sunday,Dinner,Extra napkins
2080,C1021,Juliana Pardo,2025-02-21 14:45,Delivery,Beverage,Fresh Orange Juice,2,19.52,39.04,Mobile Payment,-,-,Friday,Lunch,Extra napkins
2081,C1021,Juliana Pardo,2025-07-26 09:00,Dine-In,Beverage,Mineral Water,2,16.04,32.08,Mobile Payment,Carlos,26,Saturday,Breakfast,No onions
2082,C1021,Juliana Pardo,2025-08-06 09:15,Delivery,Food,Grilled Chicken,2,19.01,38.02,Card,-,-,Wednesday,Breakfast,No onions
2083,C1021,Juliana Pardo,2025-09-23 18:05,Dine-In,Beverage,Fresh Orange Juice,2,12.51,25.02,Card,Carlos,6,Tuesday,Dinner,
2084,C1021,Juliana Pardo,2025-12-24 19:35,Dine-In,Food,Margherita Pizza,4,19.03,76.12,Cash,Valeria,15,Wednesday,Dinner,
2085,C1021,Juliana Pardo,2025-03-05 19:15,Dine-In,Food,Grilled Chicken,4,14.21,56.84,Cash,Carlos,30,Wednesday,Dinner,
2086,C1021,Juliana Pardo,2025-11-07 20:05,Dine-In,Food,Grilled Chicken,3,13.55,40.65,Mobile Payment,Carlos,16,Friday,Dinner,Less sugar
2087,C1021,Juliana Pardo,2025-01-13 18:35,Dine-In,Beverage,Cappuccino,3,18.98,56.94,Cash,Ana,15,Monday,Dinner,Gluten-free
2088,C1021,Juliana Pardo,2025-10-09 18:00,Delivery,Beverage,Mineral Water,2,18.75,37.50,Card,-,-,Thursday,Dinner,
2089,C1021,Juliana Pardo,2025-04-21 14:00,Delivery,Beverage,Fresh Orange Juice,2,16.80,33.60,Cash,-,-,Monday,Lunch,
2090,C1021,Juliana Pardo,2025-12-05 12:50,Dine-In,Beverage,Iced Tea,4,12.45,49.80,Card,Valeria,17,Friday,Lunch,Less sugar
2091,C1021,Juliana Pardo,2025-05-05 21:10,Dine-In,Beverage,Mojito,4,12.34,49.36,Card,Juan,25,Monday,Dinner,
2092,C1021,Juliana Pardo,2025-06-15 18:15,Dine-In,Food,Caesar Salad,4,12.54,50.16,Card,Miguel,20,Sunday,Dinner,Extra napkins
2093,C1021,Juliana Pardo,2025-10-14 20:50,Delivery,Beverage,Mojito,4,19.74,78.96,Cash,-,-,Tuesday,Dinner,Extra napkins
2094,C1021,Juliana Pardo,2025-12-26 12:35,Dine-In,Beverage,Mineral Water,2,12.41,24.82,Card,Carlos,11,Friday,Lunch,Extra napkins
2095,C1021,Juliana Pardo,2025-03-16 19:50,Dine-In,Food,Beef Burger,4,13.99,55.96,Mobile Payment,Juan,2,Sunday,Dinner,Less sugar
2096,C1021,Juliana Pardo,2025-03-05 09:30,Dine-In,Food,Pasta Alfredo,2,18.53,37.06,Mobile Payment,Valeria,7,Wednesday,Breakfast,Gluten-free
2097,C1021,Juliana Pardo,2025-08-28 18:10,Dine-In,Food,Veggie Sandwich,4,14.27,57.08,Card,Juan,2,Thursday,Dinner,
2098,C1021,Juliana Pardo,2025-11-29 18:15,Delivery,Food,Veggie Sandwich,2,16.52,33.04,Cash,-,-,Saturday,Dinner,
2099,C1021,Juliana Pardo,2025-08-04 13:35,Dine-In,Beverage,Latte,3,15.42,46.26,Cash,Ana,21,Monday,Lunch,Less sugar
2100,C1021,Juliana Pardo,2025-06-03 14:30,Dine-In,Food,Caesar Salad,3,16.35,49.05,Mobile Payment,Miguel,9,Tuesday,Lunch,Less sugar
2101,C1021,Juliana Pardo,2025-07-08 13:05,Dine-In,Food,Sushi Roll,4,19.82,79.28,Cash,Valeria,21,Tuesday,Lunch,
2102,C1021,Juliana Pardo,2025-02-06 18:05,Takeaway,Beverage,Mojito,3,17.64,52.92,Card,-,-,Thursday,Dinner,
2103,C1021,Juliana Pardo,2025-07-11 21:20,Dine-In,Food,Margherita Pizza,4,12.08,48.32,Cash,Miguel,26,Friday,Dinner,
2104,C1021,Juliana Pardo,2025-04-10 09:15,Dine-In,Food,Sushi Roll,4,12.86,51.44,Mobile Payment,Valeria,30,Thursday,Breakfast,Gluten-free
2105,C1021,Juliana Pardo,2025-02-24 18:00,Dine-In,Beverage,Cappuccino,3,14.85,44.55,Cash,Juan,28,Monday,Dinner,
2106,C1021,Juliana Pardo,2025-07-17 20:30,Dine-In,Beverage,Iced Tea,3,12.67,38.01,Cash,Valeria,16,Thursday,Dinner,No onions
2107,C1021,Juliana Pardo,2025-12-20 20:00,Dine-In,Food,Beef Burger,4,19.93,79.72,Card,Miguel,18,Saturday,Dinner,Extra napkins
2108,C1021,Juliana Pardo,2025-01-12 09:40,Dine-In,Food,Pasta Alfredo,4,15.89,63.56,Mobile Payment,Valeria,9,Sunday,Breakfast,
2109,C1021,Juliana Pardo,2025-05-30 18:15,Dine-In,Beverage,Mineral Water,4,18.75,75.00,Card,Valeria,19,Friday,Dinner,Extra napkins
2110,C1021,Juliana Pardo,2025-12-26 19:40,Dine-In,Beverage,Latte,3,18.79,56.37,Card,Ana,23,Friday,Dinner,No onions
2111,C1021,Juliana Pardo,2025-09-14 19:20,Dine-In,Food,Sushi Roll,3,18.82,56.46,Cash,Ana,17,Sunday,Dinner,
2112,C1021,Juliana Pardo,2025-05-27 12:50,Takeaway,Beverage,Green Smoothie,3,18.30,54.90,Cash,-,-,Tuesday,Lunch,No onions
2113,C1021,Juliana Pardo,2025-01-06 21:15,Delivery,Beverage,Fresh Orange Juice,4,16.95,67.80,Mobile Payment,-,-,Monday,Dinner,Gluten-free
2114,C1021,Juliana Pardo,2025-02-18 18:40,Dine-In,Food,Veggie Sandwich,3,13.37,40.11,Cash,Ana,13,Tuesday,Dinner,Extra napkins
2115,C1021,Juliana Pardo,2025-04-19 08:30,Dine-In,Beverage,Iced Tea,3,15.04,45.12,Mobile Payment,Juan,11,Saturday,Breakfast,
2116,C1022,Miguel Ángel Díaz,2025-10-11 18:00,Delivery,Food,Caesar Salad,4,12.40,49.60,Card,-,-,Saturday,Dinner,
2117,C1022,Miguel Ángel Díaz,2025-07-29 19:05,Dine-In,Food,Veggie Sandwich,2,12.53,25.06,Card,Valeria,4,Tuesday,Dinner,
2118,C1022,Miguel Ángel Díaz,2025-03-03 13:00,Takeaway,Food,Sushi Roll,3,11.82,35.46,Card,-,-,Monday,Lunch,No onions
2119,C1022,Miguel Ángel Díaz,2025-04-25 19:30,Dine-In,Food,Veggie Sandwich,4,14.13,56.52,Card,Valeria,2,Friday,Dinner,
2120,C1022,Miguel Ángel Díaz,2025-12-03 12:40,Delivery,Food,Beef Burger,3,13.99,41.97,Card,-,-,Wednesday,Lunch,Less sugar
2121,C1022,Miguel Ángel Díaz,2025-08-26 14:50,Dine-In,Food,Sushi Roll,4,12.86,51.44,Card,Juan,8,Tuesday,Lunch,
2122,C1022,Miguel Ángel Díaz,2025-02-14 21:30,Dine-In,Food,Veggie Sandwich,3,16.52,49.56,Mobile Payment,Ana,11,Friday,Dinner,No onions
2123,C1022,Miguel Ángel Díaz,2025-11-16 13:15,Dine-In,Beverage,Iced Tea,3,16.80,50.40,Card,Ana,12,Sunday,Lunch,
2124,C1022,Miguel Ángel Díaz,2025-06-26 21:45,Dine-In,Food,Caesar Salad,2,11.94,23.88,Mobile Payment,Miguel,6,Thursday,Dinner,
2125,C1022,Miguel Ángel Díaz,2025-05-09 08:00,Dine-In,Beverage,Green Smoothie,3,18.54,55.62,Mobile Payment,Ana,9,Friday,Breakfast,Extra napkins
2126,C1022,Miguel Ángel Díaz,2025-09-15 13:05,Delivery,Food,Sushi Roll,4,13.95,55.80,Card,-,-,Monday,Lunch,
2127,C1022,Miguel Ángel Díaz,2025-01-18 12:40,Dine-In,Beverage,Fresh Orange Juice,2,16.80,33.60,Cash,Carlos,7,Saturday,Lunch,Extra napkins
2128,C1022,Miguel Ángel Díaz,2025-02-17 12:15,Takeaway,Food,Sushi Roll,4,11.82,47.28,Card,-,-,Monday,Lunch,Gluten-free
2129,C1022,Miguel Ángel Díaz,2025-05-02 13:40,Dine-In,Beverage,Mineral Water,3,17.28,51.84,Card,Ana,18,Friday,Lunch,
2130,C1022,Miguel Ángel Díaz,2025-09-17 14:00,Takeaway,Beverage,Mojito,4,14.30,57.20,Mobile Payment,-,-,Wednesday,Lunch,
2131,C1022,Miguel Ángel Díaz,2025-02-06 08:20,Delivery,Food,Margherita Pizza,2,18.80,37.60,Card,-,-,Thursday,Breakfast,
2132,C1022,Miguel Ángel Díaz,2025-11-29 09:35,Delivery,Food,Pasta Alfredo,4,15.56,62.24,Card,-,-,Saturday,Breakfast,
2133,C1022,Miguel Ángel Díaz,2025-12-01 20:10,Delivery,Beverage,Iced Tea,3,16.80,50.40,Mobile Payment,-,-,Monday,Dinner,No onions
2134,C1022,Miguel Ángel Díaz,2025-02-19 08:05,Delivery,Food,Grilled Chicken,2,19.01,38.02,Mobile Payment,-,-,Wednesday,Breakfast,Less sugar
2135,C1022,Miguel Ángel Díaz,2025-09-11 20:45,Dine-In,Beverage,Iced Tea,3,16.66,49.98,Mobile Payment,Juan,23,Thursday,Dinner,
2136,C1022,Miguel Ángel Díaz,2025-04-03 21:05,Dine-In,Food,Pasta Alfredo,3,18.53,55.59,Cash,Carlos,21,Thursday,Dinner,Gluten-free
2137,C1023,Daniela Restrepo,2025-06-20 08:10,Dine-In,Beverage,Mineral Water,4,13.13,52.52,Mobile Payment,Carlos,23,Friday,Breakfast,Extra napkins
2138,C1023,Daniela Restrepo,2025-08-14 18:35,Delivery,Food,Pasta Alfredo,3,18.49,55.47,Mobile Payment,-,-,Thursday,Dinner,
2139,C1023,Daniela Restrepo,2025-05-29 21:10,Delivery,Beverage,Cappuccino,2,12.65,25.30,Card,-,-,Thursday,Dinner,
2140,C1023,Daniela Restrepo,2025-12-25 12:20,Dine-In,Food,Caesar Salad,2,17.78,35.56,Mobile Payment,Ana,9,Thursday,Lunch,Gluten-free
2141,C1023,Daniela Restrepo,2025-07-10 08:10,Dine-In,Food,Pasta Alfredo,4,14.11,56.44,Mobile Payment,Miguel,11,Thursday,Breakfast,
2142,C1023,Daniela Restrepo,2025-10-14 08:40,Dine-In,Beverage,Latte,3,18.79,56.37,Cash,Juan,7,Tuesday,Breakfast,
2143,C1023,Daniela Restrepo,2025-01-18 13:15,Dine-In,Food,Margherita Pizza,4,19.24,76.96,Mobile Payment,Miguel,7,Saturday,Lunch,
2144,C1023,Daniela Restrepo,2025-11-19 12:10,Takeaway,Beverage,Mojito,3,15.93,47.79,Cash,-,-,Wednesday,Lunch,Less sugar
2145,C1023,Daniela Restrepo,2025-04-29 19:30,Delivery,Beverage,Latte,3,15.21,45.63,Mobile Payment,-,-,Tuesday,Dinner,Extra napkins
2146,C1023,Daniela Restrepo,2025-09-10 13:20,Dine-In,Food,Caesar Salad,4,17.39,69.56,Cash,Ana,2,Wednesday,Lunch,
2147,C1023,Daniela Restrepo,2025-02-14 13:40,Dine-In,Beverage,Cappuccino,4,19.07,76.28,Mobile Payment,Miguel,9,Friday,Lunch,
2148,C1023,Daniela Restrepo,2025-03-19 21:45,Dine-In,Beverage,Latte,2,17.87,35.74,Mobile Payment,Ana,29,Wednesday,Dinner,No onions
2149,C1023,Daniela Restrepo,2025-11-15 21:35,Dine-In,Beverage,Mojito,2,12.46,24.92,Card,Juan,8,Saturday,Dinner,
2150,C1023,Daniela Restrepo,2025-12-13 08:35,Dine-In,Beverage,Fresh Orange Juice,4,13.58,54.32,Cash,Juan,12,Saturday,Breakfast,Less sugar
2151,C1023,Daniela Restrepo,2025-04-13 09:05,Takeaway,Beverage,Cappuccino,2,16.29,32.58,Mobile Payment,-,-,Sunday,Breakfast,
2152,C1023,Daniela Restrepo,2025-06-07 21:45,Dine-In,Food,Caesar Salad,3,17.78,53.34,Cash,Juan,18,Saturday,Dinner,No onions
2153,C1023,Daniela Restrepo,2025-10-06 13:00,Dine-In,Food,Caesar Salad,4,16.82,67.28,Mobile Payment,Carlos,13,Monday,Lunch,Extra napkins
2154,C1023,Daniela Restrepo,2025-05-18 12:35,Takeaway,Food,Veggie Sandwich,3,19.40,58.20,Mobile Payment,-,-,Sunday,Lunch,No onions
2155,C1023,Daniela Restrepo,2025-09-06 21:50,Dine-In,Food,Beef Burger,3,19.88,59.64,Cash,Juan,18,Saturday,Dinner,
2156,C1023,Daniela Restrepo,2025-05-06 12:35,Dine-In,Food,Sushi Roll,4,18.82,75.28,Card,Miguel,11,Tuesday,Lunch,Extra napkins
2157,C1023,Daniela Restrepo,2025-12-21 13:10,Delivery,Beverage,Iced Tea,3,12.61,37.83,Mobile Payment,-,-,Sunday,Lunch,
2158,C1023,Daniela Restrepo,2025-03-19 18:10,Takeaway,Beverage,Cappuccino,4,13.30,53.20,Mobile Payment,-,-,Wednesday,Dinner,
2159,C1023,Daniela Restrepo,2025-02-15 13:40,Delivery,Beverage,Cappuccino,4,18.74,74.96,Cash,-,-,Saturday,Lunch,
2160,C1023,Daniela Restrepo,2025-05-20 14:40,Dine-In,Beverage,Green Smoothie,4,18.00,72.00,Mobile Payment,Juan,6,Tuesday,Lunch,Extra napkins
2161,C1023,Daniela Restrepo,2025-02-14 19:05,Delivery,Beverage,Mojito,4,16.67,66.68,Mobile Payment,-,-,Friday,Dinner,
2162,C1023,Daniela Restrepo,2025-06-09 18:45,Dine-In,Beverage,Mineral Water,4,17.32,69.28,Card,Juan,3,Monday,Dinner,
2163,C1023,Daniela Restrepo,2025-09-16 09:45,Takeaway,Food,Pasta Alfredo,3,18.49,55.47,Cash,-,-,Tuesday,Breakfast,Extra napkins
2164,C1023,Daniela Restrepo,2025-07-23 12:35,Delivery,Beverage,Green Smoothie,3,19.13,57.39,Mobile Payment,-,-,Wednesday,Lunch,Gluten-free
2165,C1023,Daniela Restrepo,2025-04-06 19:40,Delivery,Beverage,Green Smoothie,4,17.26,69.04,Cash,-,-,Sunday,Dinner,
2166,C1023,Daniela Restrepo,2025-07-14 21:20,Delivery,Beverage,Iced Tea,2,15.02,30.04,Cash,-,-,Monday,Dinner,
2167,C1023,Daniela Restrepo,2025-02-23 19:00,Takeaway,Beverage,Green Smoothie,4,13.21,52.84,Cash,-,-,Sunday,Dinner,
2168,C1023,Daniela Restrepo,2025-08-08 18:15,Delivery,Beverage,Fresh Orange Juice,4,17.79,71.16,Card,-,-,Friday,Dinner,
2169,C1023,Daniela Restrepo,2025-05-22 14:40,Takeaway,Food,Grilled Chicken,4,12.64,50.56,Cash,-,-,Thursday,Lunch,
2170,C1023,Daniela Restrepo,2025-10-14 09:45,Dine-In,Beverage,Green Smoothie,2,18.21,36.42,Cash,Ana,3,Tuesday,Breakfast,
2171,C1023,Daniela Restrepo,2025-04-17 20:45,Delivery,Food,Margherita Pizza,2,13.39,26.78,Mobile Payment,-,-,Thursday,Dinner,Gluten-free
2172,C1024,Tomás Acosta,2025-11-01 18:15,Takeaway,Food,Pasta Alfredo,2,18.49,36.98,Cash,-,-,Saturday,Dinner,No onions
2173,C1024,Tomás Acosta,2025-06-07 13:10,Delivery,Food,Pasta Alfredo,4,14.90,59.60,Card,-,-,Saturday,Lunch,Gluten-free
2174,C1024,Tomás Acosta,2025-04-06 21:30,Takeaway,Food,Sushi Roll,4,15.62,62.48,Mobile Payment,-,-,Sunday,Dinner,Gluten-free
2175,C1024,Tomás Acosta,2025-05-29 20:40,Dine-In,Beverage,Cappuccino,2,13.46,26.92,Mobile Payment,Miguel,10,Thursday,Dinner,No onions
2176,C1024,Tomás Acosta,2025-12-12 08:35,Takeaway,Food,Grilled Chicken,2,13.20,26.40,Cash,-,-,Friday,Breakfast,
2177,C1024,Tomás Acosta,2025-02-23 14:15,Dine-In,Beverage,Cappuccino,4,13.51,54.04,Cash,Valeria,24,Sunday,Lunch,Less sugar
2178,C1024,Tomás Acosta,2025-08-24 18:10,Takeaway,Beverage,Fresh Orange Juice,2,11.87,23.74,Mobile Payment,-,-,Sunday,Dinner,
2179,C1024,Tomás Acosta,2025-07-05 20:50,Delivery,Food,Pasta Alfredo,2,18.49,36.98,Mobile Payment,-,-,Saturday,Dinner,
2180,C1024,Tomás Acosta,2025-03-14 13:45,Dine-In,Food,Sushi Roll,2,13.95,27.90,Cash,Carlos,17,Friday,Lunch,
2181,C1024,Tomás Acosta,2025-09-12 19:20,Delivery,Beverage,Cappuccino,4,13.68,54.72,Cash,-,-,Friday,Dinner,Extra napkins
2182,C1024,Tomás Acosta,2025-01-02 20:50,Takeaway,Beverage,Mojito,2,12.44,24.88,Cash,-,-,Thursday,Dinner,
2183,C1024,Tomás Acosta,2025-10-30 13:50,Dine-In,Beverage,Green Smoothie,4,18.00,72.00,Mobile Payment,Carlos,18,Thursday,Lunch,Extra napkins
2184,C1024,Tomás Acosta,2025-05-16 09:00,Takeaway,Beverage,Latte,4,16.97,67.88,Cash,-,-,Friday,Breakfast,
2185,C1024,Tomás Acosta,2025-01-26 09:05,Dine-In,Beverage,Green Smoothie,3,17.26,51.78,Cash,Juan,10,Sunday,Breakfast,
2186,C1024,Tomás Acosta,2025-08-18 14:45,Dine-In,Food,Sushi Roll,2,13.55,27.10,Cash,Valeria,13,Monday,Lunch,
2187,C1024,Tomás Acosta,2025-04-06 09:40,Dine-In,Beverage,Mineral Water,3,16.04,48.12,Cash,Juan,7,Sunday,Breakfast,
2188,C1024,Tomás Acosta,2025-06-01 19:00,Takeaway,Food,Sushi Roll,4,13.20,52.80,Card,-,-,Sunday,Dinner,Gluten-free
2189,C1024,Tomás Acosta,2025-06-05 08:50,Dine-In,Food,Caesar Salad,3,15.08,45.24,Card,Valeria,3,Thursday,Breakfast,Less sugar
2190,C1024,Tomás Acosta,2025-05-25 20:05,Dine-In,Beverage,Mojito,2,14.35,28.70,Cash,Miguel,29,Sunday,Dinner,Extra napkins
2191,C1024,Tomás Acosta,2025-12-04 12:40,Takeaway,Beverage,Iced Tea,4,12.45,49.80,Card,-,-,Thursday,Lunch,
2192,C1024,Tomás Acosta,2025-08-18 21:45,Delivery,Food,Beef Burger,3,12.77,38.31,Cash,-,-,Monday,Dinner,Gluten-free
2193,C1024,Tomás Acosta,2025-06-30 08:15,Takeaway,Food,Grilled Chicken,2,17.76,35.52,Cash,-,-,Monday,Breakfast,
2194,C1024,Tomás Acosta,2025-06-05 08:00,Takeaway,Food,Margherita Pizza,4,15.66,62.64,Card,-,-,Thursday,Breakfast,
2195,C1025,María Fernanda León,2025-06-14 14:10,Takeaway,Food,Margherita Pizza,4,19.53,78.12,Card,-,-,Saturday,Lunch,
2196,C1025,María Fernanda León,2025-05-08 09:45,Dine-In,Beverage,Mineral Water,4,17.32,69.28,Cash,Carlos,15,Thursday,Breakfast,
2197,C1025,María Fernanda León,2025-09-10 20:30,Takeaway,Food,Grilled Chicken,2,13.55,27.10,Mobile Payment,-,-,Wednesday,Dinner,Extra napkins
2198,C1025,María Fernanda León,2025-01-16 18:15,Dine-In,Food,Veggie Sandwich,3,19.40,58.20,Card,Miguel,10,Thursday,Dinner,Extra napkins
2199,C1025,María Fernanda León,2025-11-23 19:10,Dine-In,Food,Grilled Chicken,2,15.30,30.60,Mobile Payment,Carlos,11,Sunday,Dinner,Less sugar
2200,C1025,María Fernanda León,2025-03-07 13:20,Delivery,Food,Grilled Chicken,3,17.08,51.24,Cash,-,-,Friday,Lunch,
2201,C1025,María Fernanda León,2025-08-16 20:50,Delivery,Beverage,Fresh Orange Juice,4,17.17,68.68,Cash,-,-,Saturday,Dinner,
2202,C1025,María Fernanda León,2025-04-09 21:45,Dine-In,Food,Pasta Alfredo,4,17.12,68.48,Card,Ana,25,Wednesday,Dinner,No onions
2203,C1025,María Fernanda León,2025-12-04 19:35,Takeaway,Food,Margherita Pizza,3,13.39,40.17,Card,-,-,Thursday,Dinner,
2204,C1025,María Fernanda León,2025-10-10 09:35,Dine-In,Food,Pasta Alfredo,2,14.52,29.04,Cash,Carlos,10,Friday,Breakfast,
2205,C1025,María Fernanda León,2025-02-25 20:20,Delivery,Food,Grilled Chicken,2,13.75,27.50,Card,-,-,Tuesday,Dinner,
2206,C1025,María Fernanda León,2025-07-13 13:35,Delivery,Food,Veggie Sandwich,3,13.51,40.53,Card,-,-,Sunday,Lunch,
2207,C1025,María Fernanda León,2025-12-13 13:05,Delivery,Food,Grilled Chicken,3,19.41,58.23,Mobile Payment,-,-,Saturday,Lunch,
2208,C1025,María Fernanda León,2025-10-22 08:10,Dine-In,Food,Caesar Salad,2,17.39,34.78,Mobile Payment,Ana,9,Wednesday,Breakfast,
2209,C1025,María Fernanda León,2025-12-13 08:50,Dine-In,Beverage,Fresh Orange Juice,2,17.79,35.58,Cash,Ana,14,Saturday,Breakfast,
2210,C1025,María Fernanda León,2025-05-22 09:30,Takeaway,Food,Grilled Chicken,2,15.37,30.74,Mobile Payment,-,-,Thursday,Breakfast,
2211,C1025,María Fernanda León,2025-02-06 21:10,Takeaway,Beverage,Mineral Water,3,14.04,42.12,Cash,-,-,Thursday,Dinner,
2212,C1026,Ricardo Arias,2025-01-21 19:20,Takeaway,Beverage,Mojito,3,17.24,51.72,Cash,-,-,Tuesday,Dinner,
2213,C1026,Ricardo Arias,2025-02-10 14:40,Dine-In,Beverage,Mojito,3,15.75,47.25,Card,Valeria,4,Monday,Lunch,Gluten-free
2214,C1026,Ricardo Arias,2025-08-01 19:00,Dine-In,Food,Beef Burger,4,19.88,79.52,Card,Juan,19,Friday,Dinner,
2215,C1026,Ricardo Arias,2025-04-25 14:15,Takeaway,Beverage,Mojito,3,15.75,47.25,Cash,-,-,Friday,Lunch,
2216,C1026,Ricardo Arias,2025-06-23 12:50,Takeaway,Beverage,Mojito,3,12.44,37.32,Card,-,-,Monday,Lunch,
2217,C1026,Ricardo Arias,2025-05-02 20:35,Takeaway,Food,Pasta Alfredo,3,13.25,39.75,Mobile Payment,-,-,Friday,Dinner,Extra napkins
2218,C1026,Ricardo Arias,2025-12-29 08:05,Dine-In,Food,Caesar Salad,2,17.39,34.78,Mobile Payment,Miguel,25,Monday,Breakfast,
2219,C1026,Ricardo Arias,2025-11-18 20:45,Delivery,Beverage,Fresh Orange Juice,3,15.12,45.36,Card,-,-,Tuesday,Dinner,
2220,C1026,Ricardo Arias,2025-09-14 14:20,Delivery,Beverage,Fresh Orange Juice,4,13.62,54.48,Mobile Payment,-,-,Sunday,Lunch,Less sugar
2221,C1026,Ricardo Arias,2025-07-17 09:20,Dine-In,Beverage,Iced Tea,3,19.82,59.46,Card,Miguel,6,Thursday,Breakfast,Gluten-free
2222,C1026,Ricardo Arias,2025-03-30 13:10,Delivery,Beverage,Latte,3,13.80,41.40,Cash,-,-,Sunday,Lunch,
2223,C1026,Ricardo Arias,2025-10-16 20:40,Takeaway,Food,Grilled Chicken,3,12.72,38.16,Mobile Payment,-,-,Thursday,Dinner,Gluten-free
2224,C1026,Ricardo Arias,2025-12-02 08:50,Delivery,Beverage,Green Smoothie,4,11.89,47.56,Cash,-,-,Tuesday,Breakfast,No onions
2225,C1026,Ricardo Arias,2025-06-27 13:05,Dine-In,Beverage,Fresh Orange Juice,4,16.80,67.20,Cash,Carlos,2,Friday,Lunch,Less sugar
2226,C1027,Andrea Suárez,2025-07-14 19:15,Dine-In,Beverage,Mineral Water,3,18.97,56.91,Cash,Carlos,22,Monday,Dinner,Gluten-free
2227,C1027,Andrea Suárez,2025-11-07 19:20,Delivery,Beverage,Iced Tea,4,16.16,64.64,Cash,-,-,Friday,Dinner,No onions
2228,C1027,Andrea Suárez,2025-12-13 19:05,Delivery,Food,Caesar Salad,3,19.77,59.31,Card,-,-,Saturday,Dinner,Extra napkins
2229,C1027,Andrea Suárez,2025-04-18 20:05,Dine-In,Beverage,Cappuccino,2,12.04,24.08,Card,Valeria,7,Friday,Dinner,Less sugar
2230,C1027,Andrea Suárez,2025-05-27 19:45,Takeaway,Beverage,Fresh Orange Juice,2,13.62,27.24,Mobile Payment,-,-,Tuesday,Dinner,
2231,C1027,Andrea Suárez,2025-06-17 20:00,Dine-In,Beverage,Mojito,2,15.75,31.50,Cash,Valeria,16,Tuesday,Dinner,No onions
2232,C1027,Andrea Suárez,2025-02-19 12:05,Delivery,Beverage,Fresh Orange Juice,2,15.12,30.24,Cash,-,-,Wednesday,Lunch,
2233,C1027,Andrea Suárez,2025-10-10 09:45,Dine-In,Beverage,Cappuccino,3,13.93,41.79,Card,Ana,18,Friday,Breakfast,Gluten-free
2234,C1027,Andrea Suárez,2025-08-04 13:15,Takeaway,Beverage,Iced Tea,2,16.16,32.32,Cash,-,-,Monday,Lunch,
2235,C1027,Andrea Suárez,2025-03-21 20:20,Dine-In,Food,Pasta Alfredo,4,12.09,48.36,Mobile Payment,Valeria,7,Friday,Dinner,
2236,C1027,Andrea Suárez,2025-09-16 20:50,Takeaway,Beverage,Cappuccino,3,12.04,36.12,Card,-,-,Tuesday,Dinner,
2237,C1027,Andrea Suárez,2025-01-25 19:20,Dine-In,Food,Margherita Pizza,3,14.30,42.90,Mobile Payment,Ana,10,Saturday,Dinner,
2238,C1027,Andrea Suárez,2025-06-16 18:15,Delivery,Beverage,Latte,3,18.79,56.37,Cash,-,-,Monday,Dinner,Extra napkins
2239,C1027,Andrea Suárez,2025-12-26 18:45,Delivery,Beverage,Cappuccino,2,16.76,33.52,Card,-,-,Friday,Dinner,Gluten-free
2240,C1027,Andrea Suárez,2025-04-05 14:00,Takeaway,Beverage,Latte,4,18.90,75.60,Card,-,-,Saturday,Lunch,Less sugar
2241,C1027,Andrea Suárez,2025-07-24 20:45,Delivery,Beverage,Mineral Water,3,13.96,41.88,Mobile Payment,-,-,Thursday,Dinner,Extra napkins
2242,C1027,Andrea Suárez,2025-07-28 21:45,Delivery,Beverage,Fresh Orange Juice,2,16.79,33.58,Mobile Payment,-,-,Monday,Dinner,
2243,C1028,Julián Ospina,2025-07-24 19:15,Dine-In,Food,Sushi Roll,2,12.86,25.72,Card,Miguel,27,Thursday,Dinner,No onions
2244,C1028,Julián Ospina,2025-04-07 14:45,Dine-In,Beverage,Latte,2,18.13,36.26,Cash,Ana,30,Monday,Lunch,No onions
2245,C1028,Julián Ospina,2025-05-20 19:50,Dine-In,Food,Pasta Alfredo,4,18.49,73.96,Mobile Payment,Ana,19,Tuesday,Dinner,
2246,C1028,Julián Ospina,2025-11-23 21:50,Dine-In,Beverage,Cappuccino,3,18.98,56.94,Cash,Valeria,28,Sunday,Dinner,Gluten-free
2247,C1028,Julián Ospina,2025-06-18 08:35,Dine-In,Beverage,Mineral Water,2,17.28,34.56,Cash,Miguel,17,Wednesday,Breakfast,Extra napkins
2248,C1028,Julián Ospina,2025-09-12 13:05,Takeaway,Food,Grilled Chicken,4,13.55,54.20,Card,-,-,Friday,Lunch,
2249,C1028,Julián Ospina,2025-12-01 08:05,Delivery,Food,Margherita Pizza,2,14.72,29.44,Cash,-,-,Monday,Breakfast,No onions
2250,C1028,Julián Ospina,2025-01-02 08:20,Delivery,Beverage,Latte,2,18.13,36.26,Mobile Payment,-,-,Thursday,Breakfast,Gluten-free
2251,C1028,Julián Ospina,2025-10-20 13:35,Delivery,Beverage,Cappuccino,3,13.93,41.79,Cash,-,-,Monday,Lunch,Extra napkins
2252,C1028,Julián Ospina,2025-02-14 12:35,Takeaway,Beverage,Latte,3,15.21,45.63,Cash,-,-,Friday,Lunch,Less sugar
2253,C1028,Julián Ospina,2025-03-20 08:00,Dine-In,Food,Pasta Alfredo,3,15.71,47.13,Cash,Valeria,19,Thursday,Breakfast,Less sugar
2254,C1028,Julián Ospina,2025-08-03 09:20,Delivery,Food,Margherita Pizza,2,19.24,38.48,Card,-,-,Sunday,Breakfast,Extra napkins
2255,C1028,Julián Ospina,2025-06-18 19:20,Delivery,Food,Sushi Roll,2,13.20,26.40,Mobile Payment,-,-,Wednesday,Dinner,No onions
2256,C1028,Julián Ospina,2025-05-13 12:15,Dine-In,Beverage,Iced Tea,2,19.74,39.48,Card,Juan,7,Tuesday,Lunch,
2257,C1028,Julián Ospina,2025-08-24 21:00,Dine-In,Beverage,Fresh Orange Juice,4,17.42,69.68,Card,Valeria,4,Sunday,Dinner,
2258,C1028,Julián Ospina,2025-09-02 09:30,Dine-In,Beverage,Fresh Orange Juice,2,16.80,33.60,Mobile Payment,Miguel,26,Tuesday,Breakfast,
2259,C1028,Julián Ospina,2025-03-11 21:05,Dine-In,Beverage,Cappuccino,3,13.46,40.38,Card,Ana,22,Tuesday,Dinner,
2260,C1028,Julián Ospina,2025-11-06 19:15,Dine-In,Beverage,Latte,3,15.54,46.62,Card,Juan,19,Thursday,Dinner,Gluten-free
2261,C1029,Alejandra Prieto,2025-11-24 18:35,Dine-In,Food,Beef Burger,4,19.93,79.72,Card,Juan,11,Monday,Dinner,Less sugar
2262,C1029,Alejandra Prieto,2025-10-21 20:50,Dine-In,Beverage,Green Smoothie,4,19.95,79.80,Card,Juan,21,Tuesday,Dinner,
2263,C1029,Alejandra Prieto,2025-05-25 13:15,Delivery,Food,Veggie Sandwich,2,19.87,39.74,Card,-,-,Sunday,Lunch,Less sugar
2264,C1029,Alejandra Prieto,2025-12-04 08:35,Dine-In,Beverage,Green Smoothie,3,17.26,51.78,Mobile Payment,Miguel,11,Thursday,Breakfast,
2265,C1029,Alejandra Prieto,2025-09-06 21:10,Dine-In,Food,Sushi Roll,2,13.95,27.90,Card,Valeria,23,Saturday,Dinner,No onions
2266,C1029,Alejandra Prieto,2025-04-25 19:20,Takeaway,Beverage,Cappuccino,4,19.33,77.32,Card,-,-,Friday,Dinner,Extra napkins
2267,C1029,Alejandra Prieto,2025-08-26 12:05,Delivery,Beverage,Cappuccino,2,17.14,34.28,Cash,-,-,Tuesday,Lunch,Gluten-free
2268,C1029,Alejandra Prieto,2025-07-23 20:15,Dine-In,Beverage,Cappuccino,3,13.30,39.90,Mobile Payment,Miguel,11,Wednesday,Dinner,No onions
2269,C1029,Alejandra Prieto,2025-06-09 08:35,Takeaway,Beverage,Fresh Orange Juice,2,11.87,23.74,Mobile Payment,-,-,Monday,Breakfast,Gluten-free
2270,C1029,Alejandra Prieto,2025-01-18 20:15,Takeaway,Beverage,Latte,4,16.97,67.88,Mobile Payment,-,-,Saturday,Dinner,Gluten-free
2271,C1029,Alejandra Prieto,2025-02-02 14:20,Delivery,Food,Sushi Roll,4,19.82,79.28,Card,-,-,Sunday,Lunch,No onions
2272,C1029,Alejandra Prieto,2025-03-05 18:15,Dine-In,Food,Grilled Chicken,4,13.20,52.80,Card,Carlos,7,Wednesday,Dinner,Extra napkins
2273,C1029,Alejandra Prieto,2025-04-16 12:15,Dine-In,Beverage,Mojito,2,15.93,31.86,Card,Valeria,22,Wednesday,Lunch,
2274,C1029,Alejandra Prieto,2025-02-24 21:00,Dine-In,Food,Pasta Alfredo,2,13.25,26.50,Cash,Carlos,2,Monday,Dinner,Less sugar
2275,C1029,Alejandra Prieto,2025-09-07 19:35,Takeaway,Beverage,Iced Tea,4,12.61,50.44,Card,-,-,Sunday,Dinner,
2276,C1029,Alejandra Prieto,2025-07-30 21:10,Takeaway,Beverage,Green Smoothie,2,18.21,36.42,Card,-,-,Wednesday,Dinner,
2277,C1029,Alejandra Prieto,2025-02-24 13:15,Takeaway,Beverage,Cappuccino,2,17.14,34.28,Card,-,-,Monday,Lunch,Less sugar
2278,C1030,Manuel Beltrán,2025-11-14 08:45,Dine-In,Food,Pasta Alfredo,3,17.12,51.36,Card,Juan,1,Friday,Breakfast,
2279,C1030,Manuel Beltrán,2025-08-07 08:45,Dine-In,Beverage,Cappuccino,2,16.17,32.34,Mobile Payment,Juan,27,Thursday,Breakfast,
2280,C1030,Manuel Beltrán,2025-09-28 20:15,Delivery,Food,Margherita Pizza,4,17.95,71.80,Cash,-,-,Sunday,Dinner,
2281,C1030,Manuel Beltrán,2025-07-27 18:30,Takeaway,Beverage,Cappuccino,4,13.68,54.72,Cash,-,-,Sunday,Dinner,
2282,C1030,Manuel Beltrán,2025-01-24 12:50,Dine-In,Beverage,Green Smoothie,3,13.81,41.43,Cash,Valeria,20,Friday,Lunch,
2283,C1030,Manuel Beltrán,2025-04-17 08:15,Delivery,Food,Caesar Salad,4,16.35,65.40,Cash,-,-,Thursday,Breakfast,
2284,C1030,Manuel Beltrán,2025-03-24 09:10,Dine-In,Food,Margherita Pizza,2,17.40,34.80,Cash,Ana,14,Monday,Breakfast,
2285,C1030,Manuel Beltrán,2025-05-16 20:50,Dine-In,Food,Grilled Chicken,4,12.25,49.00,Card,Valeria,30,Friday,Dinner,Extra napkins
2286,C1030,Manuel Beltrán,2025-12-20 14:50,Dine-In,Food,Pasta Alfredo,3,14.52,43.56,Mobile Payment,Carlos,8,Saturday,Lunch,
2287,C1030,Manuel Beltrán,2025-06-27 18:40,Takeaway,Food,Veggie Sandwich,3,13.37,40.11,Card,-,-,Friday,Dinner,Less sugar
2288,C1030,Manuel Beltrán,2025-02-06 21:15,Delivery,Beverage,Mojito,4,17.63,70.52,Card,-,-,Thursday,Dinner,Extra napkins
2289,C1030,Manuel Beltrán,2025-10-13 21:15,Dine-In,Beverage,Fresh Orange Juice,4,16.95,67.80,Cash,Valeria,4,Monday,Dinner,
2290,C1030,Manuel Beltrán,2025-07-07 08:00,Delivery,Food,Veggie Sandwich,3,14.27,42.81,Card,-,-,Monday,Breakfast,
2291,C1030,Manuel Beltrán,2025-06-02 08:45,Takeaway,Food,Caesar Salad,3,15.92,47.76,Mobile Payment,-,-,Monday,Breakfast,
2292,C1030,Manuel Beltrán,2025-07-14 09:00,Delivery,Food,Grilled Chicken,2,15.42,30.84,Cash,-,-,Monday,Breakfast,
2293,C1030,Manuel Beltrán,2025-07-09 14:15,Dine-In,Beverage,Latte,2,14.89,29.78,Mobile Payment,Miguel,28,Wednesday,Lunch,
2294,C1030,Manuel Beltrán,2025-05-11 14:40,Delivery,Beverage,Cappuccino,2,17.14,34.28,Cash,-,-,Sunday,Lunch,Extra napkins
2295,C1030,Manuel Beltrán,2025-10-21 08:40,Delivery,Food,Grilled Chicken,3,13.75,41.25,Cash,-,-,Tuesday,Breakfast,Gluten-free
2296,C1030,Manuel Beltrán,2025-10-30 18:00,Delivery,Beverage,Mineral Water,4,16.04,64.16,Cash,-,-,Thursday,Dinner,No onions
2297,C1030,Manuel Beltrán,2025-09-05 18:45,Delivery,Beverage,Latte,3,13.80,41.40,Card,-,-,Friday,Dinner,
2298,C1030,Manuel Beltrán,2025-02-02 14:35,Delivery,Beverage,Mineral Water,2,17.06,34.12,Cash,-,-,Sunday,Lunch,
2299,C1030,Manuel Beltrán,2025-08-20 12:35,Takeaway,Beverage,Fresh Orange Juice,3,16.80,50.40,Mobile Payment,-,-,Wednesday,Lunch,Less sugar
2300,C1030,Manuel Beltrán,2025-12-06 13:20,Delivery,Food,Grilled Chicken,3,12.79,38.37,Mobile Payment,-,-,Saturday,Lunch,Extra napkins
2301,C1030,Manuel Beltrán,2025-12-28 19:30,Delivery,Beverage,Green Smoothie,3,13.21,39.63,Mobile Payment,-,-,Sunday,Dinner,Gluten-free
2302,C1030,Manuel Beltrán,2025-12-07 20:30,Dine-In,Beverage,Mineral Water,2,13.96,27.92,Mobile Payment,Ana,23,Sunday,Dinner,
2303,C1030,Manuel Beltrán,2025-07-14 13:30,Dine-In,Beverage,Iced Tea,2,12.94,25.88,Card,Miguel,19,Monday,Lunch,Gluten-free
2304,C1030,Manuel Beltrán,2025-10-19 19:15,Delivery,Food,Veggie Sandwich,4,14.91,59.64,Mobile Payment,-,-,Sunday,Dinner,Gluten-free
2305,C067,Carrie Stephenson,2025-10-18 14:05,Delivery,Beverage,Fresh Orange Juice,2,16.95,33.90,Cash,-,-,Saturday,Lunch,
2306,C067,Carrie Stephenson,2025-07-10 19:20,Dine-In,Beverage,Mineral Water,4,15.73,62.92,Card,Carlos,17,Thursday,Dinner,Gluten-free
2307,C067,Carrie Stephenson,2025-01-24 20:40,Delivery,Food,Pasta Alfredo,2,15.89,31.78,Cash,-,-,Friday,Dinner,Extra napkins
2308,C067,Carrie Stephenson,2025-06-24 20:45,Delivery,Beverage,Latte,4,17.87,71.48,Mobile Payment,-,-,Tuesday,Dinner,
2309,C067,Carrie Stephenson,2025-08-25 19:20,Delivery,Beverage,Cappuccino,3,16.79,50.37,Cash,-,-,Monday,Dinner,
2310,C067,Carrie Stephenson,2025-12-18 19:05,Dine-In,Food,Pasta Alfredo,2,12.09,24.18,Card,Miguel,20,Thursday,Dinner,
2311,C067,Carrie Stephenson,2025-03-27 13:15,Dine-In,Beverage,Latte,2,15.54,31.08,Mobile Payment,Miguel,30,Thursday,Lunch,Less sugar
2312,C067,Carrie Stephenson,2025-02-03 19:30,Dine-In,Beverage,Mineral Water,3,15.73,47.19,Card,Carlos,7,Monday,Dinner,Extra napkins
2313,C067,Carrie Stephenson,2025-09-20 09:15,Dine-In,Food,Veggie Sandwich,3,15.03,45.09,Card,Juan,8,Saturday,Breakfast,Extra napkins
2314,C067,Carrie Stephenson,2025-11-16 20:10,Dine-In,Beverage,Mojito,3,14.09,42.27,Mobile Payment,Valeria,5,Sunday,Dinner,Extra napkins
2315,C067,Carrie Stephenson,2025-05-30 13:35,Dine-In,Food,Margherita Pizza,3,15.66,46.98,Mobile Payment,Juan,14,Friday,Lunch,
2316,C067,Carrie Stephenson,2025-09-01 18:10,Takeaway,Beverage,Iced Tea,4,12.94,51.76,Mobile Payment,-,-,Monday,Dinner,Extra napkins
2317,C067,Carrie Stephenson,2025-01-19 09:30,Dine-In,Beverage,Cappuccino,4,16.76,67.04,Cash,Carlos,28,Sunday,Breakfast,Extra napkins
2318,C067,Carrie Stephenson,2025-07-27 18:45,Dine-In,Beverage,Mojito,2,19.74,39.48,Cash,Miguel,8,Sunday,Dinner,Less sugar
2319,C067,Carrie Stephenson,2025-06-21 20:15,Takeaway,Beverage,Cappuccino,2,15.50,31.00,Cash,-,-,Saturday,Dinner,Less sugar
2320,C067,Carrie Stephenson,2025-10-13 18:40,Delivery,Beverage,Cappuccino,4,13.93,55.72,Card,-,-,Monday,Dinner,
2321,C067,Carrie Stephenson,2025-09-27 12:45,Takeaway,Beverage,Mineral Water,3,12.88,38.64,Mobile Payment,-,-,Saturday,Lunch,
2322,C068,Rachel Gonzalez,2025-04-03 08:10,Delivery,Food,Sushi Roll,2,12.26,24.52,Mobile Payment,-,-,Thursday,Breakfast,
2323,C068,Rachel Gonzalez,2025-08-05 13:45,Delivery,Beverage,Cappuccino,3,16.29,48.87,Mobile Payment,-,-,Tuesday,Lunch,Gluten-free
2324,C068,Rachel Gonzalez,2025-05-01 14:00,Dine-In,Beverage,Iced Tea,2,17.64,35.28,Mobile Payment,Juan,2,Thursday,Lunch,No onions
2325,C068,Rachel Gonzalez,2025-11-30 19:30,Delivery,Food,Pasta Alfredo,2,15.56,31.12,Card,-,-,Sunday,Dinner,
2326,C068,Rachel Gonzalez,2025-12-31 18:50,Dine-In,Food,Sushi Roll,4,13.95,55.80,Cash,Juan,25,Wednesday,Dinner,
2327,C068,Rachel Gonzalez,2025-07-14 21:05,Delivery,Beverage,Mojito,4,14.14,56.56,Mobile Payment,-,-,Monday,Dinner,
2328,C068,Rachel Gonzalez,2025-01-14 09:15,Dine-In,Beverage,Iced Tea,4,17.44,69.76,Card,Ana,13,Tuesday,Breakfast,Extra napkins
2329,C068,Rachel Gonzalez,2025-09-05 20:30,Dine-In,Beverage,Iced Tea,2,18.58,37.16,Mobile Payment,Juan,30,Friday,Dinner,Gluten-free
2330,C068,Rachel Gonzalez,2025-10-28 19:40,Dine-In,Food,Veggie Sandwich,3,14.27,42.81,Cash,Valeria,10,Tuesday,Dinner,Extra napkins
2331,C068,Rachel Gonzalez,2025-02-05 14:20,Dine-In,Beverage,Iced Tea,4,17.07,68.28,Cash,Ana,16,Wednesday,Lunch,Extra napkins
2332,C068,Rachel Gonzalez,2025-06-13 14:45,Dine-In,Beverage,Mojito,2,15.65,31.30,Cash,Carlos,18,Friday,Lunch,
2333,C068,Rachel Gonzalez,2025-03-22 19:45,Delivery,Food,Caesar Salad,2,17.39,34.78,Mobile Payment,-,-,Saturday,Dinner,
2334,C068,Rachel Gonzalez,2025-07-02 13:30,Delivery,Beverage,Iced Tea,2,16.66,33.32,Cash,-,-,Wednesday,Lunch,
2335,C068,Rachel Gonzalez,2025-07-02 21:15,Dine-In,Beverage,Mojito,2,16.37,32.74,Mobile Payment,Juan,18,Wednesday,Dinner,
2336,C068,Rachel Gonzalez,2025-03-06 08:35,Delivery,Food,Margherita Pizza,2,19.53,39.06,Cash,-,-,Thursday,Breakfast,
2337,C068,Rachel Gonzalez,2025-04-26 08:00,Delivery,Food,Margherita Pizza,3,13.39,40.17,Mobile Payment,-,-,Saturday,Breakfast,Extra napkins
2338,C068,Rachel Gonzalez,2025-01-25 09:20,Delivery,Food,Sushi Roll,3,19.42,58.26,Mobile Payment,-,-,Saturday,Breakfast,
2339,C068,Rachel Gonzalez,2025-10-26 13:00,Delivery,Food,Grilled Chicken,4,15.37,61.48,Mobile Payment,-,-,Sunday,Lunch,
2340,C068,Rachel Gonzalez,2025-12-31 21:45,Takeaway,Food,Margherita Pizza,2,12.33,24.66,Mobile Payment,-,-,Wednesday,Dinner,No onions
2341,C068,Rachel Gonzalez,2025-02-03 18:00,Delivery,Beverage,Fresh Orange Juice,4,16.79,67.16,Card,-,-,Monday,Dinner,
2342,C068,Rachel Gonzalez,2025-06-27 18:30,Takeaway,Food,Margherita Pizza,3,12.33,36.99,Card,-,-,Friday,Dinner,
2343,C068,Rachel Gonzalez,2025-01-23 14:15,Dine-In,Beverage,Mojito,3,12.34,37.02,Cash,Juan,13,Thursday,Lunch,
2344,C068,Rachel Gonzalez,2025-09-20 12:50,Delivery,Food,Margherita Pizza,3,13.78,41.34,Cash,-,-,Saturday,Lunch,
2345,C068,Rachel Gonzalez,2025-06-03 09:35,Takeaway,Food,Veggie Sandwich,2,13.51,27.02,Mobile Payment,-,-,Tuesday,Breakfast,
2346,C068,Rachel Gonzalez,2025-05-27 12:30,Takeaway,Beverage,Iced Tea,2,14.06,28.12,Cash,-,-,Tuesday,Lunch,Gluten-free
2347,C068,Rachel Gonzalez,2025-02-23 19:15,Takeaway,Beverage,Mojito,4,14.35,57.40,Card,-,-,Sunday,Dinner,
2348,C068,Rachel Gonzalez,2025-10-25 14:45,Delivery,Beverage,Iced Tea,4,17.70,70.80,Card,-,-,Saturday,Lunch,Less sugar
2349,C068,Rachel Gonzalez,2025-08-09 13:30,Takeaway,Beverage,Latte,2,18.90,37.80,Cash,-,-,Saturday,Lunch,
2350,C068,Rachel Gonzalez,2025-04-13 20:10,Dine-In,Food,Veggie Sandwich,3,15.03,45.09,Mobile Payment,Miguel,2,Sunday,Dinner,No onions
2351,C068,Rachel Gonzalez,2025-10-13 09:05,Dine-In,Food,Caesar Salad,2,19.77,39.54,Cash,Miguel,4,Monday,Breakfast,Gluten-free
2352,C069,Matthew Bradley,2025-08-07 14:35,Dine-In,Beverage,Mineral Water,3,17.32,51.96,Mobile Payment,Valeria,30,Thursday,Lunch,
2353,C069,Matthew Bradley,2025-09-30 18:20,Dine-In,Beverage,Fresh Orange Juice,4,16.80,67.20,Mobile Payment,Ana,13,Tuesday,Dinner,
2354,C069,Matthew Bradley,2025-03-03 19:40,Delivery,Beverage,Latte,3,16.14,48.42,Cash,-,-,Monday,Dinner,
2355,C069,Matthew Bradley,2025-06-24 13:40,Takeaway,Beverage,Latte,2,14.89,29.78,Cash,-,-,Tuesday,Lunch,
2356,C069,Matthew Bradley,2025-02-14 09:10,Takeaway,Food,Veggie Sandwich,3,14.91,44.73,Mobile Payment,-,-,Friday,Breakfast,No onions
2357,C069,Matthew Bradley,2025-07-05 14:30,Dine-In,Food,Grilled Chicken,2,12.25,24.50,Cash,Valeria,3,Saturday,Lunch,
2358,C069,Matthew Bradley,2025-10-05 18:40,Dine-In,Beverage,Iced Tea,2,19.82,39.64,Cash,Miguel,10,Sunday,Dinner,Less sugar
2359,C069,Matthew Bradley,2025-11-07 14:10,Dine-In,Beverage,Iced Tea,3,19.82,59.46,Cash,Carlos,7,Friday,Lunch,
2360,C069,Matthew Bradley,2025-04-03 21:05,Dine-In,Beverage,Iced Tea,2,17.43,34.86,Cash,Miguel,24,Thursday,Dinner,Less sugar
2361,C069,Matthew Bradley,2025-05-12 20:00,Dine-In,Food,Pasta Alfredo,3,15.71,47.13,Card,Carlos,5,Monday,Dinner,Gluten-free
2362,C069,Matthew Bradley,2025-01-26 12:40,Takeaway,Beverage,Latte,3,14.89,44.67,Card,-,-,Sunday,Lunch,Gluten-free
2363,C069,Matthew Bradley,2025-06-02 08:05,Dine-In,Food,Grilled Chicken,2,12.66,25.32,Cash,Valeria,9,Monday,Breakfast,
2364,C069,Matthew Bradley,2025-05-01 13:50,Takeaway,Beverage,Fresh Orange Juice,3,11.87,35.61,Card,-,-,Thursday,Lunch,
2365,C069,Matthew Bradley,2025-11-09 21:05,Dine-In,Food,Grilled Chicken,2,12.79,25.58,Cash,Miguel,4,Sunday,Dinner,Less sugar
2366,C069,Matthew Bradley,2025-12-25 09:10,Takeaway,Beverage,Cappuccino,3,12.60,37.80,Mobile Payment,-,-,Thursday,Breakfast,Extra napkins
2367,C069,Matthew Bradley,2025-11-16 20:15,Takeaway,Beverage,Iced Tea,3,12.86,38.58,Cash,-,-,Sunday,Dinner,
2368,C069,Matthew Bradley,2025-03-25 20:00,Delivery,Food,Pasta Alfredo,4,18.49,73.96,Card,-,-,Tuesday,Dinner,Gluten-free
2369,C069,Matthew Bradley,2025-08-26 13:50,Dine-In,Food,Sushi Roll,4,13.03,52.12,Cash,Miguel,19,Tuesday,Lunch,
2370,C069,Matthew Bradley,2025-08-19 19:00,Dine-In,Beverage,Iced Tea,2,16.80,33.60,Mobile Payment,Valeria,24,Tuesday,Dinner,No onions
2371,C069,Matthew Bradley,2025-06-21 19:35,Dine-In,Food,Margherita Pizza,3,19.24,57.72,Mobile Payment,Miguel,7,Saturday,Dinner,
2372,C069,Matthew Bradley,2025-02-13 20:15,Dine-In,Food,Veggie Sandwich,2,13.32,26.64,Cash,Carlos,27,Thursday,Dinner,Gluten-free
2373,C069,Matthew Bradley,2025-05-26 14:35,Dine-In,Food,Sushi Roll,4,12.86,51.44,Cash,Valeria,22,Monday,Lunch,Less sugar
2374,C069,Matthew Bradley,2025-05-26 08:45,Dine-In,Beverage,Iced Tea,3,16.68,50.04,Mobile Payment,Juan,23,Monday,Breakfast,
2375,C069,Matthew Bradley,2025-07-30 18:50,Takeaway,Beverage,Mineral Water,3,12.41,37.23,Card,-,-,Wednesday,Dinner,No onions
2376,C071,Randy Nguyen,2025-05-10 20:20,Dine-In,Beverage,Mineral Water,2,13.13,26.26,Card,Juan,28,Saturday,Dinner,Gluten-free
2377,C071,Randy Nguyen,2025-03-13 12:15,Dine-In,Food,Beef Burger,4,12.77,51.08,Cash,Carlos,1,Thursday,Lunch,
2378,C071,Randy Nguyen,2025-08-27 21:45,Delivery,Food,Veggie Sandwich,4,15.73,62.92,Cash,-,-,Wednesday,Dinner,
2379,C071,Randy Nguyen,2025-04-22 08:35,Dine-In,Beverage,Mojito,2,15.77,31.54,Card,Juan,26,Tuesday,Breakfast,No onions
2380,C071,Randy Nguyen,2025-06-28 13:40,Delivery,Beverage,Mojito,4,12.46,49.84,Cash,-,-,Saturday,Lunch,
2381,C071,Randy Nguyen,2025-07-30 19:45,Takeaway,Beverage,Mojito,2,12.44,24.88,Mobile Payment,-,-,Wednesday,Dinner,Less sugar
2382,C071,Randy Nguyen,2025-10-04 18:30,Dine-In,Beverage,Mojito,4,19.74,78.96,Card,Ana,8,Saturday,Dinner,Extra napkins
2383,C071,Randy Nguyen,2025-12-17 13:30,Delivery,Beverage,Iced Tea,3,14.06,42.18,Cash,-,-,Wednesday,Lunch,Extra napkins
2384,C071,Randy Nguyen,2025-01-23 20:35,Dine-In,Beverage,Iced Tea,2,12.45,24.90,Card,Valeria,3,Thursday,Dinner,No onions
2385,C071,Randy Nguyen,2025-09-21 18:20,Dine-In,Beverage,Green Smoothie,4,19.13,76.52,Card,Ana,8,Sunday,Dinner,Extra napkins
2386,C071,Randy Nguyen,2025-02-26 20:00,Dine-In,Food,Pasta Alfredo,3,14.30,42.90,Mobile Payment,Ana,18,Wednesday,Dinner,Extra napkins
2387,C071,Randy Nguyen,2025-12-01 19:20,Delivery,Food,Pasta Alfredo,4,15.89,63.56,Cash,-,-,Monday,Dinner,
2388,C071,Randy Nguyen,2025-10-29 09:40,Dine-In,Beverage,Iced Tea,4,14.00,56.00,Mobile Payment,Juan,27,Wednesday,Breakfast,
2389,C071,Randy Nguyen,2025-01-28 09:15,Delivery,Food,Caesar Salad,2,19.32,38.64,Mobile Payment,-,-,Tuesday,Breakfast,
2390,C071,Randy Nguyen,2025-10-12 21:50,Dine-In,Beverage,Cappuccino,4,16.65,66.60,Mobile Payment,Miguel,22,Sunday,Dinner,No onions
2391,C071,Randy Nguyen,2025-04-08 12:45,Dine-In,Beverage,Mineral Water,2,18.10,36.20,Mobile Payment,Valeria,28,Tuesday,Lunch,
2392,C071,Randy Nguyen,2025-12-10 13:20,Takeaway,Food,Grilled Chicken,3,13.55,40.65,Mobile Payment,-,-,Wednesday,Lunch,
2393,C071,Randy Nguyen,2025-04-11 19:15,Takeaway,Food,Veggie Sandwich,2,16.52,33.04,Card,-,-,Friday,Dinner,Extra napkins
2394,C071,Randy Nguyen,2025-02-05 09:50,Delivery,Beverage,Fresh Orange Juice,2,12.51,25.02,Mobile Payment,-,-,Wednesday,Breakfast,No onions
2395,C071,Randy Nguyen,2025-02-21 08:05,Takeaway,Food,Beef Burger,4,18.39,73.56,Mobile Payment,-,-,Friday,Breakfast,Extra napkins
2396,C071,Randy Nguyen,2025-06-27 13:35,Delivery,Food,Grilled Chicken,3,15.42,46.26,Card,-,-,Friday,Lunch,
2397,C071,Randy Nguyen,2025-04-19 09:20,Takeaway,Food,Pasta Alfredo,4,14.52,58.08,Card,-,-,Saturday,Breakfast,No onions
2398,C071,Randy Nguyen,2025-01-04 20:45,Dine-In,Beverage,Latte,3,13.90,41.70,Mobile Payment,Valeria,24,Saturday,Dinner,
2399,C071,Randy Nguyen,2025-10-01 08:15,Delivery,Beverage,Mojito,2,15.75,31.50,Card,-,-,Wednesday,Breakfast,No onions
2400,C071,Randy Nguyen,2025-02-04 08:15,Dine-In,Food,Sushi Roll,2,15.62,31.24,Card,Ana,5,Tuesday,Breakfast,Gluten-free
2401,C071,Randy Nguyen,2025-10-03 14:10,Takeaway,Beverage,Mojito,2,15.93,31.86,Mobile Payment,-,-,Friday,Lunch,No onions
2402,C071,Randy Nguyen,2025-11-18 18:15,Delivery,Food,Sushi Roll,2,13.20,26.40,Card,-,-,Tuesday,Dinner,
2403,C071,Randy Nguyen,2025-03-11 08:30,Takeaway,Beverage,Cappuccino,2,13.68,27.36,Cash,-,-,Tuesday,Breakfast,
2404,C071,Randy Nguyen,2025-10-18 09:00,Delivery,Beverage,Latte,4,17.34,69.36,Cash,-,-,Saturday,Breakfast,
2405,C071,Randy Nguyen,2025-09-18 18:05,Dine-In,Food,Grilled Chicken,3,19.41,58.23,Card,Ana,27,Thursday,Dinner,Extra napkins
2406,C073,Michael Moreno,2025-05-03 14:20,Dine-In,Beverage,Latte,2,16.14,32.28,Mobile Payment,Miguel,19,Saturday,Lunch,Extra napkins
2407,C073,Michael Moreno,2025-12-29 18:15,Dine-In,Food,Sushi Roll,4,12.26,49.04,Card,Valeria,4,Monday,Dinner,
2408,C073,Michael Moreno,2025-01-21 19:50,Delivery,Beverage,Green Smoothie,2,13.81,27.62,Card,-,-,Tuesday,Dinner,Extra napkins
2409,C073,Michael Moreno,2025-10-18 19:05,Dine-In,Beverage,Fresh Orange Juice,2,13.94,27.88,Card,Carlos,22,Saturday,Dinner,Gluten-free
2410,C073,Michael Moreno,2025-06-04 20:45,Takeaway,Food,Margherita Pizza,3,16.38,49.14,Card,-,-,Wednesday,Dinner,
2411,C073,Michael Moreno,2025-09-22 21:05,Takeaway,Beverage,Cappuccino,2,15.50,31.00,Cash,-,-,Monday,Dinner,No onions
2412,C073,Michael Moreno,2025-08-11 09:00,Dine-In,Beverage,Fresh Orange Juice,4,13.94,55.76,Cash,Ana,17,Monday,Breakfast,No onions
2413,C073,Michael Moreno,2025-03-16 13:05,Dine-In,Food,Caesar Salad,3,15.92,47.76,Cash,Miguel,4,Sunday,Lunch,Less sugar
2414,C073,Michael Moreno,2025-04-28 13:20,Dine-In,Food,Sushi Roll,2,18.22,36.44,Card,Valeria,19,Monday,Lunch,Less sugar
2415,C073,Michael Moreno,2025-02-08 21:50,Delivery,Food,Veggie Sandwich,3,19.87,59.61,Card,-,-,Saturday,Dinner,
2416,C073,Michael Moreno,2025-07-11 14:15,Delivery,Food,Grilled Chicken,2,17.76,35.52,Card,-,-,Friday,Lunch,Less sugar
2417,C073,Michael Moreno,2025-06-29 20:50,Dine-In,Beverage,Fresh Orange Juice,2,12.17,24.34,Card,Ana,24,Sunday,Dinner,
2418,C073,Michael Moreno,2025-12-06 21:05,Delivery,Beverage,Fresh Orange Juice,2,13.62,27.24,Card,-,-,Saturday,Dinner,
2419,C073,Michael Moreno,2025-05-16 18:30,Dine-In,Food,Pasta Alfredo,3,14.90,44.70,Card,Ana,8,Friday,Dinner,
2420,C073,Michael Moreno,2025-09-22 14:05,Delivery,Beverage,Fresh Orange Juice,3,19.00,57.00,Mobile Payment,-,-,Monday,Lunch,
2421,C073,Michael Moreno,2025-07-08 12:35,Dine-In,Beverage,Iced Tea,2,17.07,34.14,Card,Juan,21,Tuesday,Lunch,Extra napkins
2422,C073,Michael Moreno,2025-07-12 18:30,Takeaway,Beverage,Iced Tea,3,17.18,51.54,Card,-,-,Saturday,Dinner,Less sugar
2423,C073,Michael Moreno,2025-01-21 21:05,Delivery,Food,Veggie Sandwich,2,15.73,31.46,Card,-,-,Tuesday,Dinner,Gluten-free
2424,C073,Michael Moreno,2025-07-20 14:10,Dine-In,Food,Veggie Sandwich,2,14.91,29.82,Mobile Payment,Miguel,12,Sunday,Lunch,Extra napkins
2425,C073,Michael Moreno,2025-10-16 13:10,Takeaway,Food,Sushi Roll,2,19.42,38.84,Card,-,-,Thursday,Lunch,
2426,C073,Michael Moreno,2025-02-08 20:20,Delivery,Beverage,Mineral Water,2,12.41,24.82,Cash,-,-,Saturday,Dinner,
2427,C073,Michael Moreno,2025-10-08 12:45,Takeaway,Beverage,Fresh Orange Juice,4,13.62,54.48,Mobile Payment,-,-,Wednesday,Lunch,Extra napkins
2428,C073,Michael Moreno,2025-03-12 20:10,Takeaway,Beverage,Latte,3,14.89,44.67,Card,-,-,Wednesday,Dinner,Extra napkins
2429,C073,Michael Moreno,2025-03-02 13:35,Delivery,Beverage,Latte,3,17.87,53.61,Mobile Payment,-,-,Sunday,Lunch,Less sugar
2430,C073,Michael Moreno,2025-05-24 12:30,Dine-In,Beverage,Fresh Orange Juice,3,16.80,50.40,Mobile Payment,Valeria,24,Saturday,Lunch,
2431,C073,Michael Moreno,2025-05-29 13:45,Takeaway,Beverage,Mojito,4,14.28,57.12,Mobile Payment,-,-,Thursday,Lunch,Less sugar
2432,C073,Michael Moreno,2025-02-01 08:15,Takeaway,Food,Sushi Roll,3,17.53,52.59,Cash,-,-,Saturday,Breakfast,No onions
2433,C073,Michael Moreno,2025-01-17 09:05,Delivery,Beverage,Mojito,3,12.44,37.32,Mobile Payment,-,-,Friday,Breakfast,Less sugar
2434,C073,Michael Moreno,2025-04-03 13:45,Delivery,Beverage,Mineral Water,3,15.73,47.19,Card,-,-,Thursday,Lunch,No onions
2435,C073,Michael Moreno,2025-08-02 18:35,Delivery,Beverage,Cappuccino,3,16.65,49.95,Mobile Payment,-,-,Saturday,Dinner,Gluten-free
2436,C073,Michael Moreno,2025-05-05 18:00,Takeaway,Food,Pasta Alfredo,2,19.01,38.02,Mobile Payment,-,-,Monday,Dinner,No onions
2437,C073,Michael Moreno,2025-06-27 08:30,Delivery,Beverage,Iced Tea,2,17.70,35.40,Cash,-,-,Friday,Breakfast,
2438,C073,Michael Moreno,2025-04-19 12:45,Dine-In,Beverage,Mojito,3,19.22,57.66,Mobile Payment,Ana,7,Saturday,Lunch,
2439,C073,Michael Moreno,2025-08-04 13:10,Delivery,Food,Margherita Pizza,3,19.53,58.59,Card,-,-,Monday,Lunch,No onions
2440,C078,Kendra Ellis,2025-05-17 20:40,Dine-In,Beverage,Mojito,2,17.64,35.28,Cash,Ana,27,Saturday,Dinner,
2441,C078,Kendra Ellis,2025-11-18 08:45,Delivery,Food,Pasta Alfredo,4,18.53,74.12,Mobile Payment,-,-,Tuesday,Breakfast,No onions
2442,C078,Kendra Ellis,2025-07-28 09:20,Takeaway,Beverage,Latte,4,13.90,55.60,Cash,-,-,Monday,Breakfast,Extra napkins
2443,C078,Kendra Ellis,2025-03-18 09:50,Dine-In,Food,Pasta Alfredo,3,14.30,42.90,Cash,Carlos,2,Tuesday,Breakfast,Less sugar
2444,C078,Kendra Ellis,2025-10-03 12:15,Delivery,Beverage,Fresh Orange Juice,3,16.95,50.85,Card,-,-,Friday,Lunch,Extra napkins
2445,C078,Kendra Ellis,2025-12-20 20:30,Dine-In,Food,Grilled Chicken,4,12.66,50.64,Card,Carlos,6,Saturday,Dinner,Less sugar
2446,C078,Kendra Ellis,2025-06-16 21:40,Dine-In,Food,Sushi Roll,2,13.95,27.90,Cash,Ana,7,Monday,Dinner,No onions
2447,C078,Kendra Ellis,2025-08-13 19:30,Takeaway,Beverage,Latte,2,16.97,33.94,Cash,-,-,Wednesday,Dinner,Gluten-free
2448,C078,Kendra Ellis,2025-09-11 18:40,Dine-In,Beverage,Latte,4,15.21,60.84,Mobile Payment,Carlos,9,Thursday,Dinner,
2449,C078,Kendra Ellis,2025-04-18 21:40,Delivery,Food,Veggie Sandwich,2,15.03,30.06,Cash,-,-,Friday,Dinner,No onions
2450,C078,Kendra Ellis,2025-01-31 08:50,Delivery,Food,Margherita Pizza,4,14.30,57.20,Mobile Payment,-,-,Friday,Breakfast,
2451,C078,Kendra Ellis,2025-02-22 18:30,Delivery,Food,Margherita Pizza,4,16.36,65.44,Mobile Payment,-,-,Saturday,Dinner,Extra napkins
2452,C078,Kendra Ellis,2025-07-13 20:00,Dine-In,Beverage,Latte,2,15.54,31.08,Cash,Juan,9,Sunday,Dinner,
2453,C078,Kendra Ellis,2025-06-19 14:50,Dine-In,Beverage,Fresh Orange Juice,4,13.94,55.76,Cash,Ana,23,Thursday,Lunch,
2454,C078,Kendra Ellis,2025-11-06 13:45,Dine-In,Beverage,Green Smoothie,2,13.81,27.62,Card,Carlos,18,Thursday,Lunch,
2455,C078,Kendra Ellis,2025-06-03 08:20,Takeaway,Beverage,Mojito,3,16.67,50.01,Mobile Payment,-,-,Tuesday,Breakfast,Gluten-free
2456,C078,Kendra Ellis,2025-06-07 08:00,Dine-In,Food,Grilled Chicken,3,12.25,36.75,Card,Miguel,1,Saturday,Breakfast,Less sugar
2457,C078,Kendra Ellis,2025-06-07 18:50,Dine-In,Food,Sushi Roll,2,12.26,24.52,Mobile Payment,Ana,8,Saturday,Dinner,No onions
2458,C078,Kendra Ellis,2025-04-26 12:40,Delivery,Food,Sushi Roll,4,13.95,55.80,Card,-,-,Saturday,Lunch,
2459,C082,Jimmy Jones,2025-05-31 18:35,Delivery,Food,Pasta Alfredo,3,13.81,41.43,Card,-,-,Saturday,Dinner,Extra napkins
2460,C082,Jimmy Jones,2025-07-26 14:35,Takeaway,Beverage,Iced Tea,4,16.16,64.64,Card,-,-,Saturday,Lunch,
2461,C082,Jimmy Jones,2025-03-21 12:50,Delivery,Food,Caesar Salad,3,12.91,38.73,Card,-,-,Friday,Lunch,Gluten-free
2462,C082,Jimmy Jones,2025-06-03 18:20,Dine-In,Beverage,Latte,2,13.90,27.80,Mobile Payment,Juan,4,Tuesday,Dinner,Extra napkins
2463,C082,Jimmy Jones,2025-12-03 21:20,Delivery,Food,Grilled Chicken,3,15.42,46.26,Mobile Payment,-,-,Wednesday,Dinner,Less sugar
2464,C082,Jimmy Jones,2025-10-21 14:15,Delivery,Beverage,Green Smoothie,4,18.21,72.84,Card,-,-,Tuesday,Lunch,Gluten-free
2465,C082,Jimmy Jones,2025-09-26 13:10,Takeaway,Food,Caesar Salad,3,18.29,54.87,Mobile Payment,-,-,Friday,Lunch,No onions
2466,C082,Jimmy Jones,2025-01-05 14:15,Dine-In,Food,Margherita Pizza,2,12.15,24.30,Mobile Payment,Miguel,29,Sunday,Lunch,Less sugar
2467,C082,Jimmy Jones,2025-08-15 19:10,Dine-In,Food,Sushi Roll,4,12.26,49.04,Mobile Payment,Juan,24,Friday,Dinner,
2468,C082,Jimmy Jones,2025-02-01 12:20,Delivery,Food,Veggie Sandwich,4,13.37,53.48,Cash,-,-,Saturday,Lunch,
2469,C082,Jimmy Jones,2025-11-24 13:45,Delivery,Food,Pasta Alfredo,4,18.49,73.96,Card,-,-,Monday,Lunch,
2470,C082,Jimmy Jones,2025-01-30 14:10,Dine-In,Beverage,Fresh Orange Juice,3,17.42,52.26,Cash,Juan,3,Thursday,Lunch,Less sugar
2471,C082,Jimmy Jones,2025-05-13 14:05,Delivery,Food,Sushi Roll,4,18.82,75.28,Card,-,-,Tuesday,Lunch,Extra napkins
2472,C082,Jimmy Jones,2025-02-26 20:10,Dine-In,Food,Pasta Alfredo,2,12.09,24.18,Card,Carlos,3,Wednesday,Dinner,Gluten-free
2473,C082,Jimmy Jones,2025-07-10 14:05,Dine-In,Beverage,Cappuccino,4,19.33,77.32,Mobile Payment,Ana,16,Thursday,Lunch,
2474,C082,Jimmy Jones,2025-01-15 19:50,Dine-In,Beverage,Cappuccino,2,14.18,28.36,Cash,Miguel,3,Wednesday,Dinner,Extra napkins
2475,C082,Jimmy Jones,2025-05-16 09:35,Dine-In,Food,Caesar Salad,4,12.40,49.60,Cash,Juan,7,Friday,Breakfast,No onions
2476,C082,Jimmy Jones,2025-03-04 20:35,Takeaway,Beverage,Green Smoothie,4,13.81,55.24,Mobile Payment,-,-,Tuesday,Dinner,Extra napkins
2477,C082,Jimmy Jones,2025-06-22 09:20,Dine-In,Food,Grilled Chicken,2,15.30,30.60,Card,Miguel,22,Sunday,Breakfast,Extra napkins
2478,C082,Jimmy Jones,2025-02-02 08:45,Takeaway,Beverage,Cappuccino,2,16.17,32.34,Card,-,-,Sunday,Breakfast,
2479,C082,Jimmy Jones,2025-07-11 18:40,Dine-In,Beverage,Fresh Orange Juice,4,19.52,78.08,Card,Valeria,30,Friday,Dinner,No onions
2480,C082,Jimmy Jones,2025-12-14 12:05,Delivery,Food,Caesar Salad,2,19.32,38.64,Card,-,-,Sunday,Lunch,Extra napkins
2481,C087,Karen Bryan,2025-03-01 18:05,Delivery,Food,Margherita Pizza,4,15.66,62.64,Cash,-,-,Saturday,Dinner,
2482,C087,Karen Bryan,2025-05-07 20:30,Takeaway,Beverage,Cappuccino,4,18.98,75.92,Mobile Payment,-,-,Wednesday,Dinner,No onions
2483,C087,Karen Bryan,2025-08-24 13:45,Takeaway,Food,Caesar Salad,2,13.43,26.86,Card,-,-,Sunday,Lunch,
2484,C087,Karen Bryan,2025-12-26 21:05,Delivery,Food,Beef Burger,4,19.66,78.64,Card,-,-,Friday,Dinner,
2485,C087,Karen Bryan,2025-04-10 20:45,Dine-In,Food,Sushi Roll,2,19.42,38.84,Card,Miguel,28,Thursday,Dinner,
2486,C087,Karen Bryan,2025-02-23 18:10,Dine-In,Beverage,Latte,3,15.13,45.39,Mobile Payment,Valeria,14,Sunday,Dinner,Less sugar
2487,C087,Karen Bryan,2025-11-02 13:10,Dine-In,Beverage,Green Smoothie,2,12.08,24.16,Mobile Payment,Valeria,1,Sunday,Lunch,
2488,C087,Karen Bryan,2025-09-23 08:35,Delivery,Beverage,Iced Tea,3,17.66,52.98,Cash,-,-,Tuesday,Breakfast,Extra napkins
2489,C087,Karen Bryan,2025-07-21 12:00,Delivery,Beverage,Iced Tea,2,12.61,25.22,Mobile Payment,-,-,Monday,Lunch,
2490,C087,Karen Bryan,2025-10-15 19:20,Takeaway,Food,Caesar Salad,2,12.40,24.80,Card,-,-,Wednesday,Dinner,Gluten-free
2491,C087,Karen Bryan,2025-01-11 19:30,Takeaway,Beverage,Green Smoothie,2,11.89,23.78,Card,-,-,Saturday,Dinner,
2492,C087,Karen Bryan,2025-09-13 08:15,Delivery,Food,Pasta Alfredo,3,14.90,44.70,Mobile Payment,-,-,Saturday,Breakfast,Less sugar
2493,C087,Karen Bryan,2025-12-17 21:45,Dine-In,Food,Sushi Roll,3,18.22,54.66,Cash,Miguel,10,Wednesday,Dinner,Gluten-free
2494,C087,Karen Bryan,2025-04-11 19:35,Takeaway,Beverage,Mojito,4,16.64,66.56,Card,-,-,Friday,Dinner,
2495,C087,Karen Bryan,2025-02-19 13:00,Dine-In,Food,Grilled Chicken,4,18.50,74.00,Cash,Ana,21,Wednesday,Lunch,Extra napkins
2496,C087,Karen Bryan,2025-06-28 21:05,Dine-In,Food,Beef Burger,3,18.39,55.17,Cash,Carlos,7,Saturday,Dinner,
2497,C087,Karen Bryan,2025-05-07 18:35,Dine-In,Beverage,Mineral Water,3,18.46,55.38,Card,Ana,13,Wednesday,Dinner,
2498,C087,Karen Bryan,2025-10-22 12:30,Dine-In,Food,Sushi Roll,4,18.82,75.28,Mobile Payment,Carlos,16,Wednesday,Lunch,
2499,C087,Karen Bryan,2025-04-05 18:05,Delivery,Food,Grilled Chicken,3,12.79,38.37,Cash,-,-,Saturday,Dinner,Extra napkins
2500,C087,Karen Bryan,2025-11-17 19:10,Dine-In,Beverage,Latte,2,13.90,27.80,Card,Valeria,20,Monday,Dinner,
2501,C087,Karen Bryan,2025-07-20 09:40,Delivery,Food,Caesar Salad,3,15.08,45.24,Cash,-,-,Sunday,Breakfast,
2502,C087,Karen Bryan,2025-08-30 18:35,Takeaway,Food,Sushi Roll,4,13.55,54.20,Mobile Payment,-,-,Saturday,Dinner,Gluten-free
2503,C087,Karen Bryan,2025-05-12 12:45,Dine-In,Food,Margherita Pizza,2,13.39,26.78,Card,Carlos,4,Monday,Lunch,Gluten-free
2504,C087,Karen Bryan,2025-04-19 19:35,Takeaway,Beverage,Latte,2,18.79,37.58,Card,-,-,Saturday,Dinner,
2505,C087,Karen Bryan,2025-02-23 12:30,Dine-In,Food,Caesar Salad,3,12.88,38.64,Mobile Payment,Valeria,5,Sunday,Lunch,
2506,C087,Karen Bryan,2025-12-13 20:30,Dine-In,Beverage,Mineral Water,2,17.32,34.64,Card,Carlos,21,Saturday,Dinner,Less sugar
2507,C087,Karen Bryan,2025-09-14 13:05,Delivery,Food,Veggie Sandwich,3,19.87,59.61,Cash,-,-,Sunday,Lunch,
2508,C087,Karen Bryan,2025-05-02 08:10,Dine-In,Beverage,Mojito,3,14.30,42.90,Card,Carlos,8,Friday,Breakfast,No onions
2509,C087,Karen Bryan,2025-08-10 19:05,Takeaway,Food,Caesar Salad,3,17.78,53.34,Cash,-,-,Sunday,Dinner,No onions
2510,C087,Karen Bryan,2025-04-12 14:40,Delivery,Beverage,Latte,3,13.90,41.70,Cash,-,-,Saturday,Lunch,
2511,C090,Matthew Lee,2025-03-01 20:05,Delivery,Beverage,Latte,4,18.13,72.52,Card,-,-,Saturday,Dinner,
2512,C090,Matthew Lee,2025-04-12 14:30,Delivery,Beverage,Fresh Orange Juice,3,11.87,35.61,Mobile Payment,-,-,Saturday,Lunch,Extra napkins
2513,C090,Matthew Lee,2025-11-03 20:50,Takeaway,Beverage,Iced Tea,3,17.44,52.32,Card,-,-,Monday,Dinner,
2514,C090,Matthew Lee,2025-05-01 21:30,Delivery,Food,Grilled Chicken,2,19.41,38.82,Cash,-,-,Thursday,Dinner,Extra napkins
2515,C090,Matthew Lee,2025-06-04 21:50,Dine-In,Beverage,Green Smoothie,4,17.26,69.04,Card,Ana,28,Wednesday,Dinner,Less sugar
2516,C090,Matthew Lee,2025-08-01 09:30,Dine-In,Beverage,Mojito,4,14.14,56.56,Card,Juan,2,Friday,Breakfast,
2517,C090,Matthew Lee,2025-02-21 08:20,Delivery,Beverage,Iced Tea,3,15.04,45.12,Mobile Payment,-,-,Friday,Breakfast,Extra napkins
2518,C090,Matthew Lee,2025-09-27 21:50,Dine-In,Beverage,Mineral Water,4,18.75,75.00,Mobile Payment,Juan,6,Saturday,Dinner,
2519,C090,Matthew Lee,2025-10-25 14:40,Delivery,Food,Sushi Roll,3,15.62,46.86,Cash,-,-,Saturday,Lunch,No onions
2520,C090,Matthew Lee,2025-12-20 21:05,Takeaway,Beverage,Fresh Orange Juice,3,17.42,52.26,Mobile Payment,-,-,Saturday,Dinner,
2521,C090,Matthew Lee,2025-07-02 08:45,Delivery,Food,Sushi Roll,2,13.55,27.10,Mobile Payment,-,-,Wednesday,Breakfast,
2522,C090,Matthew Lee,2025-12-18 12:35,Delivery,Food,Caesar Salad,2,17.39,34.78,Mobile Payment,-,-,Thursday,Lunch,Extra napkins
2523,C090,Matthew Lee,2025-03-08 09:00,Dine-In,Beverage,Iced Tea,4,12.45,49.80,Cash,Miguel,16,Saturday,Breakfast,Extra napkins
2524,C090,Matthew Lee,2025-02-07 08:30,Dine-In,Beverage,Cappuccino,2,13.93,27.86,Card,Ana,2,Friday,Breakfast,
2525,C090,Matthew Lee,2025-05-05 13:35,Dine-In,Beverage,Latte,3,17.34,52.02,Mobile Payment,Miguel,8,Monday,Lunch,
2526,C1000,Paul Young,2025-07-30 19:35,Delivery,Food,Pasta Alfredo,3,13.81,41.43,Mobile Payment,-,-,Wednesday,Dinner,
2527,C1000,Paul Young,2025-09-08 08:20,Dine-In,Food,Caesar Salad,3,18.29,54.87,Mobile Payment,Valeria,25,Monday,Breakfast,Extra napkins
2528,C1000,Paul Young,2025-01-16 20:05,Delivery,Food,Caesar Salad,4,15.08,60.32,Cash,-,-,Thursday,Dinner,
2529,C1000,Paul Young,2025-10-20 12:40,Dine-In,Beverage,Cappuccino,4,12.65,50.60,Card,Ana,1,Monday,Lunch,
2530,C1000,Paul Young,2025-12-15 13:50,Takeaway,Food,Grilled Chicken,3,18.50,55.50,Mobile Payment,-,-,Monday,Lunch,Less sugar
2531,C1000,Paul Young,2025-02-27 12:40,Delivery,Food,Margherita Pizza,3,16.38,49.14,Mobile Payment,-,-,Thursday,Lunch,Extra napkins
2532,C1000,Paul Young,2025-11-19 14:20,Dine-In,Beverage,Iced Tea,3,14.06,42.18,Card,Ana,27,Wednesday,Lunch,
2533,C1000,Paul Young,2025-03-26 09:35,Dine-In,Beverage,Iced Tea,2,17.66,35.32,Cash,Juan,15,Wednesday,Breakfast,
2534,C1000,Paul Young,2025-04-09 09:05,Dine-In,Food,Margherita Pizza,3,17.40,52.20,Mobile Payment,Miguel,2,Wednesday,Breakfast,Gluten-free
2535,C1000,Paul Young,2025-08-31 14:05,Takeaway,Food,Margherita Pizza,3,18.74,56.22,Mobile Payment,-,-,Sunday,Lunch,Gluten-free
2536,C1000,Paul Young,2025-06-13 20:40,Delivery,Food,Sushi Roll,4,13.95,55.80,Cash,-,-,Friday,Dinner,
2537,C1000,Paul Young,2025-02-03 19:10,Takeaway,Beverage,Latte,3,14.89,44.67,Card,-,-,Monday,Dinner,
2538,C1000,Paul Young,2025-09-05 14:00,Delivery,Beverage,Cappuccino,2,14.18,28.36,Mobile Payment,-,-,Friday,Lunch,Gluten-free
2539,C1000,Paul Young,2025-07-04 21:05,Takeaway,Beverage,Mineral Water,2,14.04,28.08,Mobile Payment,-,-,Friday,Dinner,
2540,C1000,Paul Young,2025-08-08 20:45,Dine-In,Beverage,Cappuccino,4,14.18,56.72,Cash,Ana,26,Friday,Dinner,No onions
2541,C1000,Paul Young,2025-03-29 13:40,Dine-In,Food,Caesar Salad,4,16.82,67.28,Cash,Ana,29,Saturday,Lunch,Gluten-free
2542,C1000,Paul Young,2025-01-14 18:20,Dine-In,Beverage,Cappuccino,2,16.76,33.52,Cash,Juan,21,Tuesday,Dinner,Less sugar
2543,C1000,Paul Young,2025-02-23 13:30,Delivery,Beverage,Cappuccino,2,16.79,33.58,Card,-,-,Sunday,Lunch,
2544,C1000,Paul Young,2025-07-25 08:05,Dine-In,Beverage,Mojito,3,12.46,37.38,Card,Juan,14,Friday,Breakfast,Extra napkins
2545,C1000,Paul Young,2025-05-16 21:05,Takeaway,Food,Grilled Chicken,4,13.75,55.00,Card,-,-,Friday,Dinner,Less sugar
2546,C1000,Paul Young,2025-08-03 21:00,Delivery,Food,Caesar Salad,3,16.82,50.46,Mobile Payment,-,-,Sunday,Dinner,Extra napkins
2547,C1000,Paul Young,2025-07-30 08:50,Dine-In,Beverage,Green Smoothie,3,17.26,51.78,Card,Juan,29,Wednesday,Breakfast,
2548,C1000,Paul Young,2025-01-22 21:50,Dine-In,Food,Sushi Roll,2,18.95,37.90,Mobile Payment,Ana,27,Wednesday,Dinner,No onions
2549,C1000,Paul Young,2025-05-28 18:45,Delivery,Beverage,Fresh Orange Juice,2,16.95,33.90,Cash,-,-,Wednesday,Dinner,
2550,C1000,Paul Young,2025-11-04 19:20,Takeaway,Food,Margherita Pizza,4,17.95,71.80,Card,-,-,Tuesday,Dinner,No onions
2551,C1000,Paul Young,2025-01-24 18:05,Dine-In,Food,Margherita Pizza,2,14.30,28.60,Mobile Payment,Miguel,13,Friday,Dinner,
2552,C1000,Paul Young,2025-10-20 08:45,Dine-In,Food,Beef Burger,3,19.88,59.64,Cash,Ana,16,Monday,Breakfast,No onions
2553,C1000,Paul Young,2025-06-10 08:10,Dine-In,Beverage,Mojito,4,15.65,62.60,Card,Juan,9,Tuesday,Breakfast,Gluten-free
2554,C1000,Paul Young,2025-02-26 08:10,Dine-In,Beverage,Mojito,3,17.24,51.72,Mobile Payment,Valeria,28,Wednesday,Breakfast,
2555,C1000,Paul Young,2025-07-02 21:30,Takeaway,Food,Pasta Alfredo,2,15.71,31.42,Card,-,-,Wednesday,Dinner,Less sugar
2556,C1000,Paul Young,2025-05-16 21:20,Delivery,Food,Margherita Pizza,2,18.58,37.16,Cash,-,-,Friday,Dinner,Extra napkins
2557,C1000,Paul Young,2025-09-29 19:15,Delivery,Food,Beef Burger,4,19.93,79.72,Cash,-,-,Monday,Dinner,No onions
2558,C1000,Paul Young,2025-04-21 13:10,Delivery,Beverage,Iced Tea,2,13.11,26.22,Card,-,-,Monday,Lunch,
2559,C1000,Paul Young,2025-05-09 13:30,Takeaway,Food,Veggie Sandwich,2,19.40,38.80,Mobile Payment,-,-,Friday,Lunch,
2560,C1000,Paul Young,2025-01-08 18:45,Takeaway,Beverage,Mineral Water,2,14.04,28.08,Mobile Payment,-,-,Wednesday,Dinner,Extra napkins
2561,C106,Brian Kelly,2025-04-14 19:10,Dine-In,Food,Margherita Pizza,4,18.58,74.32,Card,Ana,17,Monday,Dinner,Gluten-free
2562,C106,Brian Kelly,2025-08-29 18:05,Dine-In,Food,Sushi Roll,2,15.62,31.24,Mobile Payment,Miguel,14,Friday,Dinner,
2563,C106,Brian Kelly,2025-02-18 21:30,Takeaway,Beverage,Mojito,4,16.67,66.68,Cash,-,-,Tuesday,Dinner,
2564,C106,Brian Kelly,2025-07-20 14:40,Takeaway,Food,Pasta Alfredo,4,15.71,62.84,Cash,-,-,Sunday,Lunch,No onions
2565,C106,Brian Kelly,2025-06-06 20:20,Dine-In,Beverage,Iced Tea,4,18.37,73.48,Mobile Payment,Miguel,26,Friday,Dinner,
2566,C106,Brian Kelly,2025-10-05 12:10,Dine-In,Food,Margherita Pizza,2,12.08,24.16,Mobile Payment,Carlos,25,Sunday,Lunch,
2567,C106,Brian Kelly,2025-05-31 20:35,Delivery,Beverage,Mojito,2,14.09,28.18,Cash,-,-,Saturday,Dinner,
2568,C106,Brian Kelly,2025-01-06 20:10,Dine-In,Food,Veggie Sandwich,3,14.13,42.39,Card,Ana,3,Monday,Dinner,
2569,C106,Brian Kelly,2025-11-02 18:40,Delivery,Beverage,Mojito,2,17.24,34.48,Cash,-,-,Sunday,Dinner,
2570,C106,Brian Kelly,2025-12-04 14:50,Dine-In,Food,Pasta Alfredo,3,12.09,36.27,Mobile Payment,Juan,5,Thursday,Lunch,
2571,C106,Brian Kelly,2025-09-28 14:30,Dine-In,Beverage,Latte,2,16.09,32.18,Mobile Payment,Valeria,16,Sunday,Lunch,Extra napkins
2572,C106,Brian Kelly,2025-01-24 19:40,Delivery,Beverage,Fresh Orange Juice,2,17.49,34.98,Card,-,-,Friday,Dinner,Less sugar
2573,C106,Brian Kelly,2025-08-09 08:10,Delivery,Beverage,Mojito,4,17.63,70.52,Card,-,-,Saturday,Breakfast,Less sugar
2574,C106,Brian Kelly,2025-02-17 21:35,Dine-In,Food,Pasta Alfredo,3,12.82,38.46,Cash,Valeria,23,Monday,Dinner,
2575,C106,Brian Kelly,2025-01-09 09:30,Delivery,Food,Sushi Roll,3,18.95,56.85,Card,-,-,Thursday,Breakfast,
2576,C110,Tonya Munoz,2025-09-08 14:20,Dine-In,Beverage,Mojito,2,19.22,38.44,Cash,Ana,7,Monday,Lunch,
2577,C110,Tonya Munoz,2025-04-16 18:20,Dine-In,Food,Grilled Chicken,3,15.42,46.26,Cash,Juan,2,Wednesday,Dinner,Less sugar
2578,C110,Tonya Munoz,2025-05-14 21:35,Dine-In,Beverage,Fresh Orange Juice,3,17.49,52.47,Card,Ana,19,Wednesday,Dinner,
2579,C110,Tonya Munoz,2025-02-17 18:35,Dine-In,Beverage,Green Smoothie,3,11.89,35.67,Cash,Miguel,3,Monday,Dinner,Gluten-free
2580,C110,Tonya Munoz,2025-10-07 13:10,Delivery,Food,Caesar Salad,2,19.32,38.64,Card,-,-,Tuesday,Lunch,Extra napkins
2581,C110,Tonya Munoz,2025-01-12 08:45,Dine-In,Beverage,Mojito,2,14.14,28.28,Mobile Payment,Valeria,16,Sunday,Breakfast,Gluten-free
2582,C110,Tonya Munoz,2025-07-04 20:35,Delivery,Beverage,Mineral Water,4,13.13,52.52,Cash,-,-,Friday,Dinner,No onions
2583,C110,Tonya Munoz,2025-11-20 12:45,Dine-In,Beverage,Cappuccino,3,15.80,47.40,Card,Miguel,19,Thursday,Lunch,Gluten-free
2584,C110,Tonya Munoz,2025-03-30 18:15,Dine-In,Beverage,Fresh Orange Juice,4,16.95,67.80,Cash,Ana,2,Sunday,Dinner,
2585,C110,Tonya Munoz,2025-12-28 20:45,Dine-In,Food,Veggie Sandwich,2,12.31,24.62,Mobile Payment,Carlos,24,Sunday,Dinner,
2586,C110,Tonya Munoz,2025-08-20 21:20,Dine-In,Beverage,Cappuccino,2,15.50,31.00,Mobile Payment,Carlos,5,Wednesday,Dinner,Less sugar
2587,C110,Tonya Munoz,2025-11-13 21:20,Delivery,Food,Margherita Pizza,3,12.15,36.45,Cash,-,-,Thursday,Dinner,Gluten-free
2588,C110,Tonya Munoz,2025-08-29 14:45,Dine-In,Beverage,Iced Tea,3,15.81,47.43,Cash,Juan,4,Friday,Lunch,Extra napkins
2589,C110,Tonya Munoz,2025-03-12 19:30,Dine-In,Beverage,Cappuccino,4,12.28,49.12,Card,Carlos,13,Wednesday,Dinner,
2590,C110,Tonya Munoz,2025-03-11 21:00,Dine-In,Beverage,Iced Tea,4,12.94,51.76,Mobile Payment,Valeria,29,Tuesday,Dinner,Less sugar
2591,C110,Tonya Munoz,2025-05-30 13:40,Takeaway,Food,Veggie Sandwich,2,13.51,27.02,Mobile Payment,-,-,Friday,Lunch,
2592,C110,Tonya Munoz,2025-10-26 08:45,Delivery,Food,Margherita Pizza,4,18.58,74.32,Card,-,-,Sunday,Breakfast,Extra napkins
2593,C110,Tonya Munoz,2025-10-10 21:45,Takeaway,Food,Pasta Alfredo,2,14.30,28.60,Mobile Payment,-,-,Friday,Dinner,No onions
2594,C110,Tonya Munoz,2025-09-12 21:45,Dine-In,Food,Margherita Pizza,4,17.40,69.60,Mobile Payment,Carlos,27,Friday,Dinner,Less sugar
2595,C110,Tonya Munoz,2025-05-18 21:50,Dine-In,Food,Grilled Chicken,4,13.76,55.04,Mobile Payment,Miguel,24,Sunday,Dinner,Gluten-free
2596,C110,Tonya Munoz,2025-11-26 21:45,Takeaway,Food,Veggie Sandwich,2,12.53,25.06,Card,-,-,Wednesday,Dinner,
2597,C110,Tonya Munoz,2025-02-28 19:30,Dine-In,Food,Margherita Pizza,4,18.94,75.76,Mobile Payment,Juan,6,Friday,Dinner,Gluten-free
2598,C110,Tonya Munoz,2025-06-23 09:20,Delivery,Beverage,Mineral Water,3,15.73,47.19,Card,-,-,Monday,Breakfast,
2599,C110,Tonya Munoz,2025-05-15 09:20,Dine-In,Beverage,Iced Tea,2,17.70,35.40,Cash,Ana,1,Thursday,Breakfast,Less sugar
2600,C110,Tonya Munoz,2025-02-28 18:05,Dine-In,Food,Veggie Sandwich,2,17.83,35.66,Cash,Juan,29,Friday,Dinner,Gluten-free
2601,C110,Tonya Munoz,2025-09-04 19:30,Takeaway,Beverage,Iced Tea,2,17.64,35.28,Card,-,-,Thursday,Dinner,No onions
2602,C110,Tonya Munoz,2025-06-27 08:00,Dine-In,Beverage,Iced Tea,3,13.11,39.33,Mobile Payment,Miguel,14,Friday,Breakfast,
2603,C117,Katie Leonard,2025-01-24 19:05,Delivery,Beverage,Fresh Orange Juice,2,15.12,30.24,Cash,-,-,Friday,Dinner,No onions
2604,C117,Katie Leonard,2025-11-10 19:15,Dine-In,Food,Margherita Pizza,2,19.03,38.06,Cash,Miguel,7,Monday,Dinner,
2605,C117,Katie Leonard,2025-09-21 18:30,Delivery,Beverage,Fresh Orange Juice,2,13.58,27.16,Card,-,-,Sunday,Dinner,No onions
2606,C117,Katie Leonard,2025-05-03 14:35,Dine-In,Beverage,Mineral Water,4,13.96,55.84,Cash,Juan,21,Saturday,Lunch,
2607,C117,Katie Leonard,2025-06-09 18:15,Takeaway,Food,Pasta Alfredo,2,12.09,24.18,Cash,-,-,Monday,Dinner,
2608,C117,Katie Leonard,2025-12-27 21:15,Dine-In,Beverage,Fresh Orange Juice,2,16.80,33.60,Cash,Ana,21,Saturday,Dinner,Gluten-free
2609,C117,Katie Leonard,2025-04-23 09:00,Delivery,Beverage,Iced Tea,2,17.18,34.36,Mobile Payment,-,-,Wednesday,Breakfast,Less sugar
2610,C117,Katie Leonard,2025-02-21 12:00,Dine-In,Food,Grilled Chicken,3,13.55,40.65,Card,Carlos,10,Friday,Lunch,No onions
2611,C117,Katie Leonard,2025-07-29 19:45,Takeaway,Beverage,Mineral Water,4,13.96,55.84,Mobile Payment,-,-,Tuesday,Dinner,
2612,C117,Katie Leonard,2025-10-20 18:50,Delivery,Beverage,Cappuccino,4,14.85,59.40,Card,-,-,Monday,Dinner,
2613,C117,Katie Leonard,2025-03-29 19:10,Dine-In,Food,Grilled Chicken,3,12.72,38.16,Card,Ana,30,Saturday,Dinner,Gluten-free
2614,C117,Katie Leonard,2025-11-13 14:30,Dine-In,Beverage,Cappuccino,2,14.18,28.36,Mobile Payment,Ana,29,Thursday,Lunch,Less sugar
2615,C117,Katie Leonard,2025-03-14 20:05,Delivery,Food,Caesar Salad,4,12.40,49.60,Card,-,-,Friday,Dinner,
2616,C117,Katie Leonard,2025-12-13 13:35,Takeaway,Food,Beef Burger,2,18.39,36.78,Mobile Payment,-,-,Saturday,Lunch,Extra napkins
2617,C117,Katie Leonard,2025-06-21 19:10,Takeaway,Beverage,Cappuccino,2,16.29,32.58,Mobile Payment,-,-,Saturday,Dinner,No onions
2618,C117,Katie Leonard,2025-06-11 20:50,Takeaway,Beverage,Cappuccino,3,15.50,46.50,Mobile Payment,-,-,Wednesday,Dinner,No onions
2619,C117,Katie Leonard,2025-03-19 09:50,Takeaway,Food,Grilled Chicken,2,19.01,38.02,Mobile Payment,-,-,Wednesday,Breakfast,Gluten-free
2620,C120,Samuel Beck,2025-02-18 19:30,Takeaway,Beverage,Mineral Water,3,16.04,48.12,Card,-,-,Tuesday,Dinner,
2621,C120,Samuel Beck,2025-11-17 09:40,Dine-In,Food,Beef Burger,2,19.66,39.32,Card,Juan,10,Monday,Breakfast,Extra napkins
2622,C120,Samuel Beck,2025-10-03 20:20,Delivery,Beverage,Cappuccino,3,18.74,56.22,Mobile Payment,-,-,Friday,Dinner,Extra napkins
2623,C120,Samuel Beck,2025-06-11 08:00,Takeaway,Beverage,Fresh Orange Juice,2,11.87,23.74,Mobile Payment,-,-,Wednesday,Breakfast,No onions
2624,C120,Samuel Beck,2025-08-04 20:40,Takeaway,Beverage,Green Smoothie,3,17.26,51.78,Card,-,-,Monday,Dinner,No onions
2625,C120,Samuel Beck,2025-12-04 20:10,Dine-In,Beverage,Mojito,3,17.64,52.92,Mobile Payment,Carlos,12,Thursday,Dinner,
2626,C120,Samuel Beck,2025-03-20 12:00,Takeaway,Beverage,Fresh Orange Juice,2,15.12,30.24,Cash,-,-,Thursday,Lunch,No onions
2627,C120,Samuel Beck,2025-05-27 13:35,Delivery,Beverage,Green Smoothie,2,19.95,39.90,Mobile Payment,-,-,Tuesday,Lunch,Gluten-free
2628,C120,Samuel Beck,2025-04-29 20:45,Delivery,Beverage,Fresh Orange Juice,4,17.42,69.68,Card,-,-,Tuesday,Dinner,Gluten-free
2629,C120,Samuel Beck,2025-09-10 19:30,Dine-In,Beverage,Green Smoothie,4,17.26,69.04,Card,Carlos,25,Wednesday,Dinner,
2630,C120,Samuel Beck,2025-01-08 20:05,Takeaway,Food,Grilled Chicken,4,12.25,49.00,Card,-,-,Wednesday,Dinner,Gluten-free
2631,C120,Samuel Beck,2025-08-12 14:00,Dine-In,Beverage,Mineral Water,2,13.18,26.36,Card,Ana,23,Tuesday,Lunch,
2632,C120,Samuel Beck,2025-09-25 13:15,Dine-In,Beverage,Iced Tea,2,14.00,28.00,Mobile Payment,Miguel,12,Thursday,Lunch,
2633,C120,Samuel Beck,2025-02-24 09:20,Takeaway,Food,Veggie Sandwich,4,12.53,50.12,Mobile Payment,-,-,Monday,Breakfast,
2634,C120,Samuel Beck,2025-10-20 09:45,Takeaway,Food,Sushi Roll,4,16.11,64.44,Card,-,-,Monday,Breakfast,Less sugar
2635,C120,Samuel Beck,2025-10-29 13:00,Takeaway,Beverage,Cappuccino,4,15.80,63.20,Cash,-,-,Wednesday,Lunch,
2636,C120,Samuel Beck,2025-08-12 20:20,Dine-In,Food,Margherita Pizza,2,18.58,37.16,Cash,Valeria,5,Tuesday,Dinner,
2637,C120,Samuel Beck,2025-08-08 08:00,Takeaway,Beverage,Cappuccino,3,19.33,57.99,Cash,-,-,Friday,Breakfast,No onions
2638,C120,Samuel Beck,2025-01-25 14:45,Dine-In,Food,Grilled Chicken,3,12.72,38.16,Cash,Miguel,13,Saturday,Lunch,Less sugar
2639,C120,Samuel Beck,2025-03-09 09:50,Delivery,Beverage,Latte,3,15.13,45.39,Cash,-,-,Sunday,Breakfast,Extra napkins
2640,C120,Samuel Beck,2025-05-29 14:40,Dine-In,Food,Margherita Pizza,4,12.33,49.32,Card,Miguel,26,Thursday,Lunch,Gluten-free
2641,C120,Samuel Beck,2025-04-02 13:20,Dine-In,Beverage,Iced Tea,3,14.06,42.18,Card,Valeria,25,Wednesday,Lunch,Less sugar
2642,C120,Samuel Beck,2025-03-25 09:40,Dine-In,Beverage,Iced Tea,3,14.00,42.00,Cash,Miguel,27,Tuesday,Breakfast,
2643,C120,Samuel Beck,2025-11-13 12:00,Dine-In,Beverage,Fresh Orange Juice,3,17.12,51.36,Card,Valeria,25,Thursday,Lunch,Less sugar
2644,C120,Samuel Beck,2025-03-12 14:05,Delivery,Food,Grilled Chicken,2,13.20,26.40,Mobile Payment,-,-,Wednesday,Lunch,Extra napkins
2645,C123,Susan Clark,2025-09-24 19:10,Dine-In,Food,Grilled Chicken,4,15.42,61.68,Mobile Payment,Juan,14,Wednesday,Dinner,Less sugar
2646,C123,Susan Clark,2025-02-21 20:20,Delivery,Food,Grilled Chicken,4,19.01,76.04,Card,-,-,Friday,Dinner,
2647,C123,Susan Clark,2025-11-23 12:15,Dine-In,Food,Pasta Alfredo,3,15.89,47.67,Card,Ana,27,Sunday,Lunch,Extra napkins
2648,C123,Susan Clark,2025-10-05 21:45,Takeaway,Beverage,Iced Tea,4,18.37,73.48,Mobile Payment,-,-,Sunday,Dinner,
2649,C123,Susan Clark,2025-07-29 18:40,Delivery,Beverage,Mojito,3,15.65,46.95,Card,-,-,Tuesday,Dinner,Less sugar
2650,C123,Susan Clark,2025-08-27 12:45,Dine-In,Beverage,Cappuccino,4,18.98,75.92,Card,Valeria,9,Wednesday,Lunch,
2651,C123,Susan Clark,2025-05-05 12:05,Dine-In,Beverage,Fresh Orange Juice,4,13.94,55.76,Cash,Miguel,16,Monday,Lunch,Extra napkins
2652,C123,Susan Clark,2025-06-19 18:05,Dine-In,Beverage,Cappuccino,3,19.07,57.21,Mobile Payment,Miguel,28,Thursday,Dinner,
2653,C123,Susan Clark,2025-12-30 14:10,Delivery,Food,Caesar Salad,4,16.35,65.40,Card,-,-,Tuesday,Lunch,
2654,C123,Susan Clark,2025-01-29 09:45,Dine-In,Beverage,Mineral Water,4,12.02,48.08,Mobile Payment,Ana,25,Wednesday,Breakfast,Less sugar
2655,C123,Susan Clark,2025-04-22 09:15,Dine-In,Beverage,Mojito,2,17.63,35.26,Cash,Ana,18,Tuesday,Breakfast,Extra napkins
2656,C123,Susan Clark,2025-07-25 18:45,Delivery,Food,Grilled Chicken,2,13.76,27.52,Cash,-,-,Friday,Dinner,Gluten-free
2657,C123,Susan Clark,2025-07-17 13:05,Dine-In,Food,Beef Burger,2,19.88,39.76,Cash,Carlos,27,Thursday,Lunch,
2658,C123,Susan Clark,2025-11-29 19:30,Dine-In,Beverage,Fresh Orange Juice,2,16.79,33.58,Cash,Carlos,6,Saturday,Dinner,
2659,C126,Amanda Brown,2025-05-26 09:20,Delivery,Food,Sushi Roll,3,18.22,54.66,Mobile Payment,-,-,Monday,Breakfast,
2660,C126,Amanda Brown,2025-06-18 19:00,Delivery,Food,Veggie Sandwich,3,12.53,37.59,Card,-,-,Wednesday,Dinner,Less sugar
2661,C126,Amanda Brown,2025-02-21 13:30,Takeaway,Beverage,Fresh Orange Juice,4,12.17,48.68,Card,-,-,Friday,Lunch,Extra napkins
2662,C126,Amanda Brown,2025-04-23 08:15,Delivery,Food,Margherita Pizza,4,13.78,55.12,Cash,-,-,Wednesday,Breakfast,
2663,C126,Amanda Brown,2025-07-01 12:05,Delivery,Beverage,Mojito,2,19.74,39.48,Mobile Payment,-,-,Tuesday,Lunch,
2664,C126,Amanda Brown,2025-10-19 08:50,Dine-In,Beverage,Latte,2,15.13,30.26,Card,Miguel,27,Sunday,Breakfast,Extra napkins
2665,C126,Amanda Brown,2025-03-20 09:45,Dine-In,Beverage,Cappuccino,4,16.55,66.20,Mobile Payment,Miguel,13,Thursday,Breakfast,No onions
2666,C126,Amanda Brown,2025-09-03 14:20,Dine-In,Food,Margherita Pizza,4,13.39,53.56,Cash,Carlos,18,Wednesday,Lunch,No onions
2667,C126,Amanda Brown,2025-12-20 14:20,Dine-In,Food,Sushi Roll,3,16.11,48.33,Mobile Payment,Valeria,11,Saturday,Lunch,No onions
2668,C126,Amanda Brown,2025-08-03 20:35,Dine-In,Beverage,Mineral Water,2,13.18,26.36,Card,Juan,4,Sunday,Dinner,No onions
2669,C126,Amanda Brown,2025-01-17 13:30,Delivery,Food,Margherita Pizza,2,17.48,34.96,Card,-,-,Friday,Lunch,Less sugar
2670,C126,Amanda Brown,2025-04-15 13:20,Delivery,Beverage,Mojito,2,19.22,38.44,Cash,-,-,Tuesday,Lunch,Less sugar
2671,C126,Amanda Brown,2025-08-28 13:30,Dine-In,Food,Margherita Pizza,3,19.24,57.72,Card,Miguel,15,Thursday,Lunch,Less sugar
2672,C126,Amanda Brown,2025-01-26 19:45,Dine-In,Beverage,Cappuccino,4,16.76,67.04,Mobile Payment,Juan,24,Sunday,Dinner,
2673,C126,Amanda Brown,2025-09-14 13:00,Delivery,Beverage,Green Smoothie,2,15.50,31.00,Card,-,-,Sunday,Lunch,Gluten-free
2674,C126,Amanda Brown,2025-07-26 08:50,Dine-In,Beverage,Mineral Water,4,14.04,56.16,Mobile Payment,Miguel,18,Saturday,Breakfast,
2675,C126,Amanda Brown,2025-10-05 13:30,Delivery,Food,Beef Burger,3,18.39,55.17,Cash,-,-,Sunday,Lunch,Gluten-free
2676,C126,Amanda Brown,2025-01-19 20:00,Delivery,Food,Caesar Salad,2,16.35,32.70,Cash,-,-,Sunday,Dinner,
2677,C127,Daniel Watson,2025-12-15 08:35,Dine-In,Beverage,Mineral Water,4,18.97,75.88,Cash,Valeria,26,Monday,Breakfast,Extra napkins
2678,C127,Daniel Watson,2025-08-06 09:15,Delivery,Beverage,Mojito,3,12.46,37.38,Mobile Payment,-,-,Wednesday,Breakfast,
2679,C127,Daniel Watson,2025-05-29 21:35,Dine-In,Beverage,Mojito,2,14.35,28.70,Mobile Payment,Ana,8,Thursday,Dinner,Extra napkins
2680,C127,Daniel Watson,2025-11-03 09:20,Delivery,Food,Margherita Pizza,4,16.36,65.44,Mobile Payment,-,-,Monday,Breakfast,
2681,C127,Daniel Watson,2025-02-12 19:15,Dine-In,Beverage,Mojito,4,17.63,70.52,Mobile Payment,Miguel,1,Wednesday,Dinner,Less sugar
2682,C127,Daniel Watson,2025-06-28 18:20,Takeaway,Food,Grilled Chicken,4,12.79,51.16,Mobile Payment,-,-,Saturday,Dinner,
2683,C127,Daniel Watson,2025-09-15 08:15,Dine-In,Beverage,Mineral Water,3,13.96,41.88,Mobile Payment,Miguel,24,Monday,Breakfast,
2684,C127,Daniel Watson,2025-04-02 09:10,Takeaway,Beverage,Mojito,2,12.44,24.88,Mobile Payment,-,-,Wednesday,Breakfast,
2685,C127,Daniel Watson,2025-01-27 12:05,Dine-In,Food,Caesar Salad,4,15.45,61.80,Cash,Ana,23,Monday,Lunch,Extra napkins
2686,C127,Daniel Watson,2025-07-19 19:00,Delivery,Food,Beef Burger,4,19.93,79.72,Card,-,-,Saturday,Dinner,Extra napkins
2687,C127,Daniel Watson,2025-10-01 14:35,Dine-In,Beverage,Cappuccino,2,15.80,31.60,Mobile Payment,Ana,11,Wednesday,Lunch,
2688,C127,Daniel Watson,2025-06-23 13:15,Dine-In,Beverage,Fresh Orange Juice,4,17.12,68.48,Mobile Payment,Miguel,30,Monday,Lunch,Gluten-free
2689,C127,Daniel Watson,2025-07-19 14:20,Dine-In,Beverage,Latte,2,15.54,31.08,Cash,Carlos,27,Saturday,Lunch,Less sugar
2690,C127,Daniel Watson,2025-05-09 18:35,Dine-In,Beverage,Green Smoothie,4,13.33,53.32,Card,Ana,4,Friday,Dinner,Extra napkins
2691,C127,Daniel Watson,2025-12-27 12:30,Dine-In,Beverage,Iced Tea,2,19.82,39.64,Mobile Payment,Juan,23,Saturday,Lunch,No onions
2692,C127,Daniel Watson,2025-07-28 09:05,Dine-In,Food,Caesar Salad,4,16.35,65.40,Card,Ana,25,Monday,Breakfast,No onions
2693,C127,Daniel Watson,2025-06-10 20:20,Takeaway,Food,Margherita Pizza,3,14.72,44.16,Mobile Payment,-,-,Tuesday,Dinner,Gluten-free
2694,C127,Daniel Watson,2025-01-10 19:05,Delivery,Food,Margherita Pizza,4,14.30,57.20,Card,-,-,Friday,Dinner,Less sugar
2695,C127,Daniel Watson,2025-04-10 08:00,Takeaway,Beverage,Fresh Orange Juice,3,19.52,58.56,Card,-,-,Thursday,Breakfast,Extra napkins
2696,C127,Daniel Watson,2025-05-20 14:50,Dine-In,Food,Margherita Pizza,2,15.66,31.32,Cash,Valeria,22,Tuesday,Lunch,Less sugar
2697,C127,Daniel Watson,2025-03-04 21:15,Dine-In,Food,Veggie Sandwich,4,18.04,72.16,Cash,Ana,13,Tuesday,Dinner,
2698,C128,Angela Freeman,2025-11-21 09:45,Delivery,Food,Grilled Chicken,4,13.20,52.80,Cash,-,-,Friday,Breakfast,
2699,C128,Angela Freeman,2025-06-17 18:05,Dine-In,Food,Sushi Roll,2,11.92,23.84,Mobile Payment,Ana,28,Tuesday,Dinner,Less sugar
2700,C128,Angela Freeman,2025-07-13 20:15,Dine-In,Beverage,Fresh Orange Juice,2,13.58,27.16,Cash,Ana,13,Sunday,Dinner,Extra napkins
2701,C128,Angela Freeman,2025-12-20 21:50,Dine-In,Food,Margherita Pizza,2,19.53,39.06,Mobile Payment,Juan,15,Saturday,Dinner,Less sugar
2702,C128,Angela Freeman,2025-03-18 09:10,Dine-In,Beverage,Cappuccino,2,13.68,27.36,Card,Carlos,20,Tuesday,Breakfast,
2703,C128,Angela Freeman,2025-10-17 19:40,Takeaway,Beverage,Mineral Water,2,18.04,36.08,Mobile Payment,-,-,Friday,Dinner,Less sugar
2704,C128,Angela Freeman,2025-09-27 21:35,Dine-In,Food,Grilled Chicken,2,13.20,26.40,Cash,Miguel,28,Saturday,Dinner,
2705,C128,Angela Freeman,2025-02-05 09:40,Dine-In,Beverage,Mineral Water,4,12.02,48.08,Card,Juan,28,Wednesday,Breakfast,Less sugar
2706,C128,Angela Freeman,2025-04-28 21:30,Delivery,Food,Margherita Pizza,3,13.78,41.34,Mobile Payment,-,-,Monday,Dinner,
2707,C128,Angela Freeman,2025-01-06 18:10,Takeaway,Beverage,Latte,2,15.54,31.08,Cash,-,-,Monday,Dinner,Gluten-free
2708,C128,Angela Freeman,2025-08-01 21:30,Dine-In,Beverage,Cappuccino,2,14.85,29.70,Cash,Carlos,16,Friday,Dinner,
2709,C128,Angela Freeman,2025-06-26 14:15,Delivery,Food,Sushi Roll,2,18.95,37.90,Mobile Payment,-,-,Thursday,Lunch,Less sugar
2710,C128,Angela Freeman,2025-03-16 08:45,Dine-In,Beverage,Mineral Water,4,18.10,72.40,Mobile Payment,Valeria,28,Sunday,Breakfast,
2711,C128,Angela Freeman,2025-07-31 20:20,Dine-In,Beverage,Latte,2,17.34,34.68,Mobile Payment,Miguel,22,Thursday,Dinner,
2712,C128,Angela Freeman,2025-10-19 14:30,Dine-In,Food,Sushi Roll,4,11.92,47.68,Card,Miguel,25,Sunday,Lunch,Less sugar
2713,C128,Angela Freeman,2025-12-01 18:15,Dine-In,Beverage,Iced Tea,4,16.16,64.64,Mobile Payment,Carlos,18,Monday,Dinner,
2714,C128,Angela Freeman,2025-04-27 09:45,Delivery,Beverage,Cappuccino,4,15.50,62.00,Mobile Payment,-,-,Sunday,Breakfast,
2715,C128,Angela Freeman,2025-08-30 12:30,Dine-In,Beverage,Green Smoothie,3,18.00,54.00,Mobile Payment,Juan,19,Saturday,Lunch,
2716,C128,Angela Freeman,2025-10-24 12:45,Takeaway,Food,Caesar Salad,4,15.64,62.56,Mobile Payment,-,-,Friday,Lunch,Gluten-free
2717,C128,Angela Freeman,2025-07-04 12:05,Takeaway,Beverage,Latte,3,12.39,37.17,Mobile Payment,-,-,Friday,Lunch,
2718,C128,Angela Freeman,2025-01-16 12:45,Delivery,Food,Grilled Chicken,2,15.37,30.74,Card,-,-,Thursday,Lunch,Less sugar
2719,C128,Angela Freeman,2025-01-26 13:20,Delivery,Food,Veggie Sandwich,4,17.83,71.32,Cash,-,-,Sunday,Lunch,Less sugar
2720,C128,Angela Freeman,2025-06-23 12:05,Delivery,Beverage,Fresh Orange Juice,2,17.79,35.58,Mobile Payment,-,-,Monday,Lunch,
2721,C128,Angela Freeman,2025-12-14 20:15,Delivery,Food,Sushi Roll,3,13.20,39.60,Cash,-,-,Sunday,Dinner,Gluten-free
2722,C139,Stacie Dominguez,2025-06-17 20:00,Dine-In,Food,Caesar Salad,4,16.60,66.40,Mobile Payment,Valeria,20,Tuesday,Dinner,Extra napkins
2723,C139,Stacie Dominguez,2025-01-18 14:45,Dine-In,Food,Margherita Pizza,4,17.83,71.32,Cash,Ana,2,Saturday,Lunch,Less sugar
2724,C139,Stacie Dominguez,2025-07-03 18:50,Delivery,Beverage,Iced Tea,2,19.74,39.48,Cash,-,-,Thursday,Dinner,
2725,C139,Stacie Dominguez,2025-03-19 09:45,Dine-In,Food,Grilled Chicken,3,19.41,58.23,Mobile Payment,Valeria,30,Wednesday,Breakfast,Extra napkins
2726,C139,Stacie Dominguez,2025-05-04 12:40,Delivery,Beverage,Iced Tea,2,17.70,35.40,Card,-,-,Sunday,Lunch,
2727,C139,Stacie Dominguez,2025-02-15 12:30,Delivery,Food,Pasta Alfredo,4,14.30,57.20,Cash,-,-,Saturday,Lunch,No onions
2728,C139,Stacie Dominguez,2025-11-11 18:45,Takeaway,Food,Veggie Sandwich,3,15.38,46.14,Cash,-,-,Tuesday,Dinner,Less sugar
2729,C139,Stacie Dominguez,2025-10-16 08:30,Takeaway,Beverage,Fresh Orange Juice,3,16.80,50.40,Cash,-,-,Thursday,Breakfast,Less sugar
2730,C139,Stacie Dominguez,2025-08-01 14:30,Delivery,Beverage,Fresh Orange Juice,3,12.17,36.51,Mobile Payment,-,-,Friday,Lunch,
2731,C139,Stacie Dominguez,2025-04-04 08:45,Delivery,Food,Beef Burger,4,13.99,55.96,Cash,-,-,Friday,Breakfast,
2732,C139,Stacie Dominguez,2025-12-19 09:20,Delivery,Food,Veggie Sandwich,2,12.31,24.62,Card,-,-,Friday,Breakfast,Gluten-free
2733,C139,Stacie Dominguez,2025-07-25 20:40,Delivery,Food,Margherita Pizza,3,12.08,36.24,Mobile Payment,-,-,Friday,Dinner,No onions
2734,C139,Stacie Dominguez,2025-01-04 14:10,Takeaway,Beverage,Fresh Orange Juice,3,19.52,58.56,Cash,-,-,Saturday,Lunch,
2735,C139,Stacie Dominguez,2025-08-12 18:45,Dine-In,Food,Margherita Pizza,4,14.30,57.20,Cash,Ana,2,Tuesday,Dinner,Less sugar
2736,C139,Stacie Dominguez,2025-06-07 18:40,Delivery,Beverage,Green Smoothie,4,15.50,62.00,Card,-,-,Saturday,Dinner,Gluten-free
2737,C139,Stacie Dominguez,2025-05-05 09:50,Dine-In,Beverage,Cappuccino,3,16.76,50.28,Cash,Juan,10,Monday,Breakfast,Less sugar
2738,C139,Stacie Dominguez,2025-04-02 21:40,Delivery,Beverage,Green Smoothie,2,16.92,33.84,Mobile Payment,-,-,Wednesday,Dinner,Gluten-free
2739,C139,Stacie Dominguez,2025-06-18 12:35,Dine-In,Food,Pasta Alfredo,4,18.49,73.96,Cash,Valeria,26,Wednesday,Lunch,Extra napkins
2740,C139,Stacie Dominguez,2025-04-22 09:50,Takeaway,Beverage,Fresh Orange Juice,3,16.80,50.40,Cash,-,-,Tuesday,Breakfast,Gluten-free
2741,C139,Stacie Dominguez,2025-10-09 08:50,Dine-In,Beverage,Iced Tea,3,19.74,59.22,Cash,Juan,11,Thursday,Breakfast,
2742,C139,Stacie Dominguez,2025-02-07 20:35,Takeaway,Beverage,Mojito,2,17.64,35.28,Cash,-,-,Friday,Dinner,Extra napkins
2743,C139,Stacie Dominguez,2025-03-12 09:00,Dine-In,Food,Caesar Salad,4,15.64,62.56,Cash,Valeria,30,Wednesday,Breakfast,
2744,C139,Stacie Dominguez,2025-10-18 13:45,Delivery,Food,Margherita Pizza,3,12.08,36.24,Mobile Payment,-,-,Saturday,Lunch,Gluten-free
2745,C139,Stacie Dominguez,2025-08-04 20:00,Takeaway,Beverage,Iced Tea,4,16.66,66.64,Mobile Payment,-,-,Monday,Dinner,
2746,C139,Stacie Dominguez,2025-01-02 21:45,Dine-In,Food,Caesar Salad,3,15.92,47.76,Cash,Carlos,8,Thursday,Dinner,
2747,C142,Alexander Peterson,2025-03-17 13:50,Dine-In,Food,Caesar Salad,2,18.29,36.58,Cash,Juan,4,Monday,Lunch,Gluten-free
2748,C142,Alexander Peterson,2025-01-06 08:15,Takeaway,Beverage,Fresh Orange Juice,3,13.58,40.74,Mobile Payment,-,-,Monday,Breakfast,Gluten-free
2749,C142,Alexander Peterson,2025-11-22 13:00,Dine-In,Food,Grilled Chicken,2,16.09,32.18,Card,Ana,22,Saturday,Lunch,Extra napkins
2750,C142,Alexander Peterson,2025-12-01 14:15,Dine-In,Food,Pasta Alfredo,4,17.12,68.48,Card,Valeria,22,Monday,Lunch,Extra napkins
2751,C142,Alexander Peterson,2025-02-01 08:15,Dine-In,Food,Pasta Alfredo,4,17.12,68.48,Cash,Carlos,19,Saturday,Breakfast,
2752,C142,Alexander Peterson,2025-08-18 13:40,Takeaway,Beverage,Cappuccino,3,16.79,50.37,Mobile Payment,-,-,Monday,Lunch,
2753,C142,Alexander Peterson,2025-04-02 12:40,Dine-In,Food,Grilled Chicken,3,13.75,41.25,Card,Ana,8,Wednesday,Lunch,Less sugar
2754,C142,Alexander Peterson,2025-07-11 19:00,Delivery,Beverage,Green Smoothie,2,17.26,34.52,Cash,-,-,Friday,Dinner,
2755,C142,Alexander Peterson,2025-10-24 18:50,Delivery,Food,Grilled Chicken,3,12.25,36.75,Card,-,-,Friday,Dinner,Extra napkins
2756,C142,Alexander Peterson,2025-05-10 18:35,Takeaway,Food,Sushi Roll,4,16.11,64.44,Cash,-,-,Saturday,Dinner,Less sugar
2757,C142,Alexander Peterson,2025-06-18 09:30,Dine-In,Food,Pasta Alfredo,3,13.25,39.75,Mobile Payment,Miguel,30,Wednesday,Breakfast,Extra napkins
2758,C142,Alexander Peterson,2025-09-10 21:35,Delivery,Food,Beef Burger,4,13.99,55.96,Card,-,-,Wednesday,Dinner,No onions
2759,C142,Alexander Peterson,2025-07-01 14:20,Delivery,Beverage,Cappuccino,2,19.33,38.66,Mobile Payment,-,-,Tuesday,Lunch,No onions
2760,C142,Alexander Peterson,2025-01-25 09:05,Dine-In,Beverage,Fresh Orange Juice,3,16.79,50.37,Cash,Juan,23,Saturday,Breakfast,Less sugar
2761,C142,Alexander Peterson,2025-10-15 12:20,Delivery,Food,Caesar Salad,4,13.43,53.72,Mobile Payment,-,-,Wednesday,Lunch,Less sugar
2762,C142,Alexander Peterson,2025-03-26 20:35,Delivery,Food,Caesar Salad,3,18.29,54.87,Card,-,-,Wednesday,Dinner,No onions
2763,C142,Alexander Peterson,2025-04-12 18:30,Dine-In,Food,Margherita Pizza,3,18.74,56.22,Cash,Valeria,3,Saturday,Dinner,Gluten-free
2764,C142,Alexander Peterson,2025-04-27 08:30,Dine-In,Beverage,Green Smoothie,2,13.33,26.66,Mobile Payment,Valeria,9,Sunday,Breakfast,No onions
2765,C142,Alexander Peterson,2025-05-19 20:10,Delivery,Beverage,Cappuccino,2,16.76,33.52,Cash,-,-,Monday,Dinner,
2766,C142,Alexander Peterson,2025-07-16 14:40,Dine-In,Beverage,Iced Tea,3,12.94,38.82,Card,Carlos,28,Wednesday,Lunch,Less sugar
2767,C142,Alexander Peterson,2025-03-18 08:30,Dine-In,Beverage,Mineral Water,3,17.06,51.18,Card,Miguel,29,Tuesday,Breakfast,
2768,C142,Alexander Peterson,2025-03-27 18:05,Dine-In,Food,Sushi Roll,2,19.42,38.84,Cash,Ana,25,Thursday,Dinner,Gluten-free
2769,C142,Alexander Peterson,2025-04-10 09:30,Delivery,Food,Margherita Pizza,3,14.72,44.16,Cash,-,-,Thursday,Breakfast,
2770,C142,Alexander Peterson,2025-01-09 21:30,Dine-In,Beverage,Cappuccino,3,18.74,56.22,Card,Ana,6,Thursday,Dinner,No onions
2771,C147,Kimberly Ford DDS,2025-04-22 21:35,Dine-In,Food,Sushi Roll,2,13.95,27.90,Cash,Juan,1,Tuesday,Dinner,Extra napkins
2772,C147,Kimberly Ford DDS,2025-10-27 18:35,Dine-In,Food,Caesar Salad,3,17.39,52.17,Card,Miguel,7,Monday,Dinner,
2773,C147,Kimberly Ford DDS,2025-05-13 13:45,Delivery,Beverage,Mineral Water,3,16.04,48.12,Mobile Payment,-,-,Tuesday,Lunch,Less sugar
2774,C147,Kimberly Ford DDS,2025-11-30 09:10,Delivery,Beverage,Latte,2,16.09,32.18,Mobile Payment,-,-,Sunday,Breakfast,Extra napkins
2775,C147,Kimberly Ford DDS,2025-03-18 13:35,Dine-In,Beverage,Latte,4,18.13,72.52,Mobile Payment,Ana,5,Tuesday,Lunch,No onions
2776,C147,Kimberly Ford DDS,2025-06-25 09:40,Dine-In,Food,Margherita Pizza,2,15.37,30.74,Cash,Carlos,7,Wednesday,Breakfast,Gluten-free
2777,C147,Kimberly Ford DDS,2025-07-04 18:00,Dine-In,Food,Margherita Pizza,2,18.88,37.76,Mobile Payment,Juan,7,Friday,Dinner,
2778,C147,Kimberly Ford DDS,2025-08-01 21:45,Dine-In,Food,Caesar Salad,3,15.92,47.76,Mobile Payment,Miguel,3,Friday,Dinner,Less sugar
2779,C147,Kimberly Ford DDS,2025-12-10 18:35,Dine-In,Beverage,Latte,3,18.13,54.39,Cash,Valeria,23,Wednesday,Dinner,Extra napkins
2780,C147,Kimberly Ford DDS,2025-09-12 21:20,Dine-In,Beverage,Latte,3,17.34,52.02,Cash,Juan,3,Friday,Dinner,No onions
2781,C147,Kimberly Ford DDS,2025-02-24 12:00,Delivery,Food,Veggie Sandwich,4,13.32,53.28,Cash,-,-,Monday,Lunch,
2782,C147,Kimberly Ford DDS,2025-12-31 20:35,Dine-In,Beverage,Cappuccino,3,16.65,49.95,Card,Juan,18,Wednesday,Dinner,Less sugar
2783,C147,Kimberly Ford DDS,2025-10-24 14:40,Delivery,Beverage,Mojito,2,16.64,33.28,Cash,-,-,Friday,Lunch,Gluten-free
2784,C147,Kimberly Ford DDS,2025-08-12 08:35,Dine-In,Food,Grilled Chicken,3,12.72,38.16,Card,Carlos,17,Tuesday,Breakfast,
2785,C147,Kimberly Ford DDS,2025-07-05 12:15,Delivery,Food,Veggie Sandwich,2,19.87,39.74,Mobile Payment,-,-,Saturday,Lunch,Gluten-free
2786,C147,Kimberly Ford DDS,2025-08-09 12:35,Dine-In,Food,Caesar Salad,2,19.04,38.08,Card,Valeria,6,Saturday,Lunch,No onions
2787,C147,Kimberly Ford DDS,2025-04-16 19:00,Takeaway,Beverage,Mineral Water,4,14.04,56.16,Card,-,-,Wednesday,Dinner,No onions
2788,C147,Kimberly Ford DDS,2025-06-12 14:05,Delivery,Food,Caesar Salad,3,15.64,46.92,Cash,-,-,Thursday,Lunch,
2789,C147,Kimberly Ford DDS,2025-02-10 21:45,Takeaway,Beverage,Cappuccino,3,14.85,44.55,Card,-,-,Monday,Dinner,
2790,C147,Kimberly Ford DDS,2025-03-03 08:05,Delivery,Beverage,Latte,2,15.13,30.26,Card,-,-,Monday,Breakfast,
2791,C147,Kimberly Ford DDS,2025-11-07 20:15,Takeaway,Beverage,Mineral Water,4,18.10,72.40,Mobile Payment,-,-,Friday,Dinner,Extra napkins
2792,C147,Kimberly Ford DDS,2025-12-03 14:10,Dine-In,Food,Pasta Alfredo,2,14.52,29.04,Card,Miguel,24,Wednesday,Lunch,
2793,C147,Kimberly Ford DDS,2025-03-29 13:20,Delivery,Beverage,Mojito,3,17.63,52.89,Mobile Payment,-,-,Saturday,Lunch,Less sugar
2794,C147,Kimberly Ford DDS,2025-04-04 12:35,Dine-In,Beverage,Iced Tea,2,12.61,25.22,Mobile Payment,Valeria,29,Friday,Lunch,Gluten-free
2795,C147,Kimberly Ford DDS,2025-06-25 13:40,Dine-In,Food,Pasta Alfredo,4,15.71,62.84,Mobile Payment,Ana,26,Wednesday,Lunch,
2796,C147,Kimberly Ford DDS,2025-06-17 13:35,Dine-In,Beverage,Cappuccino,2,16.65,33.30,Card,Miguel,29,Tuesday,Lunch,
2797,C147,Kimberly Ford DDS,2025-09-09 14:10,Dine-In,Beverage,Iced Tea,4,19.82,79.28,Card,Valeria,29,Tuesday,Lunch,Extra napkins
2798,C147,Kimberly Ford DDS,2025-02-16 20:20,Takeaway,Food,Caesar Salad,2,12.88,25.76,Card,-,-,Sunday,Dinner,No onions
2799,C147,Kimberly Ford DDS,2025-11-21 20:15,Dine-In,Food,Margherita Pizza,3,18.58,55.74,Mobile Payment,Valeria,25,Friday,Dinner,Gluten-free
2800,C147,Kimberly Ford DDS,2025-06-18 13:35,Dine-In,Beverage,Fresh Orange Juice,3,13.58,40.74,Card,Carlos,18,Wednesday,Lunch,Less sugar
2801,C147,Kimberly Ford DDS,2025-09-18 18:10,Delivery,Beverage,Iced Tea,2,17.07,34.14,Mobile Payment,-,-,Thursday,Dinner,
2802,C147,Kimberly Ford DDS,2025-02-27 09:50,Dine-In,Beverage,Mojito,4,12.46,49.84,Card,Valeria,26,Thursday,Breakfast,
2803,C147,Kimberly Ford DDS,2025-03-28 12:20,Takeaway,Food,Veggie Sandwich,2,15.03,30.06,Mobile Payment,-,-,Friday,Lunch,
2804,C147,Kimberly Ford DDS,2025-03-18 18:05,Delivery,Beverage,Latte,4,15.13,60.52,Mobile Payment,-,-,Tuesday,Dinner,
2805,C147,Kimberly Ford DDS,2025-10-30 09:40,Takeaway,Food,Grilled Chicken,3,16.09,48.27,Mobile Payment,-,-,Thursday,Breakfast,Extra napkins
2806,C147,Kimberly Ford DDS,2025-10-20 19:45,Delivery,Food,Veggie Sandwich,2,17.83,35.66,Card,-,-,Monday,Dinner,
2807,C147,Kimberly Ford DDS,2025-10-05 13:35,Takeaway,Food,Veggie Sandwich,4,12.53,50.12,Card,-,-,Sunday,Lunch,Gluten-free
2808,C147,Kimberly Ford DDS,2025-07-08 20:15,Takeaway,Beverage,Iced Tea,4,17.44,69.76,Mobile Payment,-,-,Tuesday,Dinner,
2809,C163,Robert Copeland,2025-08-16 08:20,Dine-In,Beverage,Iced Tea,4,16.68,66.72,Cash,Valeria,30,Saturday,Breakfast,No onions
2810,C163,Robert Copeland,2025-12-21 09:40,Delivery,Beverage,Cappuccino,4,14.85,59.40,Card,-,-,Sunday,Breakfast,Extra napkins
2811,C163,Robert Copeland,2025-11-09 19:00,Dine-In,Beverage,Mineral Water,3,17.32,51.96,Mobile Payment,Ana,5,Sunday,Dinner,Gluten-free
2812,C163,Robert Copeland,2025-02-22 20:10,Dine-In,Beverage,Iced Tea,3,12.61,37.83,Card,Juan,16,Saturday,Dinner,
2813,C163,Robert Copeland,2025-06-09 08:30,Takeaway,Beverage,Cappuccino,4,13.51,54.04,Cash,-,-,Monday,Breakfast,
2814,C163,Robert Copeland,2025-01-28 20:35,Dine-In,Beverage,Latte,2,16.09,32.18,Card,Carlos,23,Tuesday,Dinner,Less sugar
2815,C163,Robert Copeland,2025-04-25 13:50,Dine-In,Food,Grilled Chicken,3,12.25,36.75,Cash,Carlos,7,Friday,Lunch,No onions
2816,C163,Robert Copeland,2025-03-07 18:10,Delivery,Food,Grilled Chicken,3,15.30,45.90,Cash,-,-,Friday,Dinner,
2817,C163,Robert Copeland,2025-09-10 09:45,Dine-In,Food,Grilled Chicken,2,15.30,30.60,Cash,Ana,16,Wednesday,Breakfast,
2818,C163,Robert Copeland,2025-07-10 13:50,Delivery,Food,Pasta Alfredo,4,12.82,51.28,Cash,-,-,Thursday,Lunch,Gluten-free
2819,C163,Robert Copeland,2025-10-20 20:00,Dine-In,Food,Margherita Pizza,2,16.86,33.72,Card,Juan,16,Monday,Dinner,
2820,C163,Robert Copeland,2025-02-07 14:05,Dine-In,Food,Veggie Sandwich,2,16.52,33.04,Card,Ana,22,Friday,Lunch,Gluten-free
2821,C163,Robert Copeland,2025-04-04 08:10,Dine-In,Food,Grilled Chicken,3,12.25,36.75,Cash,Carlos,18,Friday,Breakfast,
2822,C163,Robert Copeland,2025-02-16 09:30,Dine-In,Food,Margherita Pizza,3,13.39,40.17,Card,Ana,24,Sunday,Breakfast,
2823,C163,Robert Copeland,2025-03-27 13:05,Dine-In,Beverage,Mineral Water,3,13.96,41.88,Card,Valeria,13,Thursday,Lunch,
2824,C163,Robert Copeland,2025-05-15 09:45,Dine-In,Food,Margherita Pizza,2,13.39,26.78,Cash,Carlos,17,Thursday,Breakfast,
2825,C163,Robert Copeland,2025-04-30 08:00,Delivery,Food,Veggie Sandwich,2,13.51,27.02,Mobile Payment,-,-,Wednesday,Breakfast,Less sugar
2826,C163,Robert Copeland,2025-02-12 09:05,Delivery,Beverage,Mineral Water,4,16.04,64.16,Cash,-,-,Wednesday,Breakfast,Extra napkins
2827,C163,Robert Copeland,2025-08-25 12:35,Takeaway,Food,Grilled Chicken,3,13.20,39.60,Cash,-,-,Monday,Lunch,No onions
2828,C163,Robert Copeland,2025-05-23 20:15,Delivery,Beverage,Fresh Orange Juice,3,12.51,37.53,Mobile Payment,-,-,Friday,Dinner,
2829,C163,Robert Copeland,2025-06-14 18:10,Dine-In,Food,Grilled Chicken,3,12.25,36.75,Card,Juan,9,Saturday,Dinner,
2830,C164,Faith Whitaker,2025-04-19 19:35,Delivery,Beverage,Fresh Orange Juice,2,16.95,33.90,Mobile Payment,-,-,Saturday,Dinner,Extra napkins
2831,C164,Faith Whitaker,2025-06-19 13:30,Dine-In,Beverage,Iced Tea,2,19.82,39.64,Card,Valeria,5,Thursday,Lunch,Extra napkins
2832,C164,Faith Whitaker,2025-12-18 08:15,Takeaway,Food,Beef Burger,2,18.39,36.78,Cash,-,-,Thursday,Breakfast,Extra napkins
2833,C164,Faith Whitaker,2025-07-15 19:30,Delivery,Food,Caesar Salad,3,11.94,35.82,Cash,-,-,Tuesday,Dinner,Extra napkins
2834,C164,Faith Whitaker,2025-08-04 08:35,Dine-In,Food,Caesar Salad,3,15.08,45.24,Mobile Payment,Carlos,30,Monday,Breakfast,
2835,C164,Faith Whitaker,2025-11-16 09:00,Delivery,Beverage,Iced Tea,3,14.06,42.18,Card,-,-,Sunday,Breakfast,
2836,C164,Faith Whitaker,2025-10-10 08:35,Delivery,Food,Margherita Pizza,4,16.86,67.44,Mobile Payment,-,-,Friday,Breakfast,
2837,C164,Faith Whitaker,2025-05-07 08:45,Dine-In,Food,Caesar Salad,4,15.45,61.80,Cash,Juan,14,Wednesday,Breakfast,Less sugar
2838,C164,Faith Whitaker,2025-09-02 21:40,Delivery,Food,Pasta Alfredo,4,15.89,63.56,Card,-,-,Tuesday,Dinner,Gluten-free
2839,C164,Faith Whitaker,2025-03-14 21:45,Dine-In,Beverage,Green Smoothie,3,12.08,36.24,Mobile Payment,Valeria,5,Friday,Dinner,Extra napkins
2840,C164,Faith Whitaker,2025-02-07 13:35,Dine-In,Food,Veggie Sandwich,3,19.40,58.20,Cash,Miguel,24,Friday,Lunch,
2841,C164,Faith Whitaker,2025-12-09 18:10,Delivery,Beverage,Cappuccino,4,13.46,53.84,Card,-,-,Tuesday,Dinner,Less sugar
2842,C164,Faith Whitaker,2025-08-17 13:00,Dine-In,Beverage,Cappuccino,3,18.67,56.01,Card,Ana,25,Sunday,Lunch,Gluten-free
2843,C164,Faith Whitaker,2025-07-09 14:20,Takeaway,Beverage,Iced Tea,4,12.61,50.44,Card,-,-,Wednesday,Lunch,
2844,C164,Faith Whitaker,2025-06-15 13:40,Takeaway,Food,Grilled Chicken,4,13.20,52.80,Card,-,-,Sunday,Lunch,
2845,C164,Faith Whitaker,2025-11-26 09:35,Dine-In,Food,Grilled Chicken,4,16.09,64.36,Mobile Payment,Juan,19,Wednesday,Breakfast,
2846,C164,Faith Whitaker,2025-04-26 08:30,Dine-In,Food,Sushi Roll,2,13.95,27.90,Card,Ana,22,Saturday,Breakfast,Extra napkins
2847,C164,Faith Whitaker,2025-09-15 21:40,Takeaway,Food,Caesar Salad,2,17.44,34.88,Mobile Payment,-,-,Monday,Dinner,Gluten-free
2848,C164,Faith Whitaker,2025-02-16 12:50,Dine-In,Beverage,Fresh Orange Juice,2,17.42,34.84,Cash,Valeria,2,Sunday,Lunch,
2849,C164,Faith Whitaker,2025-01-21 08:15,Dine-In,Beverage,Mineral Water,2,18.97,37.94,Cash,Carlos,8,Tuesday,Breakfast,Extra napkins
2850,C164,Faith Whitaker,2025-10-06 13:00,Dine-In,Food,Caesar Salad,2,15.64,31.28,Mobile Payment,Valeria,16,Monday,Lunch,Extra napkins
2851,C164,Faith Whitaker,2025-11-06 09:30,Delivery,Food,Veggie Sandwich,2,15.38,30.76,Cash,-,-,Thursday,Breakfast,
2852,C164,Faith Whitaker,2025-11-27 09:40,Takeaway,Food,Veggie Sandwich,4,19.40,77.60,Mobile Payment,-,-,Thursday,Breakfast,
2853,C164,Faith Whitaker,2025-10-24 09:35,Takeaway,Beverage,Cappuccino,4,15.80,63.20,Card,-,-,Friday,Breakfast,
2854,C164,Faith Whitaker,2025-12-24 20:20,Takeaway,Food,Margherita Pizza,3,18.58,55.74,Mobile Payment,-,-,Wednesday,Dinner,Gluten-free
2855,C164,Faith Whitaker,2025-04-25 19:35,Takeaway,Beverage,Latte,2,13.90,27.80,Card,-,-,Friday,Dinner,
2856,C164,Faith Whitaker,2025-10-11 08:05,Dine-In,Beverage,Mineral Water,2,14.04,28.08,Cash,Ana,8,Saturday,Breakfast,
2857,C164,Faith Whitaker,2025-08-30 13:35,Dine-In,Food,Caesar Salad,3,15.92,47.76,Mobile Payment,Carlos,8,Saturday,Lunch,Less sugar
2858,C164,Faith Whitaker,2025-06-25 18:05,Delivery,Beverage,Cappuccino,2,16.29,32.58,Mobile Payment,-,-,Wednesday,Dinner,Gluten-free
2859,C164,Faith Whitaker,2025-08-26 08:40,Delivery,Beverage,Iced Tea,3,15.02,45.06,Mobile Payment,-,-,Tuesday,Breakfast,
2860,C164,Faith Whitaker,2025-05-24 14:50,Delivery,Food,Caesar Salad,4,15.08,60.32,Cash,-,-,Saturday,Lunch,Extra napkins
2861,C174,Caitlin Cohen,2025-11-26 14:15,Takeaway,Food,Caesar Salad,3,15.45,46.35,Cash,-,-,Wednesday,Lunch,
2862,C174,Caitlin Cohen,2025-03-31 20:05,Dine-In,Food,Veggie Sandwich,3,13.51,40.53,Mobile Payment,Carlos,1,Monday,Dinner,Less sugar
2863,C174,Caitlin Cohen,2025-07-20 14:05,Dine-In,Beverage,Cappuccino,4,19.33,77.32,Cash,Ana,15,Sunday,Lunch,
2864,C174,Caitlin Cohen,2025-05-21 09:50,Dine-In,Beverage,Fresh Orange Juice,3,19.00,57.00,Mobile Payment,Ana,15,Wednesday,Breakfast,Gluten-free
2865,C174,Caitlin Cohen,2025-02-20 12:00,Delivery,Food,Pasta Alfredo,3,13.81,41.43,Mobile Payment,-,-,Thursday,Lunch,Less sugar
2866,C174,Caitlin Cohen,2025-10-07 13:00,Dine-In,Food,Veggie Sandwich,4,13.51,54.04,Cash,Miguel,25,Tuesday,Lunch,
2867,C174,Caitlin Cohen,2025-06-08 12:15,Dine-In,Food,Sushi Roll,4,12.26,49.04,Card,Carlos,20,Sunday,Lunch,Gluten-free
2868,C174,Caitlin Cohen,2025-04-12 09:05,Takeaway,Beverage,Mojito,3,12.46,37.38,Card,-,-,Saturday,Breakfast,
2869,C174,Caitlin Cohen,2025-08-07 13:30,Dine-In,Beverage,Latte,4,13.90,55.60,Cash,Valeria,10,Thursday,Lunch,Gluten-free
2870,C174,Caitlin Cohen,2025-09-05 09:35,Dine-In,Food,Veggie Sandwich,4,19.38,77.52,Mobile Payment,Valeria,6,Friday,Breakfast,Less sugar
2871,C174,Caitlin Cohen,2025-01-20 09:05,Delivery,Beverage,Mojito,2,14.30,28.60,Card,-,-,Monday,Breakfast,No onions
2872,C174,Caitlin Cohen,2025-03-17 21:20,Delivery,Food,Veggie Sandwich,4,14.91,59.64,Cash,-,-,Monday,Dinner,No onions
2873,C174,Caitlin Cohen,2025-06-13 09:10,Takeaway,Beverage,Mineral Water,2,15.73,31.46,Card,-,-,Friday,Breakfast,Extra napkins
2874,C174,Caitlin Cohen,2025-01-24 21:45,Dine-In,Beverage,Cappuccino,4,16.29,65.16,Cash,Miguel,16,Friday,Dinner,
2875,C174,Caitlin Cohen,2025-09-01 12:30,Delivery,Food,Margherita Pizza,4,18.94,75.76,Cash,-,-,Monday,Lunch,
2876,C174,Caitlin Cohen,2025-04-25 20:05,Delivery,Beverage,Iced Tea,4,17.44,69.76,Card,-,-,Friday,Dinner,Extra napkins
2877,C174,Caitlin Cohen,2025-03-10 14:45,Delivery,Beverage,Green Smoothie,2,13.81,27.62,Mobile Payment,-,-,Monday,Lunch,
2878,C174,Caitlin Cohen,2025-07-13 20:50,Dine-In,Beverage,Iced Tea,3,18.58,55.74,Mobile Payment,Carlos,25,Sunday,Dinner,No onions
2879,C174,Caitlin Cohen,2025-11-13 21:45,Dine-In,Beverage,Latte,4,18.13,72.52,Card,Carlos,5,Thursday,Dinner,Extra napkins
2880,C174,Caitlin Cohen,2025-10-29 12:00,Dine-In,Beverage,Iced Tea,3,19.62,58.86,Mobile Payment,Miguel,23,Wednesday,Lunch,Less sugar
2881,C174,Caitlin Cohen,2025-08-08 19:10,Takeaway,Beverage,Mojito,2,15.77,31.54,Mobile Payment,-,-,Friday,Dinner,
2882,C174,Caitlin Cohen,2025-05-26 14:50,Delivery,Beverage,Mineral Water,4,14.04,56.16,Cash,-,-,Monday,Lunch,Less sugar
2883,C174,Caitlin Cohen,2025-06-22 14:45,Takeaway,Food,Veggie Sandwich,4,19.38,77.52,Mobile Payment,-,-,Sunday,Lunch,
2884,C174,Caitlin Cohen,2025-05-13 12:35,Dine-In,Food,Veggie Sandwich,2,14.13,28.26,Mobile Payment,Valeria,27,Tuesday,Lunch,
2885,C174,Caitlin Cohen,2025-02-24 21:05,Dine-In,Beverage,Cappuccino,2,18.74,37.48,Card,Juan,9,Monday,Dinner,Gluten-free
2886,C174,Caitlin Cohen,2025-09-10 09:50,Delivery,Beverage,Green Smoothie,3,17.26,51.78,Card,-,-,Wednesday,Breakfast,
2887,C174,Caitlin Cohen,2025-11-24 19:35,Dine-In,Beverage,Iced Tea,3,17.66,52.98,Mobile Payment,Valeria,23,Monday,Dinner,No onions
2888,C176,Stanley Romero,2025-04-03 20:15,Takeaway,Food,Pasta Alfredo,4,15.71,62.84,Mobile Payment,-,-,Thursday,Dinner,
2889,C176,Stanley Romero,2025-01-13 21:20,Dine-In,Beverage,Cappuccino,3,12.60,37.80,Cash,Ana,5,Monday,Dinner,
2890,C176,Stanley Romero,2025-12-17 13:15,Takeaway,Food,Sushi Roll,4,13.55,54.20,Mobile Payment,-,-,Wednesday,Lunch,Extra napkins
2891,C176,Stanley Romero,2025-02-20 20:15,Dine-In,Beverage,Fresh Orange Juice,2,16.79,33.58,Mobile Payment,Ana,13,Thursday,Dinner,
2892,C176,Stanley Romero,2025-03-16 14:35,Dine-In,Food,Beef Burger,4,19.93,79.72,Cash,Juan,2,Sunday,Lunch,Gluten-free
2893,C176,Stanley Romero,2025-05-14 14:00,Takeaway,Beverage,Iced Tea,2,18.37,36.74,Mobile Payment,-,-,Wednesday,Lunch,No onions
2894,C176,Stanley Romero,2025-10-18 09:00,Dine-In,Beverage,Mojito,3,16.67,50.01,Mobile Payment,Carlos,27,Saturday,Breakfast,
2895,C176,Stanley Romero,2025-06-13 21:10,Dine-In,Beverage,Mojito,2,16.64,33.28,Mobile Payment,Valeria,29,Friday,Dinner,
2896,C176,Stanley Romero,2025-09-24 14:35,Delivery,Beverage,Mojito,2,16.67,33.34,Card,-,-,Wednesday,Lunch,
2897,C176,Stanley Romero,2025-11-29 19:30,Dine-In,Food,Caesar Salad,4,19.77,79.08,Mobile Payment,Juan,13,Saturday,Dinner,
2898,C176,Stanley Romero,2025-07-01 13:05,Delivery,Food,Beef Burger,2,12.77,25.54,Mobile Payment,-,-,Tuesday,Lunch,Gluten-free
2899,C176,Stanley Romero,2025-05-20 21:50,Takeaway,Beverage,Mojito,3,15.65,46.95,Cash,-,-,Tuesday,Dinner,Extra napkins
2900,C176,Stanley Romero,2025-10-17 08:30,Dine-In,Food,Grilled Chicken,4,12.25,49.00,Cash,Miguel,28,Friday,Breakfast,
2901,C176,Stanley Romero,2025-03-31 19:20,Takeaway,Beverage,Mojito,4,15.65,62.60,Card,-,-,Monday,Dinner,No onions
2902,C176,Stanley Romero,2025-02-28 18:30,Takeaway,Food,Sushi Roll,3,11.82,35.46,Mobile Payment,-,-,Friday,Dinner,
2903,C176,Stanley Romero,2025-09-23 18:00,Dine-In,Beverage,Mineral Water,4,13.06,52.24,Cash,Miguel,1,Tuesday,Dinner,Extra napkins
2904,C176,Stanley Romero,2025-12-30 20:20,Takeaway,Beverage,Iced Tea,3,17.18,51.54,Mobile Payment,-,-,Tuesday,Dinner,No onions
2905,C177,Christopher Blankenship,2025-11-03 21:45,Takeaway,Beverage,Latte,2,17.34,34.68,Mobile Payment,-,-,Monday,Dinner,
2906,C177,Christopher Blankenship,2025-05-20 12:05,Takeaway,Beverage,Green Smoothie,2,18.21,36.42,Cash,-,-,Tuesday,Lunch,No onions
2907,C177,Christopher Blankenship,2025-07-19 12:05,Takeaway,Beverage,Mojito,3,15.93,47.79,Mobile Payment,-,-,Saturday,Lunch,
2908,C177,Christopher Blankenship,2025-08-09 20:45,Dine-In,Beverage,Mojito,2,14.28,28.56,Cash,Ana,21,Saturday,Dinner,No onions
2909,C177,Christopher Blankenship,2025-04-28 19:35,Takeaway,Beverage,Cappuccino,2,16.17,32.34,Mobile Payment,-,-,Monday,Dinner,
2910,C177,Christopher Blankenship,2025-01-30 09:15,Dine-In,Food,Margherita Pizza,4,18.80,75.20,Card,Carlos,12,Thursday,Breakfast,Less sugar
2911,C177,Christopher Blankenship,2025-10-25 14:50,Takeaway,Food,Caesar Salad,2,17.39,34.78,Cash,-,-,Saturday,Lunch,Extra napkins
2912,C177,Christopher Blankenship,2025-02-23 20:50,Dine-In,Beverage,Cappuccino,2,18.61,37.22,Cash,Miguel,5,Sunday,Dinner,
2913,C177,Christopher Blankenship,2025-12-19 14:45,Delivery,Food,Caesar Salad,2,17.44,34.88,Mobile Payment,-,-,Friday,Lunch,
2914,C177,Christopher Blankenship,2025-09-14 20:35,Dine-In,Food,Sushi Roll,2,12.86,25.72,Mobile Payment,Valeria,9,Sunday,Dinner,
2915,C177,Christopher Blankenship,2025-06-13 21:40,Dine-In,Beverage,Cappuccino,3,15.50,46.50,Card,Carlos,21,Friday,Dinner,
2916,C177,Christopher Blankenship,2025-06-15 08:00,Dine-In,Food,Grilled Chicken,3,12.66,37.98,Cash,Miguel,26,Sunday,Breakfast,Extra napkins
2917,C177,Christopher Blankenship,2025-02-11 21:30,Takeaway,Beverage,Mojito,3,16.37,49.11,Cash,-,-,Tuesday,Dinner,Gluten-free
2918,C177,Christopher Blankenship,2025-05-13 09:45,Dine-In,Food,Caesar Salad,3,12.40,37.20,Mobile Payment,Ana,27,Tuesday,Breakfast,No onions
2919,C177,Christopher Blankenship,2025-07-01 18:05,Takeaway,Beverage,Latte,4,16.14,64.56,Card,-,-,Tuesday,Dinner,Gluten-free
2920,C177,Christopher Blankenship,2025-01-12 21:50,Takeaway,Food,Grilled Chicken,3,12.64,37.92,Cash,-,-,Sunday,Dinner,Less sugar
2921,C177,Christopher Blankenship,2025-07-23 09:00,Delivery,Beverage,Iced Tea,3,12.86,38.58,Card,-,-,Wednesday,Breakfast,Extra napkins
2922,C177,Christopher Blankenship,2025-01-24 12:10,Delivery,Food,Sushi Roll,3,18.82,56.46,Cash,-,-,Friday,Lunch,
2923,C177,Christopher Blankenship,2025-12-11 14:50,Dine-In,Beverage,Mineral Water,2,12.02,24.04,Card,Juan,17,Thursday,Lunch,Less sugar
2924,C177,Christopher Blankenship,2025-06-29 08:30,Delivery,Beverage,Latte,2,15.13,30.26,Cash,-,-,Sunday,Breakfast,No onions
2925,C177,Christopher Blankenship,2025-10-02 14:15,Takeaway,Beverage,Green Smoothie,4,15.50,62.00,Card,-,-,Thursday,Lunch,
2926,C177,Christopher Blankenship,2025-02-20 20:30,Dine-In,Beverage,Fresh Orange Juice,3,19.52,58.56,Cash,Valeria,2,Thursday,Dinner,No onions
2927,C177,Christopher Blankenship,2025-05-01 19:45,Dine-In,Beverage,Mojito,3,15.75,47.25,Card,Carlos,6,Thursday,Dinner,
2928,C177,Christopher Blankenship,2025-02-27 21:50,Dine-In,Food,Sushi Roll,4,15.62,62.48,Cash,Miguel,17,Thursday,Dinner,
2929,C177,Christopher Blankenship,2025-08-18 14:40,Dine-In,Beverage,Cappuccino,3,19.33,57.99,Card,Valeria,12,Monday,Lunch,No onions
2930,C177,Christopher Blankenship,2025-02-05 19:45,Dine-In,Food,Grilled Chicken,4,12.66,50.64,Mobile Payment,Ana,12,Wednesday,Dinner,Extra napkins
2931,C177,Christopher Blankenship,2025-05-27 08:35,Delivery,Beverage,Iced Tea,3,17.43,52.29,Card,-,-,Tuesday,Breakfast,Less sugar
2932,C177,Christopher Blankenship,2025-05-06 12:30,Delivery,Beverage,Latte,4,13.80,55.20,Cash,-,-,Tuesday,Lunch,
2933,C180,Nicole Henry,2025-12-20 20:35,Delivery,Beverage,Mojito,2,12.46,24.92,Cash,-,-,Saturday,Dinner,Gluten-free
2934,C180,Nicole Henry,2025-03-21 19:10,Takeaway,Food,Beef Burger,2,12.77,25.54,Card,-,-,Friday,Dinner,
2935,C180,Nicole Henry,2025-02-05 12:40,Delivery,Food,Veggie Sandwich,2,17.83,35.66,Card,-,-,Wednesday,Lunch,
2936,C180,Nicole Henry,2025-09-10 21:20,Dine-In,Food,Beef Burger,3,12.77,38.31,Card,Juan,7,Wednesday,Dinner,No onions
2937,C180,Nicole Henry,2025-04-12 18:05,Delivery,Beverage,Green Smoothie,3,19.95,59.85,Card,-,-,Saturday,Dinner,No onions
2938,C180,Nicole Henry,2025-07-03 12:05,Takeaway,Beverage,Iced Tea,3,12.94,38.82,Mobile Payment,-,-,Thursday,Lunch,Less sugar
2939,C180,Nicole Henry,2025-05-10 13:45,Dine-In,Beverage,Cappuccino,4,16.79,67.16,Mobile Payment,Valeria,17,Saturday,Lunch,No onions
2940,C180,Nicole Henry,2025-08-02 19:30,Delivery,Food,Grilled Chicken,3,19.01,57.03,Cash,-,-,Saturday,Dinner,Less sugar
2941,C180,Nicole Henry,2025-10-29 12:50,Delivery,Food,Pasta Alfredo,2,12.09,24.18,Cash,-,-,Wednesday,Lunch,Less sugar
2942,C180,Nicole Henry,2025-01-18 08:45,Delivery,Beverage,Latte,2,13.80,27.60,Cash,-,-,Saturday,Breakfast,
2943,C180,Nicole Henry,2025-11-27 12:45,Delivery,Food,Grilled Chicken,2,12.79,25.58,Card,-,-,Thursday,Lunch,
2944,C180,Nicole Henry,2025-06-16 08:40,Takeaway,Food,Sushi Roll,3,17.14,51.42,Mobile Payment,-,-,Monday,Breakfast,
2945,C180,Nicole Henry,2025-08-16 19:00,Dine-In,Beverage,Latte,4,13.80,55.20,Mobile Payment,Valeria,30,Saturday,Dinner,Extra napkins
2946,C180,Nicole Henry,2025-01-09 14:35,Takeaway,Beverage,Mineral Water,4,18.46,73.84,Mobile Payment,-,-,Thursday,Lunch,
2947,C185,Richard Gilbert,2025-12-31 18:35,Takeaway,Beverage,Cappuccino,2,12.60,25.20,Mobile Payment,-,-,Wednesday,Dinner,Extra napkins
2948,C185,Richard Gilbert,2025-11-17 18:30,Dine-In,Food,Margherita Pizza,3,12.74,38.22,Mobile Payment,Ana,8,Monday,Dinner,Extra napkins
2949,C185,Richard Gilbert,2025-07-30 08:15,Delivery,Beverage,Cappuccino,3,18.61,55.83,Card,-,-,Wednesday,Breakfast,
2950,C185,Richard Gilbert,2025-04-06 18:20,Dine-In,Food,Margherita Pizza,3,18.74,56.22,Card,Valeria,8,Sunday,Dinner,Less sugar
2951,C185,Richard Gilbert,2025-05-18 18:35,Dine-In,Food,Caesar Salad,4,17.39,69.56,Card,Valeria,10,Sunday,Dinner,
2952,C185,Richard Gilbert,2025-01-28 13:00,Dine-In,Food,Caesar Salad,4,12.54,50.16,Cash,Valeria,7,Tuesday,Lunch,
2953,C185,Richard Gilbert,2025-03-29 21:40,Delivery,Beverage,Iced Tea,3,18.58,55.74,Cash,-,-,Saturday,Dinner,
2954,C185,Richard Gilbert,2025-10-04 19:00,Dine-In,Beverage,Green Smoothie,4,12.08,48.32,Mobile Payment,Ana,24,Saturday,Dinner,Extra napkins
2955,C185,Richard Gilbert,2025-02-24 20:05,Takeaway,Beverage,Green Smoothie,2,18.54,37.08,Cash,-,-,Monday,Dinner,Gluten-free
2956,C185,Richard Gilbert,2025-08-15 13:00,Delivery,Beverage,Iced Tea,4,19.74,78.96,Mobile Payment,-,-,Friday,Lunch,Extra napkins
2957,C185,Richard Gilbert,2025-06-18 20:40,Dine-In,Beverage,Latte,4,18.90,75.60,Cash,Valeria,20,Wednesday,Dinner,No onions
2958,C185,Richard Gilbert,2025-12-20 18:10,Delivery,Food,Caesar Salad,3,17.78,53.34,Mobile Payment,-,-,Saturday,Dinner,Less sugar
2959,C185,Richard Gilbert,2025-05-07 09:30,Dine-In,Food,Grilled Chicken,2,12.25,24.50,Card,Valeria,14,Wednesday,Breakfast,
2960,C185,Richard Gilbert,2025-03-27 13:40,Takeaway,Food,Veggie Sandwich,2,15.38,30.76,Mobile Payment,-,-,Thursday,Lunch,Extra napkins
2961,C185,Richard Gilbert,2025-06-14 12:10,Delivery,Beverage,Green Smoothie,3,13.21,39.63,Mobile Payment,-,-,Saturday,Lunch,
2962,C185,Richard Gilbert,2025-06-16 12:50,Dine-In,Food,Veggie Sandwich,4,12.31,49.24,Cash,Miguel,19,Monday,Lunch,
2963,C185,Richard Gilbert,2025-08-11 20:15,Dine-In,Food,Caesar Salad,4,19.77,79.08,Card,Carlos,19,Monday,Dinner,
2964,C185,Richard Gilbert,2025-04-29 19:05,Dine-In,Food,Caesar Salad,2,15.08,30.16,Card,Juan,5,Tuesday,Dinner,
2965,C185,Richard Gilbert,2025-05-04 20:30,Delivery,Beverage,Latte,2,15.21,30.42,Card,-,-,Sunday,Dinner,
2966,C185,Richard Gilbert,2025-11-04 18:05,Delivery,Beverage,Latte,3,15.21,45.63,Card,-,-,Tuesday,Dinner,
2967,C185,Richard Gilbert,2025-04-01 18:20,Takeaway,Beverage,Iced Tea,3,15.16,45.48,Card,-,-,Tuesday,Dinner,No onions
2968,C185,Richard Gilbert,2025-12-13 20:45,Delivery,Beverage,Mojito,3,15.93,47.79,Card,-,-,Saturday,Dinner,
2969,C185,Richard Gilbert,2025-08-04 08:00,Dine-In,Beverage,Green Smoothie,2,11.89,23.78,Cash,Valeria,21,Monday,Breakfast,Extra napkins
2970,C185,Richard Gilbert,2025-08-13 12:40,Takeaway,Food,Grilled Chicken,4,19.41,77.64,Card,-,-,Wednesday,Lunch,
2971,C185,Richard Gilbert,2025-03-29 18:15,Dine-In,Food,Margherita Pizza,4,13.39,53.56,Card,Valeria,13,Saturday,Dinner,
2972,C185,Richard Gilbert,2025-09-11 21:50,Takeaway,Food,Veggie Sandwich,2,15.38,30.76,Cash,-,-,Thursday,Dinner,No onions
2973,C186,Valerie Fox,2025-05-25 20:20,Takeaway,Beverage,Mineral Water,2,17.28,34.56,Cash,-,-,Sunday,Dinner,
2974,C186,Valerie Fox,2025-12-29 12:35,Dine-In,Food,Caesar Salad,2,19.04,38.08,Mobile Payment,Carlos,27,Monday,Lunch,
2975,C186,Valerie Fox,2025-01-19 08:00,Takeaway,Beverage,Fresh Orange Juice,4,19.00,76.00,Card,-,-,Sunday,Breakfast,
2976,C186,Valerie Fox,2025-07-04 18:05,Dine-In,Beverage,Cappuccino,3,16.29,48.87,Card,Carlos,22,Friday,Dinner,Less sugar
2977,C186,Valerie Fox,2025-09-21 21:50,Takeaway,Food,Margherita Pizza,4,13.78,55.12,Cash,-,-,Sunday,Dinner,Extra napkins
2978,C186,Valerie Fox,2025-02-09 19:20,Takeaway,Beverage,Fresh Orange Juice,2,16.79,33.58,Cash,-,-,Sunday,Dinner,
2979,C186,Valerie Fox,2025-11-04 18:20,Dine-In,Food,Beef Burger,2,19.66,39.32,Card,Carlos,23,Tuesday,Dinner,No onions
2980,C186,Valerie Fox,2025-08-10 19:15,Takeaway,Food,Margherita Pizza,2,19.53,39.06,Mobile Payment,-,-,Sunday,Dinner,
2981,C186,Valerie Fox,2025-03-09 13:30,Dine-In,Beverage,Latte,3,18.90,56.70,Mobile Payment,Juan,18,Sunday,Lunch,
2982,C186,Valerie Fox,2025-06-18 14:35,Dine-In,Food,Pasta Alfredo,2,19.01,38.02,Card,Miguel,13,Wednesday,Lunch,Less sugar
2983,C186,Valerie Fox,2025-10-26 08:45,Delivery,Food,Pasta Alfredo,2,18.53,37.06,Cash,-,-,Sunday,Breakfast,Gluten-free
2984,C186,Valerie Fox,2025-12-23 19:45,Delivery,Beverage,Cappuccino,2,13.30,26.60,Card,-,-,Tuesday,Dinner,No onions
2985,C186,Valerie Fox,2025-12-01 08:15,Dine-In,Food,Beef Burger,3,19.93,59.79,Mobile Payment,Carlos,3,Monday,Breakfast,Less sugar
2986,C187,Deanna Mendoza,2025-07-13 20:10,Dine-In,Food,Beef Burger,3,13.99,41.97,Card,Juan,30,Sunday,Dinner,No onions
2987,C187,Deanna Mendoza,2025-04-14 19:15,Dine-In,Beverage,Green Smoothie,2,18.54,37.08,Card,Carlos,15,Monday,Dinner,Less sugar
2988,C187,Deanna Mendoza,2025-06-11 20:40,Delivery,Beverage,Fresh Orange Juice,2,17.42,34.84,Cash,-,-,Wednesday,Dinner,Gluten-free
2989,C187,Deanna Mendoza,2025-12-24 20:15,Dine-In,Food,Sushi Roll,3,17.53,52.59,Card,Valeria,16,Wednesday,Dinner,
2990,C187,Deanna Mendoza,2025-09-05 18:20,Takeaway,Beverage,Mojito,4,14.09,56.36,Card,-,-,Friday,Dinner,Less sugar
2991,C187,Deanna Mendoza,2025-02-28 13:10,Dine-In,Food,Pasta Alfredo,4,18.53,74.12,Mobile Payment,Ana,9,Friday,Lunch,
2992,C187,Deanna Mendoza,2025-10-23 19:00,Dine-In,Food,Sushi Roll,4,18.22,72.88,Mobile Payment,Ana,19,Thursday,Dinner,No onions
2993,C187,Deanna Mendoza,2025-08-31 08:40,Takeaway,Food,Veggie Sandwich,4,12.31,49.24,Card,-,-,Sunday,Breakfast,
2994,C187,Deanna Mendoza,2025-05-24 12:05,Dine-In,Food,Veggie Sandwich,2,19.87,39.74,Mobile Payment,Carlos,14,Saturday,Lunch,No onions
2995,C187,Deanna Mendoza,2025-01-23 14:15,Takeaway,Beverage,Latte,2,16.14,32.28,Card,-,-,Thursday,Lunch,
2996,C187,Deanna Mendoza,2025-11-14 20:45,Takeaway,Food,Caesar Salad,3,12.54,37.62,Card,-,-,Friday,Dinner,
2997,C187,Deanna Mendoza,2025-10-29 09:05,Dine-In,Food,Veggie Sandwich,4,13.32,53.28,Card,Carlos,9,Wednesday,Breakfast,Less sugar
2998,C187,Deanna Mendoza,2025-03-16 13:30,Dine-In,Beverage,Latte,4,13.90,55.60,Card,Juan,1,Sunday,Lunch,Extra napkins
2999,C187,Deanna Mendoza,2025-11-20 13:50,Takeaway,Beverage,Fresh Orange Juice,4,19.00,76.00,Card,-,-,Thursday,Lunch,Extra napkins
3000,C187,Deanna Mendoza,2025-10-27 08:50,Takeaway,Food,Beef Burger,2,17.43,34.86,Mobile Payment,-,-,Monday,Breakfast,
3001,C187,Deanna Mendoza,2025-01-05 18:05,Dine-In,Food,Grilled Chicken,4,19.01,76.04,Mobile Payment,Juan,28,Sunday,Dinner,Gluten-free
3002,C187,Deanna Mendoza,2025-01-16 09:20,Dine-In,Beverage,Iced Tea,3,14.06,42.18,Cash,Juan,16,Thursday,Breakfast,
3003,C187,Deanna Mendoza,2025-09-05 18:35,Delivery,Food,Veggie Sandwich,2,19.38,38.76,Mobile Payment,-,-,Friday,Dinner,
3004,C190,Linda Cobb,2025-10-08 20:45,Delivery,Food,Caesar Salad,2,19.77,39.54,Cash,-,-,Wednesday,Dinner,Extra napkins
3005,C190,Linda Cobb,2025-05-21 18:30,Dine-In,Food,Sushi Roll,2,13.55,27.10,Card,Carlos,27,Wednesday,Dinner,Less sugar
3006,C190,Linda Cobb,2025-08-13 21:50,Dine-In,Beverage,Green Smoothie,3,13.81,41.43,Mobile Payment,Carlos,18,Wednesday,Dinner,Extra napkins
3007,C190,Linda Cobb,2025-04-12 20:40,Dine-In,Food,Sushi Roll,4,13.55,54.20,Mobile Payment,Valeria,22,Saturday,Dinner,Extra napkins
3008,C190,Linda Cobb,2025-09-06 08:40,Dine-In,Beverage,Latte,3,15.42,46.26,Mobile Payment,Juan,25,Saturday,Breakfast,No onions
3009,C190,Linda Cobb,2025-03-28 18:50,Takeaway,Beverage,Cappuccino,2,13.46,26.92,Cash,-,-,Friday,Dinner,
3010,C190,Linda Cobb,2025-06-28 13:20,Dine-In,Beverage,Mojito,4,17.64,70.56,Mobile Payment,Carlos,3,Saturday,Lunch,
3011,C190,Linda Cobb,2025-07-11 21:05,Delivery,Beverage,Iced Tea,2,12.94,25.88,Card,-,-,Friday,Dinner,No onions
3012,C190,Linda Cobb,2025-12-16 12:45,Dine-In,Beverage,Iced Tea,3,16.66,49.98,Cash,Valeria,17,Tuesday,Lunch,No onions
3013,C190,Linda Cobb,2025-02-14 09:30,Dine-In,Beverage,Mineral Water,4,18.10,72.40,Card,Carlos,2,Friday,Breakfast,Gluten-free
3014,C190,Linda Cobb,2025-11-02 12:15,Takeaway,Beverage,Cappuccino,2,13.30,26.60,Card,-,-,Sunday,Lunch,Gluten-free
3015,C190,Linda Cobb,2025-12-26 19:40,Dine-In,Beverage,Iced Tea,3,16.80,50.40,Cash,Miguel,22,Friday,Dinner,Extra napkins
3016,C190,Linda Cobb,2025-06-13 21:00,Dine-In,Beverage,Latte,3,16.14,48.42,Mobile Payment,Ana,5,Friday,Dinner,Less sugar
3017,C190,Linda Cobb,2025-04-04 19:20,Dine-In,Beverage,Latte,3,17.34,52.02,Mobile Payment,Juan,4,Friday,Dinner,
3018,C190,Linda Cobb,2025-04-22 19:35,Dine-In,Food,Caesar Salad,4,11.94,47.76,Cash,Juan,2,Tuesday,Dinner,
3019,C190,Linda Cobb,2025-05-31 13:40,Dine-In,Food,Sushi Roll,2,18.82,37.64,Mobile Payment,Carlos,22,Saturday,Lunch,
3020,C190,Linda Cobb,2025-05-28 20:30,Takeaway,Food,Sushi Roll,4,18.22,72.88,Card,-,-,Wednesday,Dinner,Extra napkins
3021,C190,Linda Cobb,2025-03-28 19:05,Dine-In,Beverage,Green Smoothie,4,15.50,62.00,Card,Miguel,27,Friday,Dinner,No onions
3022,C190,Linda Cobb,2025-12-18 18:50,Dine-In,Beverage,Mineral Water,2,16.04,32.08,Mobile Payment,Carlos,11,Thursday,Dinner,
3023,C190,Linda Cobb,2025-02-05 20:05,Dine-In,Food,Veggie Sandwich,3,14.27,42.81,Cash,Carlos,28,Wednesday,Dinner,Less sugar
3024,C190,Linda Cobb,2025-08-14 19:45,Delivery,Beverage,Fresh Orange Juice,2,13.62,27.24,Card,-,-,Thursday,Dinner,
3025,C190,Linda Cobb,2025-01-13 14:50,Dine-In,Food,Pasta Alfredo,4,15.71,62.84,Mobile Payment,Ana,29,Monday,Lunch,
3026,C190,Linda Cobb,2025-01-22 21:00,Dine-In,Food,Beef Burger,2,12.77,25.54,Mobile Payment,Ana,5,Wednesday,Dinner,
3027,C190,Linda Cobb,2025-04-30 19:40,Delivery,Beverage,Cappuccino,4,16.55,66.20,Card,-,-,Wednesday,Dinner,
3028,C190,Linda Cobb,2025-10-03 20:40,Dine-In,Beverage,Fresh Orange Juice,2,11.87,23.74,Card,Juan,6,Friday,Dinner,
3029,C190,Linda Cobb,2025-07-11 14:30,Dine-In,Beverage,Fresh Orange Juice,4,13.58,54.32,Mobile Payment,Miguel,29,Friday,Lunch,Less sugar
3030,C190,Linda Cobb,2025-07-17 20:30,Delivery,Food,Caesar Salad,3,12.88,38.64,Mobile Payment,-,-,Thursday,Dinner,Less sugar
3031,C190,Linda Cobb,2025-08-16 12:30,Dine-In,Food,Pasta Alfredo,2,15.56,31.12,Mobile Payment,Carlos,10,Saturday,Lunch,No onions
3032,C190,Linda Cobb,2025-12-12 09:50,Dine-In,Beverage,Iced Tea,4,16.68,66.72,Cash,Carlos,25,Friday,Breakfast,
3033,C192,Linda Meyer,2025-06-14 20:40,Dine-In,Beverage,Cappuccino,4,18.67,74.68,Card,Valeria,7,Saturday,Dinner,Extra napkins
3034,C192,Linda Meyer,2025-05-07 14:00,Dine-In,Food,Caesar Salad,2,16.60,33.20,Card,Juan,12,Wednesday,Lunch,Less sugar
3035,C192,Linda Meyer,2025-10-14 09:35,Delivery,Food,Veggie Sandwich,2,13.37,26.74,Cash,-,-,Tuesday,Breakfast,Extra napkins
3036,C192,Linda Meyer,2025-09-30 13:05,Takeaway,Food,Grilled Chicken,3,15.37,46.11,Mobile Payment,-,-,Tuesday,Lunch,Gluten-free
3037,C192,Linda Meyer,2025-01-04 13:10,Delivery,Food,Margherita Pizza,3,12.15,36.45,Card,-,-,Saturday,Lunch,Extra napkins
3038,C192,Linda Meyer,2025-02-08 19:00,Dine-In,Food,Margherita Pizza,4,18.58,74.32,Card,Carlos,11,Saturday,Dinner,
3039,C192,Linda Meyer,2025-12-24 19:05,Delivery,Beverage,Iced Tea,2,12.61,25.22,Cash,-,-,Wednesday,Dinner,
3040,C192,Linda Meyer,2025-04-08 09:15,Takeaway,Beverage,Iced Tea,4,18.58,74.32,Card,-,-,Tuesday,Breakfast,
3041,C192,Linda Meyer,2025-11-06 12:45,Dine-In,Beverage,Iced Tea,3,19.74,59.22,Mobile Payment,Ana,8,Thursday,Lunch,Less sugar
3042,C192,Linda Meyer,2025-07-12 09:00,Dine-In,Beverage,Iced Tea,4,16.66,66.64,Mobile Payment,Carlos,7,Saturday,Breakfast,Gluten-free
3043,C192,Linda Meyer,2025-03-31 09:45,Dine-In,Beverage,Mineral Water,2,18.10,36.20,Cash,Valeria,6,Monday,Breakfast,Extra napkins
3044,C192,Linda Meyer,2025-10-26 09:50,Dine-In,Food,Margherita Pizza,4,19.24,76.96,Card,Valeria,26,Sunday,Breakfast,Less sugar
3045,C192,Linda Meyer,2025-02-01 19:00,Dine-In,Food,Margherita Pizza,4,16.86,67.44,Mobile Payment,Valeria,24,Saturday,Dinner,
3046,C192,Linda Meyer,2025-08-12 19:20,Dine-In,Food,Margherita Pizza,2,18.88,37.76,Mobile Payment,Carlos,28,Tuesday,Dinner,
3047,C192,Linda Meyer,2025-07-14 12:20,Delivery,Beverage,Iced Tea,3,17.18,51.54,Mobile Payment,-,-,Monday,Lunch,
3048,C192,Linda Meyer,2025-11-06 19:00,Dine-In,Beverage,Iced Tea,2,17.44,34.88,Mobile Payment,Valeria,5,Thursday,Dinner,Extra napkins
3049,C192,Linda Meyer,2025-05-21 18:00,Delivery,Food,Caesar Salad,2,19.77,39.54,Cash,-,-,Wednesday,Dinner,
3050,C192,Linda Meyer,2025-05-05 18:20,Delivery,Beverage,Iced Tea,4,15.16,60.64,Card,-,-,Monday,Dinner,Extra napkins
3051,C192,Linda Meyer,2025-08-26 14:10,Dine-In,Food,Veggie Sandwich,2,12.53,25.06,Card,Valeria,1,Tuesday,Lunch,Less sugar
3052,C192,Linda Meyer,2025-07-27 14:45,Delivery,Beverage,Fresh Orange Juice,4,19.00,76.00,Mobile Payment,-,-,Sunday,Lunch,Gluten-free
3053,C192,Linda Meyer,2025-11-12 19:00,Dine-In,Beverage,Mineral Water,3,14.04,42.12,Mobile Payment,Juan,24,Wednesday,Dinner,
3054,C192,Linda Meyer,2025-08-16 18:35,Dine-In,Food,Pasta Alfredo,4,19.01,76.04,Card,Miguel,16,Saturday,Dinner,Gluten-free
3055,C192,Linda Meyer,2025-11-12 19:30,Dine-In,Food,Grilled Chicken,2,15.42,30.84,Card,Carlos,28,Wednesday,Dinner,Extra napkins
3056,C192,Linda Meyer,2025-12-04 09:40,Delivery,Food,Margherita Pizza,2,18.88,37.76,Mobile Payment,-,-,Thursday,Breakfast,No onions
3057,C192,Linda Meyer,2025-07-19 09:35,Takeaway,Beverage,Green Smoothie,4,13.33,53.32,Card,-,-,Saturday,Breakfast,
3058,C192,Linda Meyer,2025-03-10 19:30,Takeaway,Food,Margherita Pizza,2,12.08,24.16,Card,-,-,Monday,Dinner,
3059,C192,Linda Meyer,2025-06-10 09:10,Delivery,Food,Veggie Sandwich,2,18.04,36.08,Card,-,-,Tuesday,Breakfast,Gluten-free
3060,C192,Linda Meyer,2025-09-06 20:40,Dine-In,Beverage,Mojito,4,14.37,57.48,Card,Ana,23,Saturday,Dinner,No onions
3061,C192,Linda Meyer,2025-11-11 20:00,Dine-In,Beverage,Iced Tea,3,19.62,58.86,Cash,Valeria,23,Tuesday,Dinner,
3062,C192,Linda Meyer,2025-03-21 21:10,Dine-In,Beverage,Cappuccino,3,12.65,37.95,Mobile Payment,Valeria,30,Friday,Dinner,No onions
3063,C192,Linda Meyer,2025-12-28 20:15,Dine-In,Beverage,Mineral Water,3,18.97,56.91,Card,Ana,14,Sunday,Dinner,No onions
3064,C193,Richard Johnson,2025-02-01 14:15,Dine-In,Beverage,Fresh Orange Juice,3,16.80,50.40,Mobile Payment,Juan,5,Saturday,Lunch,Less sugar
3065,C193,Richard Johnson,2025-05-09 20:10,Dine-In,Food,Veggie Sandwich,4,18.04,72.16,Mobile Payment,Carlos,3,Friday,Dinner,
3066,C193,Richard Johnson,2025-10-05 13:30,Delivery,Beverage,Mojito,3,12.44,37.32,Cash,-,-,Sunday,Lunch,
3067,C193,Richard Johnson,2025-09-10 20:50,Dine-In,Beverage,Latte,3,14.84,44.52,Cash,Juan,21,Wednesday,Dinner,Extra napkins
3068,C193,Richard Johnson,2025-11-21 13:15,Takeaway,Food,Pasta Alfredo,3,17.38,52.14,Card,-,-,Friday,Lunch,Extra napkins
3069,C193,Richard Johnson,2025-04-23 14:10,Dine-In,Beverage,Green Smoothie,2,18.30,36.60,Card,Juan,28,Wednesday,Lunch,
3070,C193,Richard Johnson,2025-08-01 14:40,Dine-In,Food,Beef Burger,3,18.39,55.17,Mobile Payment,Juan,13,Friday,Lunch,Less sugar
3071,C193,Richard Johnson,2025-07-13 20:35,Dine-In,Beverage,Green Smoothie,4,18.54,74.16,Mobile Payment,Carlos,11,Sunday,Dinner,Gluten-free
3072,C193,Richard Johnson,2025-12-27 21:05,Delivery,Beverage,Mojito,4,12.34,49.36,Mobile Payment,-,-,Saturday,Dinner,
3073,C193,Richard Johnson,2025-03-08 09:35,Dine-In,Beverage,Mojito,3,14.09,42.27,Mobile Payment,Carlos,18,Saturday,Breakfast,
3074,C193,Richard Johnson,2025-01-25 18:05,Delivery,Beverage,Fresh Orange Juice,3,13.58,40.74,Card,-,-,Saturday,Dinner,Gluten-free
3075,C193,Richard Johnson,2025-01-17 19:30,Takeaway,Food,Beef Burger,4,18.39,73.56,Card,-,-,Friday,Dinner,No onions
3076,C193,Richard Johnson,2025-05-01 21:00,Dine-In,Beverage,Fresh Orange Juice,3,17.42,52.26,Card,Juan,8,Thursday,Dinner,
3077,C193,Richard Johnson,2025-12-01 13:10,Delivery,Food,Sushi Roll,3,16.11,48.33,Mobile Payment,-,-,Monday,Lunch,Gluten-free
3078,C193,Richard Johnson,2025-04-04 09:00,Takeaway,Beverage,Mineral Water,4,18.10,72.40,Card,-,-,Friday,Breakfast,
3079,C193,Richard Johnson,2025-02-22 09:50,Dine-In,Beverage,Iced Tea,4,15.04,60.16,Mobile Payment,Carlos,4,Saturday,Breakfast,
3080,C193,Richard Johnson,2025-03-14 20:15,Dine-In,Beverage,Latte,3,15.21,45.63,Cash,Juan,27,Friday,Dinner,Extra napkins
3081,C193,Richard Johnson,2025-04-10 08:40,Delivery,Beverage,Cappuccino,3,18.61,55.83,Card,-,-,Thursday,Breakfast,Less sugar
3082,C193,Richard Johnson,2025-04-08 12:00,Delivery,Food,Caesar Salad,2,15.45,30.90,Card,-,-,Tuesday,Lunch,
3083,C193,Richard Johnson,2025-07-31 20:05,Dine-In,Food,Margherita Pizza,2,14.30,28.60,Mobile Payment,Juan,17,Thursday,Dinner,No onions
3084,C193,Richard Johnson,2025-10-21 20:50,Delivery,Food,Veggie Sandwich,2,14.13,28.26,Card,-,-,Tuesday,Dinner,
3085,C193,Richard Johnson,2025-01-26 14:00,Dine-In,Beverage,Cappuccino,4,15.50,62.00,Cash,Carlos,10,Sunday,Lunch,
3086,C193,Richard Johnson,2025-05-24 12:45,Dine-In,Food,Caesar Salad,3,19.77,59.31,Card,Ana,28,Saturday,Lunch,Less sugar
3087,C193,Richard Johnson,2025-04-03 18:50,Dine-In,Food,Veggie Sandwich,4,19.38,77.52,Card,Miguel,28,Thursday,Dinner,No onions
3088,C193,Richard Johnson,2025-05-10 14:35,Dine-In,Beverage,Mojito,4,15.75,63.00,Card,Miguel,23,Saturday,Lunch,
3089,C193,Richard Johnson,2025-02-17 09:40,Dine-In,Beverage,Mojito,2,14.28,28.56,Cash,Juan,20,Monday,Breakfast,
3090,C193,Richard Johnson,2025-11-24 13:10,Takeaway,Beverage,Iced Tea,3,16.80,50.40,Cash,-,-,Monday,Lunch,Less sugar
3091,C193,Richard Johnson,2025-04-01 09:15,Dine-In,Beverage,Iced Tea,3,16.68,50.04,Mobile Payment,Juan,20,Tuesday,Breakfast,
3092,C193,Richard Johnson,2025-07-03 09:20,Delivery,Food,Margherita Pizza,4,19.53,78.12,Card,-,-,Thursday,Breakfast,Extra napkins
3093,C193,Richard Johnson,2025-10-16 08:00,Dine-In,Food,Margherita Pizza,4,17.40,69.60,Cash,Juan,29,Thursday,Breakfast,Gluten-free
3094,C193,Richard Johnson,2025-11-15 18:15,Takeaway,Food,Veggie Sandwich,3,19.87,59.61,Mobile Payment,-,-,Saturday,Dinner,
3095,C193,Richard Johnson,2025-09-22 14:30,Dine-In,Beverage,Iced Tea,3,15.02,45.06,Card,Valeria,16,Monday,Lunch,
3096,C193,Richard Johnson,2025-08-12 20:10,Takeaway,Food,Pasta Alfredo,2,14.90,29.80,Card,-,-,Tuesday,Dinner,
3097,C193,Richard Johnson,2025-05-21 12:50,Dine-In,Food,Sushi Roll,2,13.03,26.06,Mobile Payment,Ana,26,Wednesday,Lunch,Extra napkins
3098,C196,Amber Schaefer,2025-11-11 19:50,Delivery,Food,Sushi Roll,3,12.26,36.78,Card,-,-,Tuesday,Dinner,
3099,C196,Amber Schaefer,2025-09-25 21:40,Delivery,Beverage,Cappuccino,2,19.07,38.14,Mobile Payment,-,-,Thursday,Dinner,
3100,C196,Amber Schaefer,2025-07-14 12:05,Delivery,Beverage,Mojito,3,14.09,42.27,Cash,-,-,Monday,Lunch,
3101,C196,Amber Schaefer,2025-06-27 09:15,Dine-In,Beverage,Latte,3,12.39,37.17,Cash,Valeria,20,Friday,Breakfast,
3102,C196,Amber Schaefer,2025-12-02 18:40,Delivery,Food,Caesar Salad,4,12.88,51.52,Mobile Payment,-,-,Tuesday,Dinner,Less sugar
3103,C196,Amber Schaefer,2025-04-07 14:35,Dine-In,Food,Grilled Chicken,2,15.42,30.84,Card,Miguel,27,Monday,Lunch,
3104,C196,Amber Schaefer,2025-08-02 19:10,Dine-In,Beverage,Fresh Orange Juice,3,16.79,50.37,Cash,Miguel,12,Saturday,Dinner,Extra napkins
3105,C196,Amber Schaefer,2025-02-18 14:35,Dine-In,Beverage,Mojito,3,19.74,59.22,Card,Valeria,22,Tuesday,Lunch,Less sugar
3106,C196,Amber Schaefer,2025-03-06 14:00,Dine-In,Beverage,Cappuccino,3,16.76,50.28,Card,Juan,11,Thursday,Lunch,
3107,C196,Amber Schaefer,2025-10-31 12:30,Delivery,Beverage,Cappuccino,4,12.65,50.60,Mobile Payment,-,-,Friday,Lunch,Less sugar
3108,C196,Amber Schaefer,2025-05-19 19:05,Takeaway,Food,Veggie Sandwich,3,13.37,40.11,Card,-,-,Monday,Dinner,No onions
3109,C196,Amber Schaefer,2025-04-03 08:05,Delivery,Beverage,Iced Tea,3,16.66,49.98,Cash,-,-,Thursday,Breakfast,No onions
3110,C196,Amber Schaefer,2025-12-27 19:35,Delivery,Food,Grilled Chicken,3,17.76,53.28,Cash,-,-,Saturday,Dinner,Less sugar
3111,C196,Amber Schaefer,2025-07-01 21:05,Delivery,Food,Pasta Alfredo,3,18.49,55.47,Mobile Payment,-,-,Tuesday,Dinner,Extra napkins
3112,C196,Amber Schaefer,2025-05-08 12:45,Takeaway,Food,Caesar Salad,3,17.44,52.32,Card,-,-,Thursday,Lunch,
3113,C196,Amber Schaefer,2025-11-29 13:15,Delivery,Beverage,Cappuccino,3,13.30,39.90,Mobile Payment,-,-,Saturday,Lunch,Gluten-free
3114,C196,Amber Schaefer,2025-03-14 19:45,Dine-In,Food,Grilled Chicken,3,15.42,46.26,Card,Carlos,21,Friday,Dinner,Gluten-free
3115,C196,Amber Schaefer,2025-12-26 21:35,Dine-In,Food,Margherita Pizza,2,18.94,37.88,Cash,Juan,6,Friday,Dinner,
3116,C196,Amber Schaefer,2025-05-11 19:05,Dine-In,Beverage,Mineral Water,2,13.18,26.36,Card,Miguel,20,Sunday,Dinner,Gluten-free
3117,C196,Amber Schaefer,2025-12-18 12:20,Takeaway,Beverage,Mojito,3,14.14,42.42,Cash,-,-,Thursday,Lunch,Gluten-free
3118,C200,Bruce Bailey,2025-01-18 21:40,Delivery,Beverage,Iced Tea,3,13.54,40.62,Cash,-,-,Saturday,Dinner,Less sugar
3119,C200,Bruce Bailey,2025-02-02 14:05,Dine-In,Food,Margherita Pizza,4,16.36,65.44,Cash,Miguel,21,Sunday,Lunch,No onions
3120,C200,Bruce Bailey,2025-07-17 14:50,Dine-In,Food,Caesar Salad,2,12.88,25.76,Cash,Valeria,7,Thursday,Lunch,No onions
3121,C200,Bruce Bailey,2025-06-05 21:10,Takeaway,Food,Veggie Sandwich,4,19.38,77.52,Card,-,-,Thursday,Dinner,
3122,C200,Bruce Bailey,2025-10-30 19:35,Dine-In,Beverage,Mineral Water,3,12.02,36.06,Card,Miguel,24,Thursday,Dinner,No onions
3123,C200,Bruce Bailey,2025-03-10 09:35,Dine-In,Beverage,Fresh Orange Juice,4,11.87,47.48,Cash,Carlos,8,Monday,Breakfast,
3124,C200,Bruce Bailey,2025-08-20 12:00,Delivery,Beverage,Green Smoothie,4,13.21,52.84,Mobile Payment,-,-,Wednesday,Lunch,Extra napkins
3125,C200,Bruce Bailey,2025-11-24 08:50,Takeaway,Food,Margherita Pizza,3,19.53,58.59,Card,-,-,Monday,Breakfast,Less sugar
3126,C200,Bruce Bailey,2025-04-16 19:40,Dine-In,Beverage,Latte,2,13.90,27.80,Cash,Carlos,2,Wednesday,Dinner,No onions
3127,C200,Bruce Bailey,2025-09-24 14:05,Dine-In,Beverage,Mojito,3,17.24,51.72,Card,Juan,13,Wednesday,Lunch,
3128,C200,Bruce Bailey,2025-12-20 19:10,Takeaway,Food,Sushi Roll,3,13.95,41.85,Cash,-,-,Saturday,Dinner,
3129,C200,Bruce Bailey,2025-03-24 18:40,Takeaway,Beverage,Iced Tea,2,19.82,39.64,Card,-,-,Monday,Dinner,
3130,C200,Bruce Bailey,2025-03-18 18:05,Dine-In,Beverage,Fresh Orange Juice,3,17.49,52.47,Card,Juan,30,Tuesday,Dinner,
3131,C200,Bruce Bailey,2025-06-15 20:10,Delivery,Beverage,Green Smoothie,3,18.30,54.90,Mobile Payment,-,-,Sunday,Dinner,
3132,C200,Bruce Bailey,2025-02-07 09:00,Dine-In,Beverage,Latte,3,17.34,52.02,Mobile Payment,Valeria,18,Friday,Breakfast,
3133,C200,Bruce Bailey,2025-11-20 13:35,Dine-In,Beverage,Mojito,4,19.22,76.88,Card,Ana,6,Thursday,Lunch,Gluten-free
3134,C200,Bruce Bailey,2025-11-25 14:15,Delivery,Food,Veggie Sandwich,3,19.87,59.61,Cash,-,-,Tuesday,Lunch,Extra napkins
3135,C200,Bruce Bailey,2025-03-08 12:20,Delivery,Food,Margherita Pizza,2,16.38,32.76,Card,-,-,Saturday,Lunch,
3136,C200,Bruce Bailey,2025-01-17 18:15,Dine-In,Beverage,Latte,2,15.21,30.42,Mobile Payment,Miguel,1,Friday,Dinner,
3137,C200,Bruce Bailey,2025-02-06 12:00,Dine-In,Beverage,Latte,3,16.14,48.42,Card,Ana,1,Thursday,Lunch,Less sugar
3138,C201,Robin Williams,2025-12-26 12:30,Delivery,Food,Veggie Sandwich,4,19.38,77.52,Cash,-,-,Friday,Lunch,Less sugar
3139,C201,Robin Williams,2025-03-07 18:20,Takeaway,Beverage,Mineral Water,2,18.04,36.08,Cash,-,-,Friday,Dinner,Less sugar
3140,C201,Robin Williams,2025-07-30 12:15,Dine-In,Beverage,Iced Tea,4,19.62,78.48,Cash,Juan,5,Wednesday,Lunch,
3141,C201,Robin Williams,2025-04-30 21:05,Dine-In,Beverage,Fresh Orange Juice,2,16.79,33.58,Card,Valeria,10,Wednesday,Dinner,
3142,C201,Robin Williams,2025-09-25 14:30,Delivery,Beverage,Cappuccino,3,17.14,51.42,Mobile Payment,-,-,Thursday,Lunch,Extra napkins
3143,C201,Robin Williams,2025-11-02 21:20,Delivery,Beverage,Green Smoothie,3,18.21,54.63,Cash,-,-,Sunday,Dinner,
3144,C201,Robin Williams,2025-10-19 21:30,Dine-In,Food,Grilled Chicken,4,12.79,51.16,Cash,Ana,12,Sunday,Dinner,Extra napkins
3145,C201,Robin Williams,2025-06-10 20:30,Dine-In,Beverage,Cappuccino,4,16.65,66.60,Mobile Payment,Valeria,30,Tuesday,Dinner,Extra napkins
3146,C201,Robin Williams,2025-08-04 08:35,Delivery,Beverage,Fresh Orange Juice,2,13.58,27.16,Mobile Payment,-,-,Monday,Breakfast,Less sugar
3147,C201,Robin Williams,2025-01-28 13:35,Takeaway,Beverage,Mineral Water,3,17.32,51.96,Cash,-,-,Tuesday,Lunch,
3148,C201,Robin Williams,2025-05-27 20:35,Dine-In,Food,Caesar Salad,3,16.60,49.80,Cash,Carlos,24,Tuesday,Dinner,No onions
3149,C201,Robin Williams,2025-06-29 20:50,Dine-In,Food,Sushi Roll,3,13.55,40.65,Mobile Payment,Valeria,12,Sunday,Dinner,Extra napkins
3150,C201,Robin Williams,2025-01-23 08:35,Delivery,Beverage,Mineral Water,4,18.04,72.16,Cash,-,-,Thursday,Breakfast,Gluten-free
3151,C201,Robin Williams,2025-04-07 08:30,Dine-In,Food,Veggie Sandwich,2,15.03,30.06,Cash,Valeria,5,Monday,Breakfast,
3152,C201,Robin Williams,2025-04-09 12:40,Takeaway,Food,Margherita Pizza,4,14.30,57.20,Cash,-,-,Wednesday,Lunch,
3153,C201,Robin Williams,2025-08-10 18:00,Dine-In,Beverage,Cappuccino,3,13.51,40.53,Cash,Valeria,30,Sunday,Dinner,
3154,C201,Robin Williams,2025-12-15 21:20,Dine-In,Food,Veggie Sandwich,2,14.91,29.82,Cash,Carlos,23,Monday,Dinner,
3155,C201,Robin Williams,2025-05-02 13:35,Dine-In,Food,Caesar Salad,4,17.78,71.12,Cash,Valeria,1,Friday,Lunch,Extra napkins
3156,C201,Robin Williams,2025-02-09 18:40,Dine-In,Food,Grilled Chicken,2,12.25,24.50,Mobile Payment,Valeria,30,Sunday,Dinner,Gluten-free
3157,C201,Robin Williams,2025-02-22 19:45,Delivery,Beverage,Mojito,4,14.35,57.40,Mobile Payment,-,-,Saturday,Dinner,Extra napkins
3158,C201,Robin Williams,2025-02-01 09:05,Dine-In,Food,Veggie Sandwich,2,13.37,26.74,Cash,Miguel,24,Saturday,Breakfast,Extra napkins
3159,C201,Robin Williams,2025-04-23 12:00,Takeaway,Beverage,Latte,2,18.90,37.80,Card,-,-,Wednesday,Lunch,
3160,C201,Robin Williams,2025-03-03 18:00,Dine-In,Food,Margherita Pizza,4,16.86,67.44,Card,Juan,30,Monday,Dinner,
3161,C201,Robin Williams,2025-04-01 09:40,Dine-In,Food,Sushi Roll,2,15.33,30.66,Cash,Ana,11,Tuesday,Breakfast,
3162,C201,Robin Williams,2025-04-27 20:00,Takeaway,Beverage,Fresh Orange Juice,2,17.79,35.58,Cash,-,-,Sunday,Dinner,Less sugar
3163,C201,Robin Williams,2025-09-05 14:40,Dine-In,Food,Grilled Chicken,3,16.09,48.27,Cash,Juan,4,Friday,Lunch,Less sugar
3164,C201,Robin Williams,2025-11-21 14:20,Takeaway,Food,Sushi Roll,2,18.82,37.64,Card,-,-,Friday,Lunch,No onions
3165,C201,Robin Williams,2025-02-13 12:45,Delivery,Food,Sushi Roll,3,17.53,52.59,Mobile Payment,-,-,Thursday,Lunch,
3166,C201,Robin Williams,2025-12-05 12:45,Dine-In,Beverage,Mineral Water,4,12.88,51.52,Card,Ana,21,Friday,Lunch,Less sugar
3167,C201,Robin Williams,2025-06-11 19:10,Dine-In,Beverage,Iced Tea,2,14.06,28.12,Card,Carlos,6,Wednesday,Dinner,Extra napkins
3168,C201,Robin Williams,2025-09-15 21:15,Dine-In,Food,Pasta Alfredo,3,12.82,38.46,Cash,Valeria,23,Monday,Dinner,No onions
3169,C201,Robin Williams,2025-12-22 18:45,Delivery,Beverage,Fresh Orange Juice,4,15.12,60.48,Mobile Payment,-,-,Monday,Dinner,No onions
3170,C201,Robin Williams,2025-12-06 08:45,Delivery,Beverage,Fresh Orange Juice,4,12.51,50.04,Cash,-,-,Saturday,Breakfast,Less sugar
3171,C201,Robin Williams,2025-10-02 20:30,Delivery,Beverage,Mineral Water,3,17.32,51.96,Cash,-,-,Thursday,Dinner,
3172,C201,Robin Williams,2025-02-27 21:50,Takeaway,Beverage,Iced Tea,2,18.58,37.16,Mobile Payment,-,-,Thursday,Dinner,Extra napkins
3173,C201,Robin Williams,2025-12-01 12:05,Delivery,Beverage,Fresh Orange Juice,4,13.58,54.32,Mobile Payment,-,-,Monday,Lunch,
3174,C201,Robin Williams,2025-12-02 08:05,Takeaway,Food,Caesar Salad,2,11.94,23.88,Card,-,-,Tuesday,Breakfast,Gluten-free
3175,C201,Robin Williams,2025-03-03 13:50,Delivery,Food,Margherita Pizza,4,17.83,71.32,Cash,-,-,Monday,Lunch,
3176,C203,Veronica Henry,2025-04-27 13:05,Dine-In,Beverage,Mojito,2,14.09,28.18,Cash,Carlos,21,Sunday,Lunch,Gluten-free
3177,C203,Veronica Henry,2025-08-29 13:10,Dine-In,Food,Pasta Alfredo,4,14.90,59.60,Mobile Payment,Miguel,27,Friday,Lunch,
3178,C203,Veronica Henry,2025-05-14 21:05,Dine-In,Beverage,Latte,4,16.97,67.88,Mobile Payment,Carlos,11,Wednesday,Dinner,
3179,C203,Veronica Henry,2025-11-19 21:40,Dine-In,Food,Beef Burger,3,19.39,58.17,Mobile Payment,Juan,29,Wednesday,Dinner,
3180,C203,Veronica Henry,2025-07-02 12:30,Delivery,Beverage,Mineral Water,4,13.13,52.52,Mobile Payment,-,-,Wednesday,Lunch,No onions
3181,C203,Veronica Henry,2025-06-20 20:20,Delivery,Beverage,Green Smoothie,4,12.08,48.32,Mobile Payment,-,-,Friday,Dinner,
3182,C203,Veronica Henry,2025-02-20 13:10,Dine-In,Food,Sushi Roll,4,13.55,54.20,Cash,Juan,22,Thursday,Lunch,Gluten-free
3183,C203,Veronica Henry,2025-01-20 14:30,Takeaway,Food,Veggie Sandwich,3,17.83,53.49,Cash,-,-,Monday,Lunch,Extra napkins
3184,C203,Veronica Henry,2025-03-28 18:15,Dine-In,Beverage,Green Smoothie,2,16.92,33.84,Mobile Payment,Juan,28,Friday,Dinner,No onions
3185,C203,Veronica Henry,2025-10-18 21:05,Delivery,Food,Sushi Roll,4,13.55,54.20,Mobile Payment,-,-,Saturday,Dinner,Extra napkins
3186,C203,Veronica Henry,2025-12-08 18:20,Takeaway,Food,Margherita Pizza,3,19.24,57.72,Mobile Payment,-,-,Monday,Dinner,Extra napkins
3187,C203,Veronica Henry,2025-02-21 14:30,Takeaway,Food,Veggie Sandwich,4,12.53,50.12,Card,-,-,Friday,Lunch,
3188,C203,Veronica Henry,2025-09-03 12:15,Delivery,Food,Margherita Pizza,2,19.24,38.48,Card,-,-,Wednesday,Lunch,
3189,C203,Veronica Henry,2025-03-31 13:45,Dine-In,Food,Sushi Roll,4,13.55,54.20,Mobile Payment,Carlos,13,Monday,Lunch,
3190,C203,Veronica Henry,2025-03-03 19:40,Delivery,Food,Pasta Alfredo,4,14.52,58.08,Cash,-,-,Monday,Dinner,
3191,C203,Veronica Henry,2025-08-03 12:40,Dine-In,Beverage,Fresh Orange Juice,2,12.17,24.34,Cash,Juan,16,Sunday,Lunch,Less sugar
3192,C203,Veronica Henry,2025-04-08 20:45,Delivery,Food,Margherita Pizza,4,19.24,76.96,Cash,-,-,Tuesday,Dinner,
3193,C203,Veronica Henry,2025-06-01 19:50,Dine-In,Beverage,Mineral Water,2,18.10,36.20,Cash,Ana,6,Sunday,Dinner,No onions
3194,C205,Scott Villegas,2025-01-09 08:00,Dine-In,Food,Caesar Salad,4,16.82,67.28,Card,Ana,5,Thursday,Breakfast,Extra napkins
3195,C205,Scott Villegas,2025-04-17 09:20,Dine-In,Food,Margherita Pizza,4,17.48,69.92,Card,Carlos,30,Thursday,Breakfast,
3196,C205,Scott Villegas,2025-12-13 21:35,Takeaway,Food,Caesar Salad,4,12.40,49.60,Mobile Payment,-,-,Saturday,Dinner,Extra napkins
3197,C205,Scott Villegas,2025-06-12 20:45,Dine-In,Beverage,Fresh Orange Juice,2,12.37,24.74,Mobile Payment,Ana,22,Thursday,Dinner,Less sugar
3198,C205,Scott Villegas,2025-11-03 18:40,Takeaway,Beverage,Mojito,3,15.65,46.95,Mobile Payment,-,-,Monday,Dinner,Less sugar
3199,C205,Scott Villegas,2025-02-18 21:50,Takeaway,Food,Margherita Pizza,2,17.83,35.66,Cash,-,-,Tuesday,Dinner,
3200,C205,Scott Villegas,2025-05-11 18:05,Dine-In,Beverage,Green Smoothie,3,18.21,54.63,Cash,Ana,30,Sunday,Dinner,Extra napkins
3201,C205,Scott Villegas,2025-10-12 08:00,Delivery,Beverage,Mojito,4,19.74,78.96,Cash,-,-,Sunday,Breakfast,Less sugar
3202,C205,Scott Villegas,2025-08-30 21:10,Dine-In,Food,Veggie Sandwich,4,12.31,49.24,Card,Valeria,23,Saturday,Dinner,Less sugar
3203,C205,Scott Villegas,2025-03-08 13:05,Dine-In,Food,Grilled Chicken,2,12.25,24.50,Card,Carlos,30,Saturday,Lunch,
3204,C205,Scott Villegas,2025-07-15 20:35,Dine-In,Food,Caesar Salad,3,11.94,35.82,Card,Miguel,10,Tuesday,Dinner,Less sugar
3205,C205,Scott Villegas,2025-10-08 21:40,Delivery,Food,Grilled Chicken,3,12.64,37.92,Mobile Payment,-,-,Wednesday,Dinner,
3206,C205,Scott Villegas,2025-03-29 18:15,Dine-In,Beverage,Iced Tea,4,19.74,78.96,Cash,Valeria,19,Saturday,Dinner,
3207,C205,Scott Villegas,2025-07-30 19:20,Delivery,Food,Caesar Salad,3,15.64,46.92,Cash,-,-,Wednesday,Dinner,No onions
3208,C205,Scott Villegas,2025-08-23 21:30,Delivery,Food,Margherita Pizza,4,16.38,65.52,Mobile Payment,-,-,Saturday,Dinner,
3209,C205,Scott Villegas,2025-10-27 13:30,Delivery,Food,Beef Burger,2,19.88,39.76,Cash,-,-,Monday,Lunch,
3210,C205,Scott Villegas,2025-06-29 14:15,Delivery,Food,Veggie Sandwich,4,15.03,60.12,Mobile Payment,-,-,Sunday,Lunch,Less sugar
3211,C205,Scott Villegas,2025-08-29 13:30,Takeaway,Food,Margherita Pizza,2,17.83,35.66,Mobile Payment,-,-,Friday,Lunch,No onions
3212,C207,Jose Friedman,2025-08-20 20:10,Delivery,Food,Caesar Salad,4,17.39,69.56,Card,-,-,Wednesday,Dinner,Extra napkins
3213,C207,Jose Friedman,2025-10-12 21:10,Delivery,Beverage,Iced Tea,2,17.44,34.88,Mobile Payment,-,-,Sunday,Dinner,
3214,C207,Jose Friedman,2025-12-05 21:40,Dine-In,Beverage,Iced Tea,4,14.06,56.24,Mobile Payment,Valeria,2,Friday,Dinner,
3215,C207,Jose Friedman,2025-04-08 09:30,Delivery,Food,Sushi Roll,4,11.82,47.28,Card,-,-,Tuesday,Breakfast,No onions
3216,C207,Jose Friedman,2025-05-28 14:15,Takeaway,Food,Veggie Sandwich,4,12.31,49.24,Card,-,-,Wednesday,Lunch,
3217,C207,Jose Friedman,2025-09-20 12:00,Dine-In,Food,Beef Burger,4,12.77,51.08,Card,Carlos,4,Saturday,Lunch,
3218,C207,Jose Friedman,2025-03-22 20:00,Delivery,Food,Margherita Pizza,4,15.66,62.64,Card,-,-,Saturday,Dinner,Less sugar
3219,C207,Jose Friedman,2025-07-13 18:40,Delivery,Food,Caesar Salad,4,15.45,61.80,Cash,-,-,Sunday,Dinner,No onions
3220,C207,Jose Friedman,2025-06-14 09:50,Delivery,Beverage,Mojito,3,17.63,52.89,Cash,-,-,Saturday,Breakfast,Gluten-free
3221,C207,Jose Friedman,2025-11-06 21:50,Dine-In,Beverage,Green Smoothie,4,12.08,48.32,Card,Juan,26,Thursday,Dinner,Gluten-free
3222,C207,Jose Friedman,2025-01-31 08:00,Dine-In,Food,Sushi Roll,3,13.95,41.85,Card,Carlos,5,Friday,Breakfast,Less sugar
3223,C207,Jose Friedman,2025-03-29 19:30,Delivery,Beverage,Fresh Orange Juice,4,11.87,47.48,Card,-,-,Saturday,Dinner,Gluten-free
3224,C207,Jose Friedman,2025-09-04 18:05,Takeaway,Beverage,Latte,4,13.80,55.20,Card,-,-,Thursday,Dinner,
3225,C207,Jose Friedman,2025-06-09 19:10,Takeaway,Beverage,Latte,2,12.39,24.78,Cash,-,-,Monday,Dinner,Less sugar
3226,C207,Jose Friedman,2025-04-23 20:40,Dine-In,Food,Veggie Sandwich,2,14.91,29.82,Cash,Valeria,12,Wednesday,Dinner,Less sugar
3227,C207,Jose Friedman,2025-07-06 13:10,Delivery,Beverage,Iced Tea,3,12.67,38.01,Card,-,-,Sunday,Lunch,Less sugar
3228,C207,Jose Friedman,2025-01-14 20:05,Dine-In,Food,Veggie Sandwich,4,13.51,54.04,Card,Juan,25,Tuesday,Dinner,
3229,C207,Jose Friedman,2025-11-07 21:40,Delivery,Beverage,Cappuccino,3,18.67,56.01,Cash,-,-,Friday,Dinner,
3230,C207,Jose Friedman,2025-06-05 18:35,Takeaway,Food,Grilled Chicken,4,18.13,72.52,Card,-,-,Thursday,Dinner,Less sugar
3231,C207,Jose Friedman,2025-01-10 20:45,Dine-In,Food,Pasta Alfredo,2,14.90,29.80,Cash,Miguel,11,Friday,Dinner,
3232,C207,Jose Friedman,2025-08-05 09:15,Takeaway,Food,Grilled Chicken,4,19.41,77.64,Card,-,-,Tuesday,Breakfast,
3233,C207,Jose Friedman,2025-11-12 12:05,Delivery,Beverage,Latte,4,13.90,55.60,Mobile Payment,-,-,Wednesday,Lunch,Gluten-free
3234,C207,Jose Friedman,2025-02-20 18:05,Dine-In,Beverage,Mojito,3,12.34,37.02,Card,Valeria,22,Thursday,Dinner,Extra napkins
3235,C207,Jose Friedman,2025-11-28 09:30,Takeaway,Beverage,Fresh Orange Juice,3,12.37,37.11,Card,-,-,Friday,Breakfast,Less sugar
3236,C213,Gina Daniels,2025-05-30 09:40,Delivery,Food,Grilled Chicken,4,12.79,51.16,Mobile Payment,-,-,Friday,Breakfast,
3237,C213,Gina Daniels,2025-04-14 08:00,Dine-In,Food,Margherita Pizza,4,13.39,53.56,Mobile Payment,Carlos,10,Monday,Breakfast,No onions
3238,C213,Gina Daniels,2025-07-02 08:45,Delivery,Food,Beef Burger,2,19.66,39.32,Cash,-,-,Wednesday,Breakfast,
3239,C213,Gina Daniels,2025-03-04 18:10,Dine-In,Food,Sushi Roll,2,13.03,26.06,Card,Miguel,23,Tuesday,Dinner,
3240,C213,Gina Daniels,2025-01-16 12:05,Dine-In,Beverage,Iced Tea,2,18.58,37.16,Card,Ana,25,Thursday,Lunch,
3241,C213,Gina Daniels,2025-06-03 14:00,Dine-In,Food,Caesar Salad,4,17.39,69.56,Cash,Ana,6,Tuesday,Lunch,
3242,C213,Gina Daniels,2025-12-11 19:00,Dine-In,Beverage,Fresh Orange Juice,2,15.12,30.24,Cash,Miguel,2,Thursday,Dinner,
3243,C213,Gina Daniels,2025-11-03 18:10,Dine-In,Beverage,Latte,4,16.97,67.88,Mobile Payment,Ana,28,Monday,Dinner,
3244,C213,Gina Daniels,2025-10-06 18:35,Dine-In,Food,Grilled Chicken,3,12.72,38.16,Cash,Ana,11,Monday,Dinner,
3245,C213,Gina Daniels,2025-08-19 08:20,Takeaway,Food,Grilled Chicken,2,13.75,27.50,Mobile Payment,-,-,Tuesday,Breakfast,Gluten-free
3246,C213,Gina Daniels,2025-02-21 20:20,Delivery,Beverage,Green Smoothie,4,16.92,67.68,Cash,-,-,Friday,Dinner,No onions
3247,C213,Gina Daniels,2025-09-09 09:35,Delivery,Beverage,Mojito,3,17.24,51.72,Mobile Payment,-,-,Tuesday,Breakfast,Gluten-free
3248,C213,Gina Daniels,2025-08-16 08:00,Delivery,Beverage,Cappuccino,2,15.50,31.00,Cash,-,-,Saturday,Breakfast,Gluten-free
3249,C213,Gina Daniels,2025-09-28 19:15,Dine-In,Food,Caesar Salad,2,15.92,31.84,Card,Valeria,21,Sunday,Dinner,No onions
3250,C213,Gina Daniels,2025-03-21 09:50,Takeaway,Beverage,Green Smoothie,2,18.21,36.42,Cash,-,-,Friday,Breakfast,Gluten-free
3251,C213,Gina Daniels,2025-11-04 12:50,Delivery,Beverage,Cappuccino,4,16.76,67.04,Mobile Payment,-,-,Tuesday,Lunch,
3252,C213,Gina Daniels,2025-01-07 18:50,Delivery,Beverage,Iced Tea,2,16.68,33.36,Mobile Payment,-,-,Tuesday,Dinner,
3253,C213,Gina Daniels,2025-07-29 20:05,Dine-In,Beverage,Mineral Water,2,18.04,36.08,Mobile Payment,Carlos,18,Tuesday,Dinner,
3254,C225,Samantha Montgomery,2025-04-22 20:10,Takeaway,Beverage,Mojito,4,19.22,76.88,Card,-,-,Tuesday,Dinner,Less sugar
3255,C225,Samantha Montgomery,2025-07-11 09:15,Takeaway,Beverage,Latte,4,15.13,60.52,Mobile Payment,-,-,Friday,Breakfast,
3256,C225,Samantha Montgomery,2025-05-18 20:00,Delivery,Beverage,Cappuccino,3,16.65,49.95,Cash,-,-,Sunday,Dinner,
3257,C225,Samantha Montgomery,2025-03-03 14:10,Dine-In,Food,Caesar Salad,2,15.45,30.90,Cash,Juan,1,Monday,Lunch,Less sugar
3258,C225,Samantha Montgomery,2025-10-31 19:40,Dine-In,Beverage,Latte,2,18.79,37.58,Mobile Payment,Carlos,8,Friday,Dinner,
3259,C225,Samantha Montgomery,2025-02-06 21:15,Takeaway,Food,Grilled Chicken,2,15.37,30.74,Card,-,-,Thursday,Dinner,
3260,C225,Samantha Montgomery,2025-11-20 18:35,Dine-In,Food,Sushi Roll,2,12.86,25.72,Mobile Payment,Ana,22,Thursday,Dinner,Less sugar
3261,C225,Samantha Montgomery,2025-09-18 09:40,Takeaway,Food,Margherita Pizza,4,18.94,75.76,Mobile Payment,-,-,Thursday,Breakfast,
3262,C225,Samantha Montgomery,2025-06-05 19:35,Dine-In,Beverage,Iced Tea,2,14.06,28.12,Cash,Ana,5,Thursday,Dinner,Less sugar
3263,C225,Samantha Montgomery,2025-12-23 12:05,Delivery,Beverage,Cappuccino,3,15.80,47.40,Card,-,-,Tuesday,Lunch,No onions
3264,C225,Samantha Montgomery,2025-08-02 08:40,Takeaway,Food,Pasta Alfredo,3,14.52,43.56,Card,-,-,Saturday,Breakfast,Gluten-free
3265,C225,Samantha Montgomery,2025-04-07 20:05,Dine-In,Beverage,Cappuccino,4,17.14,68.56,Cash,Carlos,18,Monday,Dinner,No onions
3266,C225,Samantha Montgomery,2025-10-06 12:30,Dine-In,Beverage,Cappuccino,4,15.80,63.20,Cash,Carlos,25,Monday,Lunch,Less sugar
3267,C225,Samantha Montgomery,2025-03-12 18:45,Dine-In,Beverage,Latte,2,16.14,32.28,Mobile Payment,Juan,19,Wednesday,Dinner,
3268,C225,Samantha Montgomery,2025-09-29 09:30,Takeaway,Food,Margherita Pizza,3,13.78,41.34,Card,-,-,Monday,Breakfast,
3269,C225,Samantha Montgomery,2025-04-03 19:40,Delivery,Food,Grilled Chicken,4,15.30,61.20,Card,-,-,Thursday,Dinner,
3270,C225,Samantha Montgomery,2025-07-20 08:00,Takeaway,Food,Sushi Roll,4,12.11,48.44,Card,-,-,Sunday,Breakfast,Extra napkins
3271,C225,Samantha Montgomery,2025-02-24 20:20,Takeaway,Beverage,Cappuccino,2,14.18,28.36,Mobile Payment,-,-,Monday,Dinner,Gluten-free
3272,C227,David Brown,2025-06-03 21:45,Dine-In,Beverage,Mojito,3,14.37,43.11,Cash,Carlos,21,Tuesday,Dinner,
3273,C227,David Brown,2025-01-13 19:50,Takeaway,Beverage,Green Smoothie,2,18.21,36.42,Cash,-,-,Monday,Dinner,
3274,C227,David Brown,2025-12-12 08:20,Dine-In,Beverage,Mojito,4,17.63,70.52,Mobile Payment,Ana,17,Friday,Breakfast,
3275,C227,David Brown,2025-07-19 21:35,Delivery,Beverage,Green Smoothie,3,13.21,39.63,Mobile Payment,-,-,Saturday,Dinner,Less sugar
3276,C227,David Brown,2025-02-13 20:35,Dine-In,Food,Sushi Roll,3,12.86,38.58,Card,Miguel,18,Thursday,Dinner,Extra napkins
3277,C227,David Brown,2025-09-27 09:40,Takeaway,Food,Margherita Pizza,2,18.80,37.60,Cash,-,-,Saturday,Breakfast,No onions
3278,C227,David Brown,2025-05-11 18:15,Delivery,Beverage,Cappuccino,4,12.28,49.12,Cash,-,-,Sunday,Dinner,
3279,C227,David Brown,2025-11-09 20:15,Dine-In,Beverage,Cappuccino,4,16.29,65.16,Card,Juan,22,Sunday,Dinner,
3280,C227,David Brown,2025-10-10 08:15,Delivery,Beverage,Mojito,3,14.14,42.42,Cash,-,-,Friday,Breakfast,No onions
3281,C227,David Brown,2025-03-31 13:45,Dine-In,Food,Sushi Roll,2,13.95,27.90,Card,Juan,3,Monday,Lunch,
3282,C227,David Brown,2025-04-13 13:40,Dine-In,Beverage,Cappuccino,2,13.68,27.36,Cash,Miguel,13,Sunday,Lunch,
3283,C227,David Brown,2025-10-16 19:20,Dine-In,Beverage,Mineral Water,3,18.46,55.38,Mobile Payment,Carlos,17,Thursday,Dinner,Extra napkins
3284,C227,David Brown,2025-08-13 12:15,Dine-In,Beverage,Fresh Orange Juice,3,17.79,53.37,Cash,Juan,22,Wednesday,Lunch,
3285,C227,David Brown,2025-09-12 14:20,Delivery,Beverage,Fresh Orange Juice,2,17.42,34.84,Mobile Payment,-,-,Friday,Lunch,Less sugar
3286,C227,David Brown,2025-09-21 12:35,Delivery,Beverage,Iced Tea,3,15.04,45.12,Card,-,-,Sunday,Lunch,Extra napkins
3287,C227,David Brown,2025-08-14 19:35,Dine-In,Food,Margherita Pizza,4,19.21,76.84,Mobile Payment,Juan,7,Thursday,Dinner,Extra napkins
3288,C227,David Brown,2025-06-16 08:45,Delivery,Beverage,Iced Tea,3,14.06,42.18,Mobile Payment,-,-,Monday,Breakfast,Extra napkins
3289,C227,David Brown,2025-11-15 20:05,Dine-In,Beverage,Latte,3,18.90,56.70,Mobile Payment,Juan,20,Saturday,Dinner,No onions
3290,C227,David Brown,2025-10-11 13:35,Takeaway,Beverage,Latte,2,18.06,36.12,Cash,-,-,Saturday,Lunch,
3291,C227,David Brown,2025-12-19 20:05,Dine-In,Food,Margherita Pizza,3,18.74,56.22,Mobile Payment,Miguel,6,Friday,Dinner,
3292,C230,Anthony Wilkinson,2025-01-27 19:20,Dine-In,Food,Pasta Alfredo,4,14.11,56.44,Card,Juan,2,Monday,Dinner,
3293,C230,Anthony Wilkinson,2025-05-16 14:45,Dine-In,Beverage,Green Smoothie,3,16.92,50.76,Card,Valeria,1,Friday,Lunch,Gluten-free
3294,C230,Anthony Wilkinson,2025-08-06 12:20,Dine-In,Beverage,Iced Tea,2,15.81,31.62,Mobile Payment,Carlos,16,Wednesday,Lunch,Extra napkins
3295,C230,Anthony Wilkinson,2025-07-13 20:15,Takeaway,Food,Margherita Pizza,3,13.78,41.34,Mobile Payment,-,-,Sunday,Dinner,
3296,C230,Anthony Wilkinson,2025-09-09 21:20,Dine-In,Beverage,Fresh Orange Juice,2,16.79,33.58,Mobile Payment,Carlos,13,Tuesday,Dinner,No onions
3297,C230,Anthony Wilkinson,2025-03-28 14:05,Dine-In,Food,Pasta Alfredo,2,15.56,31.12,Mobile Payment,Miguel,5,Friday,Lunch,
3298,C230,Anthony Wilkinson,2025-11-28 20:45,Dine-In,Beverage,Cappuccino,2,19.33,38.66,Card,Juan,28,Friday,Dinner,Gluten-free
3299,C230,Anthony Wilkinson,2025-04-22 14:40,Dine-In,Food,Pasta Alfredo,3,14.52,43.56,Mobile Payment,Miguel,29,Tuesday,Lunch,No onions
3300,C230,Anthony Wilkinson,2025-12-29 19:10,Takeaway,Beverage,Mineral Water,4,13.96,55.84,Card,-,-,Monday,Dinner,
3301,C230,Anthony Wilkinson,2025-10-21 20:35,Dine-In,Beverage,Latte,4,17.87,71.48,Card,Ana,19,Tuesday,Dinner,No onions
3302,C230,Anthony Wilkinson,2025-02-18 19:00,Dine-In,Beverage,Latte,2,18.79,37.58,Mobile Payment,Miguel,4,Tuesday,Dinner,Extra napkins
3303,C230,Anthony Wilkinson,2025-01-19 13:15,Dine-In,Food,Veggie Sandwich,2,19.38,38.76,Card,Ana,13,Sunday,Lunch,Less sugar
3304,C230,Anthony Wilkinson,2025-09-28 08:05,Takeaway,Beverage,Fresh Orange Juice,2,16.95,33.90,Card,-,-,Sunday,Breakfast,No onions
3305,C230,Anthony Wilkinson,2025-02-19 20:40,Dine-In,Food,Veggie Sandwich,2,19.38,38.76,Cash,Miguel,3,Wednesday,Dinner,Gluten-free
3306,C230,Anthony Wilkinson,2025-11-05 13:45,Delivery,Food,Pasta Alfredo,4,19.01,76.04,Cash,-,-,Wednesday,Lunch,Less sugar
3307,C230,Anthony Wilkinson,2025-01-30 19:15,Takeaway,Beverage,Cappuccino,3,12.04,36.12,Mobile Payment,-,-,Thursday,Dinner,Gluten-free
3308,C230,Anthony Wilkinson,2025-08-16 14:35,Dine-In,Beverage,Cappuccino,2,16.29,32.58,Mobile Payment,Carlos,25,Saturday,Lunch,No onions
3309,C230,Anthony Wilkinson,2025-04-26 21:50,Takeaway,Food,Grilled Chicken,4,15.37,61.48,Card,-,-,Saturday,Dinner,
3310,C230,Anthony Wilkinson,2025-08-23 12:10,Delivery,Food,Pasta Alfredo,4,15.89,63.56,Mobile Payment,-,-,Saturday,Lunch,Gluten-free
3311,C230,Anthony Wilkinson,2025-09-02 20:05,Takeaway,Beverage,Fresh Orange Juice,4,12.37,49.48,Mobile Payment,-,-,Tuesday,Dinner,Less sugar
3312,C230,Anthony Wilkinson,2025-10-13 13:35,Takeaway,Food,Caesar Salad,3,15.45,46.35,Cash,-,-,Monday,Lunch,Gluten-free
3313,C230,Anthony Wilkinson,2025-08-02 08:35,Dine-In,Food,Grilled Chicken,2,17.76,35.52,Card,Ana,9,Saturday,Breakfast,
3314,C230,Anthony Wilkinson,2025-11-11 18:00,Dine-In,Food,Caesar Salad,4,17.39,69.56,Mobile Payment,Carlos,1,Tuesday,Dinner,Gluten-free
3315,C230,Anthony Wilkinson,2025-05-09 19:20,Dine-In,Beverage,Mineral Water,2,18.10,36.20,Mobile Payment,Carlos,28,Friday,Dinner,No onions
3316,C230,Anthony Wilkinson,2025-04-25 12:45,Dine-In,Beverage,Mineral Water,4,18.10,72.40,Card,Ana,23,Friday,Lunch,
3317,C230,Anthony Wilkinson,2025-12-29 19:50,Dine-In,Beverage,Cappuccino,2,13.51,27.02,Card,Miguel,24,Monday,Dinner,
3318,C230,Anthony Wilkinson,2025-07-17 12:45,Delivery,Beverage,Cappuccino,4,12.28,49.12,Card,-,-,Thursday,Lunch,Less sugar
3319,C230,Anthony Wilkinson,2025-10-24 18:05,Delivery,Food,Caesar Salad,4,12.54,50.16,Card,-,-,Friday,Dinner,
3320,C230,Anthony Wilkinson,2025-01-25 09:45,Dine-In,Food,Sushi Roll,4,11.82,47.28,Mobile Payment,Miguel,22,Saturday,Breakfast,Extra napkins
3321,C230,Anthony Wilkinson,2025-08-30 13:50,Takeaway,Beverage,Cappuccino,3,13.68,41.04,Mobile Payment,-,-,Saturday,Lunch,
3322,C230,Anthony Wilkinson,2025-03-08 21:05,Dine-In,Food,Pasta Alfredo,4,12.82,51.28,Mobile Payment,Ana,1,Saturday,Dinner,
3323,C230,Anthony Wilkinson,2025-12-15 13:40,Dine-In,Beverage,Cappuccino,4,17.14,68.56,Card,Carlos,3,Monday,Lunch,
3324,C230,Anthony Wilkinson,2025-06-27 09:40,Dine-In,Beverage,Latte,4,18.90,75.60,Cash,Valeria,22,Friday,Breakfast,
3325,C230,Anthony Wilkinson,2025-01-27 09:40,Delivery,Beverage,Iced Tea,2,15.81,31.62,Mobile Payment,-,-,Monday,Breakfast,Less sugar
3326,C230,Anthony Wilkinson,2025-02-26 08:50,Takeaway,Beverage,Mineral Water,4,18.97,75.88,Cash,-,-,Wednesday,Breakfast,Less sugar
3327,C230,Anthony Wilkinson,2025-09-29 21:00,Dine-In,Food,Caesar Salad,4,15.92,63.68,Mobile Payment,Valeria,23,Monday,Dinner,
3328,C230,Anthony Wilkinson,2025-10-17 21:05,Dine-In,Beverage,Fresh Orange Juice,4,17.79,71.16,Cash,Valeria,28,Friday,Dinner,Gluten-free
3329,C230,Anthony Wilkinson,2025-05-10 12:45,Dine-In,Food,Caesar Salad,3,12.88,38.64,Card,Valeria,18,Saturday,Lunch,
3330,C230,Anthony Wilkinson,2025-04-04 12:15,Dine-In,Food,Margherita Pizza,2,12.33,24.66,Card,Juan,18,Friday,Lunch,
3331,C230,Anthony Wilkinson,2025-03-07 19:45,Dine-In,Food,Grilled Chicken,4,16.09,64.36,Card,Ana,5,Friday,Dinner,Gluten-free
3332,C230,Anthony Wilkinson,2025-09-04 14:10,Takeaway,Beverage,Cappuccino,4,13.51,54.04,Card,-,-,Thursday,Lunch,Extra napkins
3333,C241,Matthew Lutz II,2025-03-28 13:50,Dine-In,Beverage,Iced Tea,2,17.44,34.88,Card,Valeria,3,Friday,Lunch,
3334,C241,Matthew Lutz II,2025-01-03 21:00,Dine-In,Beverage,Fresh Orange Juice,4,12.51,50.04,Cash,Carlos,11,Friday,Dinner,
3335,C241,Matthew Lutz II,2025-12-07 12:15,Dine-In,Food,Grilled Chicken,2,17.76,35.52,Mobile Payment,Valeria,12,Sunday,Lunch,Gluten-free
3336,C241,Matthew Lutz II,2025-10-17 18:45,Takeaway,Beverage,Fresh Orange Juice,4,15.12,60.48,Mobile Payment,-,-,Friday,Dinner,Gluten-free
3337,C241,Matthew Lutz II,2025-09-07 12:40,Delivery,Food,Grilled Chicken,3,12.64,37.92,Mobile Payment,-,-,Sunday,Lunch,Less sugar
3338,C241,Matthew Lutz II,2025-07-05 09:05,Delivery,Food,Margherita Pizza,4,17.95,71.80,Cash,-,-,Saturday,Breakfast,No onions
3339,C241,Matthew Lutz II,2025-02-08 13:30,Dine-In,Food,Sushi Roll,3,18.95,56.85,Mobile Payment,Valeria,2,Saturday,Lunch,
3340,C241,Matthew Lutz II,2025-04-14 14:40,Takeaway,Food,Pasta Alfredo,2,14.30,28.60,Mobile Payment,-,-,Monday,Lunch,No onions
3341,C241,Matthew Lutz II,2025-11-20 20:35,Delivery,Food,Pasta Alfredo,4,18.49,73.96,Cash,-,-,Thursday,Dinner,Less sugar
3342,C241,Matthew Lutz II,2025-05-27 09:15,Dine-In,Food,Veggie Sandwich,2,15.38,30.76,Card,Miguel,9,Tuesday,Breakfast,Extra napkins
3343,C241,Matthew Lutz II,2025-08-07 12:30,Dine-In,Beverage,Fresh Orange Juice,4,15.12,60.48,Mobile Payment,Valeria,28,Thursday,Lunch,Extra napkins
3344,C241,Matthew Lutz II,2025-11-22 21:15,Dine-In,Beverage,Iced Tea,4,17.07,68.28,Cash,Miguel,5,Saturday,Dinner,Extra napkins
3345,C241,Matthew Lutz II,2025-04-26 21:40,Delivery,Beverage,Cappuccino,4,17.14,68.56,Mobile Payment,-,-,Saturday,Dinner,
3346,C241,Matthew Lutz II,2025-10-29 14:15,Takeaway,Food,Veggie Sandwich,3,19.40,58.20,Cash,-,-,Wednesday,Lunch,
3347,C241,Matthew Lutz II,2025-09-28 13:30,Delivery,Beverage,Latte,2,18.79,37.58,Cash,-,-,Sunday,Lunch,
3348,C241,Matthew Lutz II,2025-07-26 19:35,Delivery,Food,Margherita Pizza,2,17.83,35.66,Mobile Payment,-,-,Saturday,Dinner,Less sugar
3349,C241,Matthew Lutz II,2025-02-09 14:45,Delivery,Beverage,Green Smoothie,3,17.26,51.78,Mobile Payment,-,-,Sunday,Lunch,Less sugar
3350,C241,Matthew Lutz II,2025-03-22 21:40,Dine-In,Beverage,Mojito,2,16.37,32.74,Mobile Payment,Valeria,13,Saturday,Dinner,Less sugar
3351,C241,Matthew Lutz II,2025-12-18 19:05,Dine-In,Beverage,Latte,4,17.87,71.48,Mobile Payment,Valeria,23,Thursday,Dinner,No onions
3352,C241,Matthew Lutz II,2025-12-13 08:30,Dine-In,Food,Margherita Pizza,2,19.24,38.48,Cash,Juan,26,Saturday,Breakfast,
3353,C241,Matthew Lutz II,2025-05-25 20:05,Takeaway,Beverage,Mojito,3,16.67,50.01,Mobile Payment,-,-,Sunday,Dinner,No onions
3354,C241,Matthew Lutz II,2025-10-03 18:00,Delivery,Beverage,Cappuccino,4,18.67,74.68,Mobile Payment,-,-,Friday,Dinner,
3355,C241,Matthew Lutz II,2025-11-21 08:05,Dine-In,Food,Sushi Roll,4,13.67,54.68,Mobile Payment,Miguel,21,Friday,Breakfast,
3356,C241,Matthew Lutz II,2025-07-28 21:05,Dine-In,Food,Grilled Chicken,4,16.09,64.36,Mobile Payment,Juan,21,Monday,Dinner,
3357,C241,Matthew Lutz II,2025-12-04 08:35,Dine-In,Beverage,Cappuccino,3,15.80,47.40,Card,Valeria,22,Thursday,Breakfast,
3358,C241,Matthew Lutz II,2025-07-10 09:30,Dine-In,Food,Caesar Salad,4,15.08,60.32,Cash,Valeria,4,Thursday,Breakfast,Extra napkins
3359,C241,Matthew Lutz II,2025-08-30 20:35,Delivery,Beverage,Cappuccino,4,13.46,53.84,Card,-,-,Saturday,Dinner,Gluten-free
3360,C241,Matthew Lutz II,2025-10-28 08:15,Delivery,Food,Sushi Roll,3,17.14,51.42,Cash,-,-,Tuesday,Breakfast,Less sugar
3361,C241,Matthew Lutz II,2025-06-21 13:00,Delivery,Food,Caesar Salad,3,19.32,57.96,Mobile Payment,-,-,Saturday,Lunch,
3362,C241,Matthew Lutz II,2025-02-19 09:50,Takeaway,Beverage,Fresh Orange Juice,3,13.58,40.74,Card,-,-,Wednesday,Breakfast,Gluten-free
3363,C241,Matthew Lutz II,2025-12-22 20:45,Dine-In,Beverage,Iced Tea,4,12.45,49.80,Mobile Payment,Valeria,12,Monday,Dinner,
3364,C241,Matthew Lutz II,2025-09-24 20:50,Delivery,Beverage,Cappuccino,2,15.50,31.00,Card,-,-,Wednesday,Dinner,Less sugar
3365,C241,Matthew Lutz II,2025-02-02 08:15,Dine-In,Food,Sushi Roll,3,13.20,39.60,Mobile Payment,Carlos,19,Sunday,Breakfast,
3366,C241,Matthew Lutz II,2025-05-06 14:45,Dine-In,Food,Pasta Alfredo,2,18.53,37.06,Mobile Payment,Juan,4,Tuesday,Lunch,Less sugar
3367,C241,Matthew Lutz II,2025-02-24 08:05,Takeaway,Beverage,Cappuccino,2,16.76,33.52,Cash,-,-,Monday,Breakfast,No onions
3368,C241,Matthew Lutz II,2025-03-21 20:35,Dine-In,Food,Pasta Alfredo,2,14.11,28.22,Card,Carlos,16,Friday,Dinner,
3369,C241,Matthew Lutz II,2025-12-11 08:20,Dine-In,Beverage,Latte,2,14.89,29.78,Card,Carlos,17,Thursday,Breakfast,
3370,C241,Matthew Lutz II,2025-02-05 20:20,Takeaway,Food,Margherita Pizza,4,19.53,78.12,Cash,-,-,Wednesday,Dinner,
3371,C241,Matthew Lutz II,2025-03-29 14:20,Delivery,Beverage,Fresh Orange Juice,2,12.51,25.02,Card,-,-,Saturday,Lunch,Gluten-free
3372,C241,Matthew Lutz II,2025-03-25 14:45,Delivery,Food,Sushi Roll,3,12.26,36.78,Mobile Payment,-,-,Tuesday,Lunch,Extra napkins
3373,C243,Michael Mayer,2025-08-12 19:50,Delivery,Food,Beef Burger,4,19.88,79.52,Mobile Payment,-,-,Tuesday,Dinner,Gluten-free
3374,C243,Michael Mayer,2025-10-25 13:20,Dine-In,Food,Caesar Salad,2,15.45,30.90,Cash,Carlos,28,Saturday,Lunch,
3375,C243,Michael Mayer,2025-04-12 20:30,Dine-In,Beverage,Latte,3,14.84,44.52,Card,Miguel,29,Saturday,Dinner,Extra napkins
3376,C243,Michael Mayer,2025-09-16 08:45,Delivery,Beverage,Mineral Water,4,18.97,75.88,Cash,-,-,Tuesday,Breakfast,Extra napkins
3377,C243,Michael Mayer,2025-02-02 09:05,Delivery,Beverage,Mojito,3,19.74,59.22,Card,-,-,Sunday,Breakfast,
3378,C243,Michael Mayer,2025-01-19 19:00,Delivery,Beverage,Cappuccino,2,13.51,27.02,Card,-,-,Sunday,Dinner,
3379,C243,Michael Mayer,2025-07-20 20:10,Dine-In,Food,Pasta Alfredo,3,15.89,47.67,Cash,Miguel,22,Sunday,Dinner,
3380,C243,Michael Mayer,2025-05-31 13:20,Takeaway,Food,Pasta Alfredo,2,15.71,31.42,Card,-,-,Saturday,Lunch,No onions
3381,C243,Michael Mayer,2025-03-14 09:20,Delivery,Beverage,Green Smoothie,3,18.21,54.63,Card,-,-,Friday,Breakfast,
3382,C243,Michael Mayer,2025-12-13 20:50,Dine-In,Beverage,Mineral Water,4,17.06,68.24,Mobile Payment,Ana,19,Saturday,Dinner,Less sugar
3383,C243,Michael Mayer,2025-06-23 09:20,Delivery,Food,Pasta Alfredo,2,17.12,34.24,Mobile Payment,-,-,Monday,Breakfast,
3384,C243,Michael Mayer,2025-06-24 12:00,Delivery,Beverage,Iced Tea,2,12.94,25.88,Cash,-,-,Tuesday,Lunch,
3385,C243,Michael Mayer,2025-01-31 13:00,Delivery,Food,Sushi Roll,3,13.03,39.09,Cash,-,-,Friday,Lunch,
3386,C243,Michael Mayer,2025-03-05 08:35,Dine-In,Food,Margherita Pizza,3,12.74,38.22,Cash,Ana,7,Wednesday,Breakfast,
3387,C243,Michael Mayer,2025-12-12 08:20,Takeaway,Food,Grilled Chicken,3,18.13,54.39,Cash,-,-,Friday,Breakfast,
3388,C243,Michael Mayer,2025-07-01 08:10,Dine-In,Beverage,Iced Tea,2,19.82,39.64,Card,Miguel,2,Tuesday,Breakfast,No onions
3389,C243,Michael Mayer,2025-06-18 20:10,Delivery,Beverage,Mojito,3,14.28,42.84,Cash,-,-,Wednesday,Dinner,
3390,C243,Michael Mayer,2025-03-27 19:35,Delivery,Beverage,Iced Tea,2,16.16,32.32,Cash,-,-,Thursday,Dinner,Less sugar
3391,C243,Michael Mayer,2025-11-01 20:50,Delivery,Beverage,Iced Tea,4,12.94,51.76,Card,-,-,Saturday,Dinner,
3392,C243,Michael Mayer,2025-12-24 21:20,Takeaway,Beverage,Mojito,2,12.34,24.68,Mobile Payment,-,-,Wednesday,Dinner,Gluten-free
3393,C243,Michael Mayer,2025-01-14 20:45,Delivery,Food,Caesar Salad,3,11.94,35.82,Card,-,-,Tuesday,Dinner,
3394,C243,Michael Mayer,2025-04-11 13:35,Dine-In,Beverage,Iced Tea,4,18.58,74.32,Cash,Valeria,9,Friday,Lunch,
3395,C243,Michael Mayer,2025-02-16 13:05,Dine-In,Beverage,Mineral Water,4,17.06,68.24,Card,Carlos,13,Sunday,Lunch,Extra napkins
3396,C243,Michael Mayer,2025-07-19 08:40,Dine-In,Beverage,Iced Tea,2,17.66,35.32,Mobile Payment,Juan,11,Saturday,Breakfast,Extra napkins
3397,C243,Michael Mayer,2025-03-18 19:45,Dine-In,Beverage,Latte,4,13.80,55.20,Mobile Payment,Ana,30,Tuesday,Dinner,Less sugar
3398,C243,Michael Mayer,2025-03-08 20:40,Dine-In,Food,Margherita Pizza,2,14.72,29.44,Card,Juan,21,Saturday,Dinner,
3399,C243,Michael Mayer,2025-07-01 21:30,Takeaway,Beverage,Fresh Orange Juice,4,17.79,71.16,Cash,-,-,Tuesday,Dinner,Gluten-free
3400,C243,Michael Mayer,2025-03-24 18:20,Dine-In,Beverage,Latte,3,16.09,48.27,Mobile Payment,Valeria,10,Monday,Dinner,
3401,C243,Michael Mayer,2025-09-27 13:10,Dine-In,Beverage,Cappuccino,4,13.30,53.20,Mobile Payment,Miguel,7,Saturday,Lunch,Extra napkins
3402,C243,Michael Mayer,2025-01-10 21:20,Delivery,Food,Margherita Pizza,4,18.74,74.96,Cash,-,-,Friday,Dinner,Extra napkins
3403,C243,Michael Mayer,2025-12-27 14:40,Delivery,Beverage,Latte,2,18.79,37.58,Cash,-,-,Saturday,Lunch,
3404,C243,Michael Mayer,2025-08-17 19:20,Delivery,Beverage,Iced Tea,2,18.58,37.16,Mobile Payment,-,-,Sunday,Dinner,Gluten-free
3405,C243,Michael Mayer,2025-07-10 20:15,Takeaway,Beverage,Cappuccino,4,13.51,54.04,Card,-,-,Thursday,Dinner,Less sugar
3406,C243,Michael Mayer,2025-09-05 18:35,Dine-In,Beverage,Latte,2,16.14,32.28,Cash,Carlos,5,Friday,Dinner,No onions
3407,C243,Michael Mayer,2025-06-24 08:00,Delivery,Beverage,Fresh Orange Juice,2,16.80,33.60,Cash,-,-,Tuesday,Breakfast,
3408,C243,Michael Mayer,2025-04-25 20:50,Takeaway,Beverage,Latte,4,15.42,61.68,Cash,-,-,Friday,Dinner,Extra napkins
3409,C243,Michael Mayer,2025-11-05 20:30,Takeaway,Food,Veggie Sandwich,2,15.38,30.76,Mobile Payment,-,-,Wednesday,Dinner,Gluten-free
3410,C243,Michael Mayer,2025-12-02 14:20,Takeaway,Food,Caesar Salad,3,12.54,37.62,Mobile Payment,-,-,Tuesday,Lunch,
3411,C243,Michael Mayer,2025-04-28 18:15,Delivery,Beverage,Cappuccino,4,15.80,63.20,Mobile Payment,-,-,Monday,Dinner,Gluten-free
3412,C243,Michael Mayer,2025-08-22 14:50,Dine-In,Beverage,Cappuccino,3,19.33,57.99,Card,Ana,30,Friday,Lunch,
3413,C246,Marcus Barnes,2025-07-03 13:45,Delivery,Beverage,Cappuccino,3,14.18,42.54,Cash,-,-,Thursday,Lunch,Extra napkins
3414,C246,Marcus Barnes,2025-09-28 21:45,Takeaway,Food,Beef Burger,2,19.88,39.76,Mobile Payment,-,-,Sunday,Dinner,
3415,C246,Marcus Barnes,2025-10-01 09:40,Dine-In,Food,Grilled Chicken,3,13.55,40.65,Cash,Ana,15,Wednesday,Breakfast,
3416,C246,Marcus Barnes,2025-11-11 08:50,Delivery,Food,Beef Burger,3,19.39,58.17,Card,-,-,Tuesday,Breakfast,Extra napkins
3417,C246,Marcus Barnes,2025-03-07 14:05,Delivery,Beverage,Mineral Water,3,13.13,39.39,Cash,-,-,Friday,Lunch,
3418,C246,Marcus Barnes,2025-02-07 14:00,Takeaway,Beverage,Cappuccino,2,12.28,24.56,Cash,-,-,Friday,Lunch,
3419,C246,Marcus Barnes,2025-05-09 13:15,Dine-In,Beverage,Fresh Orange Juice,3,17.79,53.37,Mobile Payment,Ana,20,Friday,Lunch,Less sugar
3420,C246,Marcus Barnes,2025-01-16 21:15,Delivery,Food,Pasta Alfredo,2,15.71,31.42,Card,-,-,Thursday,Dinner,No onions
3421,C246,Marcus Barnes,2025-04-04 19:20,Takeaway,Food,Caesar Salad,4,12.40,49.60,Card,-,-,Friday,Dinner,
3422,C246,Marcus Barnes,2025-08-18 14:10,Delivery,Food,Caesar Salad,3,15.92,47.76,Mobile Payment,-,-,Monday,Lunch,
3423,C246,Marcus Barnes,2025-06-17 19:10,Takeaway,Food,Pasta Alfredo,3,14.11,42.33,Cash,-,-,Tuesday,Dinner,No onions
3424,C246,Marcus Barnes,2025-06-29 21:50,Dine-In,Beverage,Latte,4,14.84,59.36,Card,Juan,18,Sunday,Dinner,No onions
3425,C246,Marcus Barnes,2025-05-08 19:45,Delivery,Beverage,Mineral Water,2,18.46,36.92,Mobile Payment,-,-,Thursday,Dinner,
3426,C246,Marcus Barnes,2025-08-09 19:10,Takeaway,Food,Pasta Alfredo,2,18.53,37.06,Cash,-,-,Saturday,Dinner,No onions
3427,C248,Scott Mccall,2025-04-18 19:05,Dine-In,Beverage,Green Smoothie,4,12.08,48.32,Card,Ana,11,Friday,Dinner,
3428,C248,Scott Mccall,2025-02-16 08:35,Dine-In,Food,Caesar Salad,3,17.39,52.17,Mobile Payment,Valeria,7,Sunday,Breakfast,
3429,C248,Scott Mccall,2025-08-13 20:45,Dine-In,Beverage,Cappuccino,3,13.46,40.38,Mobile Payment,Juan,29,Wednesday,Dinner,Extra napkins
3430,C248,Scott Mccall,2025-05-16 14:00,Takeaway,Beverage,Cappuccino,3,14.85,44.55,Card,-,-,Friday,Lunch,Gluten-free
3431,C248,Scott Mccall,2025-11-08 12:15,Takeaway,Food,Veggie Sandwich,4,14.91,59.64,Card,-,-,Saturday,Lunch,
3432,C248,Scott Mccall,2025-07-05 13:10,Takeaway,Food,Margherita Pizza,2,14.30,28.60,Cash,-,-,Saturday,Lunch,Gluten-free
3433,C248,Scott Mccall,2025-09-14 12:35,Dine-In,Beverage,Mineral Water,4,18.04,72.16,Card,Carlos,30,Sunday,Lunch,
3434,C248,Scott Mccall,2025-06-26 08:05,Dine-In,Food,Margherita Pizza,3,19.21,57.63,Card,Carlos,17,Thursday,Breakfast,
3435,C248,Scott Mccall,2025-03-19 18:35,Takeaway,Food,Caesar Salad,3,18.29,54.87,Mobile Payment,-,-,Wednesday,Dinner,No onions
3436,C248,Scott Mccall,2025-12-20 20:00,Delivery,Beverage,Green Smoothie,2,19.95,39.90,Card,-,-,Saturday,Dinner,Less sugar
3437,C248,Scott Mccall,2025-01-12 18:45,Dine-In,Food,Caesar Salad,2,15.92,31.84,Mobile Payment,Ana,18,Sunday,Dinner,
3438,C248,Scott Mccall,2025-04-07 18:20,Delivery,Food,Veggie Sandwich,3,15.03,45.09,Mobile Payment,-,-,Monday,Dinner,
3439,C248,Scott Mccall,2025-01-20 09:50,Delivery,Beverage,Mineral Water,4,15.73,62.92,Cash,-,-,Monday,Breakfast,
3440,C248,Scott Mccall,2025-05-05 18:10,Delivery,Beverage,Fresh Orange Juice,3,16.95,50.85,Cash,-,-,Monday,Dinner,
3441,C248,Scott Mccall,2025-05-27 13:00,Takeaway,Beverage,Cappuccino,3,18.74,56.22,Cash,-,-,Tuesday,Lunch,
3442,C248,Scott Mccall,2025-09-12 09:10,Dine-In,Food,Sushi Roll,3,17.53,52.59,Card,Juan,8,Friday,Breakfast,
3443,C248,Scott Mccall,2025-04-24 19:15,Dine-In,Food,Grilled Chicken,4,13.20,52.80,Mobile Payment,Carlos,29,Thursday,Dinner,Gluten-free
3444,C248,Scott Mccall,2025-01-22 19:05,Takeaway,Beverage,Cappuccino,4,16.76,67.04,Cash,-,-,Wednesday,Dinner,Less sugar
3445,C248,Scott Mccall,2025-04-10 13:00,Delivery,Food,Grilled Chicken,4,12.66,50.64,Card,-,-,Thursday,Lunch,No onions
3446,C248,Scott Mccall,2025-07-01 13:50,Dine-In,Beverage,Mojito,4,12.44,49.76,Cash,Carlos,30,Tuesday,Lunch,Extra napkins
3447,C248,Scott Mccall,2025-06-17 09:20,Delivery,Beverage,Iced Tea,3,17.44,52.32,Cash,-,-,Tuesday,Breakfast,Less sugar
3448,C252,Madeline Huffman,2025-05-21 18:30,Delivery,Beverage,Latte,4,15.54,62.16,Card,-,-,Wednesday,Dinner,
3449,C252,Madeline Huffman,2025-07-03 12:20,Dine-In,Food,Veggie Sandwich,3,13.51,40.53,Mobile Payment,Carlos,9,Thursday,Lunch,Gluten-free
3450,C252,Madeline Huffman,2025-04-18 18:00,Takeaway,Food,Pasta Alfredo,3,14.52,43.56,Cash,-,-,Friday,Dinner,
3451,C252,Madeline Huffman,2025-11-20 09:10,Delivery,Beverage,Mojito,2,14.09,28.18,Card,-,-,Thursday,Breakfast,Less sugar
3452,C252,Madeline Huffman,2025-03-30 14:15,Dine-In,Beverage,Mineral Water,2,12.02,24.04,Mobile Payment,Miguel,18,Sunday,Lunch,Gluten-free
3453,C252,Madeline Huffman,2025-08-21 18:20,Dine-In,Beverage,Iced Tea,3,19.62,58.86,Card,Carlos,16,Thursday,Dinner,
3454,C252,Madeline Huffman,2025-10-09 18:50,Dine-In,Beverage,Mineral Water,2,18.04,36.08,Cash,Carlos,1,Thursday,Dinner,Extra napkins
3455,C252,Madeline Huffman,2025-02-11 08:10,Dine-In,Beverage,Cappuccino,4,13.30,53.20,Cash,Miguel,2,Tuesday,Breakfast,
3456,C252,Madeline Huffman,2025-06-19 18:05,Takeaway,Beverage,Iced Tea,4,12.86,51.44,Mobile Payment,-,-,Thursday,Dinner,Less sugar
3457,C252,Madeline Huffman,2025-01-11 19:40,Delivery,Beverage,Mineral Water,4,17.06,68.24,Cash,-,-,Saturday,Dinner,
3458,C252,Madeline Huffman,2025-09-18 12:10,Dine-In,Food,Beef Burger,4,19.66,78.64,Cash,Valeria,17,Thursday,Lunch,Gluten-free
3459,C252,Madeline Huffman,2025-11-30 08:50,Takeaway,Beverage,Mojito,3,12.34,37.02,Card,-,-,Sunday,Breakfast,Extra napkins
3460,C252,Madeline Huffman,2025-05-13 09:20,Delivery,Food,Margherita Pizza,2,19.03,38.06,Cash,-,-,Tuesday,Breakfast,Less sugar
3461,C252,Madeline Huffman,2025-10-09 21:45,Delivery,Food,Beef Burger,3,19.66,58.98,Cash,-,-,Thursday,Dinner,No onions
3462,C252,Madeline Huffman,2025-10-15 09:40,Dine-In,Beverage,Mineral Water,4,16.04,64.16,Card,Juan,16,Wednesday,Breakfast,
3463,C252,Madeline Huffman,2025-10-21 19:00,Delivery,Beverage,Iced Tea,2,17.64,35.28,Cash,-,-,Tuesday,Dinner,
3464,C252,Madeline Huffman,2025-08-16 21:05,Delivery,Beverage,Mineral Water,2,17.74,35.48,Cash,-,-,Saturday,Dinner,
3465,C252,Madeline Huffman,2025-09-10 19:20,Delivery,Beverage,Cappuccino,4,16.29,65.16,Cash,-,-,Wednesday,Dinner,Less sugar
3466,C252,Madeline Huffman,2025-04-06 12:45,Dine-In,Food,Caesar Salad,2,19.04,38.08,Mobile Payment,Ana,1,Sunday,Lunch,
3467,C252,Madeline Huffman,2025-06-28 18:40,Dine-In,Beverage,Latte,2,18.90,37.80,Mobile Payment,Miguel,25,Saturday,Dinner,
3468,C252,Madeline Huffman,2025-09-10 18:05,Dine-In,Beverage,Mojito,4,14.14,56.56,Cash,Carlos,20,Wednesday,Dinner,No onions
3469,C252,Madeline Huffman,2025-04-10 09:05,Delivery,Food,Sushi Roll,2,12.11,24.22,Mobile Payment,-,-,Thursday,Breakfast,
3470,C252,Madeline Huffman,2025-07-02 21:35,Dine-In,Food,Grilled Chicken,2,16.09,32.18,Cash,Ana,10,Wednesday,Dinner,
3471,C252,Madeline Huffman,2025-02-26 20:35,Dine-In,Beverage,Iced Tea,4,16.66,66.64,Cash,Miguel,12,Wednesday,Dinner,
3472,C252,Madeline Huffman,2025-02-18 08:15,Dine-In,Food,Margherita Pizza,4,12.74,50.96,Cash,Valeria,3,Tuesday,Breakfast,Gluten-free
3473,C252,Madeline Huffman,2025-01-28 13:05,Takeaway,Beverage,Green Smoothie,2,18.54,37.08,Card,-,-,Tuesday,Lunch,
3474,C253,Paul Sloan,2025-12-01 14:45,Dine-In,Food,Sushi Roll,2,17.53,35.06,Mobile Payment,Carlos,23,Monday,Lunch,
3475,C253,Paul Sloan,2025-11-20 13:30,Delivery,Food,Grilled Chicken,3,14.21,42.63,Card,-,-,Thursday,Lunch,
3476,C253,Paul Sloan,2025-06-14 21:20,Delivery,Beverage,Mojito,4,12.46,49.84,Cash,-,-,Saturday,Dinner,Gluten-free
3477,C253,Paul Sloan,2025-03-27 12:35,Delivery,Beverage,Cappuccino,3,12.04,36.12,Mobile Payment,-,-,Thursday,Lunch,Less sugar
3478,C253,Paul Sloan,2025-01-27 19:50,Dine-In,Beverage,Fresh Orange Juice,3,12.17,36.51,Mobile Payment,Miguel,10,Monday,Dinner,
3479,C253,Paul Sloan,2025-04-30 21:00,Delivery,Food,Grilled Chicken,3,13.75,41.25,Cash,-,-,Wednesday,Dinner,Less sugar
3480,C253,Paul Sloan,2025-09-05 13:30,Dine-In,Beverage,Mineral Water,4,14.04,56.16,Card,Carlos,16,Friday,Lunch,
3481,C253,Paul Sloan,2025-07-17 09:20,Delivery,Food,Caesar Salad,2,19.32,38.64,Card,-,-,Thursday,Breakfast,
3482,C253,Paul Sloan,2025-05-22 20:05,Dine-In,Beverage,Mineral Water,4,18.75,75.00,Mobile Payment,Miguel,6,Thursday,Dinner,Gluten-free
3483,C253,Paul Sloan,2025-02-08 18:35,Dine-In,Food,Beef Burger,2,19.66,39.32,Mobile Payment,Carlos,24,Saturday,Dinner,Less sugar
3484,C253,Paul Sloan,2025-10-20 18:00,Takeaway,Beverage,Mojito,2,15.75,31.50,Mobile Payment,-,-,Monday,Dinner,Gluten-free
3485,C253,Paul Sloan,2025-02-11 20:20,Takeaway,Beverage,Latte,2,12.39,24.78,Mobile Payment,-,-,Tuesday,Dinner,Less sugar
3486,C253,Paul Sloan,2025-08-22 20:40,Takeaway,Beverage,Green Smoothie,3,18.54,55.62,Mobile Payment,-,-,Friday,Dinner,No onions
3487,C253,Paul Sloan,2025-05-27 09:05,Dine-In,Beverage,Cappuccino,4,16.55,66.20,Cash,Carlos,30,Tuesday,Breakfast,
3488,C253,Paul Sloan,2025-10-14 14:35,Delivery,Food,Grilled Chicken,4,12.79,51.16,Card,-,-,Tuesday,Lunch,Gluten-free
3489,C253,Paul Sloan,2025-08-04 12:40,Dine-In,Food,Sushi Roll,2,13.03,26.06,Card,Miguel,14,Monday,Lunch,Gluten-free
3490,C253,Paul Sloan,2025-06-26 13:00,Dine-In,Beverage,Latte,3,12.39,37.17,Mobile Payment,Carlos,18,Thursday,Lunch,Extra napkins
3491,C253,Paul Sloan,2025-01-25 20:00,Dine-In,Beverage,Cappuccino,4,15.80,63.20,Card,Valeria,26,Saturday,Dinner,
3492,C253,Paul Sloan,2025-12-18 18:35,Dine-In,Food,Pasta Alfredo,2,14.11,28.22,Cash,Miguel,21,Thursday,Dinner,
3493,C253,Paul Sloan,2025-06-24 18:05,Dine-In,Beverage,Fresh Orange Juice,4,13.94,55.76,Cash,Carlos,23,Tuesday,Dinner,Extra napkins
3494,C253,Paul Sloan,2025-05-03 09:20,Dine-In,Food,Sushi Roll,4,19.82,79.28,Mobile Payment,Carlos,19,Saturday,Breakfast,Extra napkins
3495,C253,Paul Sloan,2025-03-24 18:30,Dine-In,Beverage,Latte,3,15.42,46.26,Card,Valeria,28,Monday,Dinner,
3496,C253,Paul Sloan,2025-01-21 12:30,Dine-In,Beverage,Cappuccino,4,13.46,53.84,Mobile Payment,Juan,13,Tuesday,Lunch,
3497,C257,Amy Cline,2025-02-13 12:30,Dine-In,Food,Veggie Sandwich,2,14.27,28.54,Card,Valeria,17,Thursday,Lunch,Less sugar
3498,C257,Amy Cline,2025-04-25 20:35,Delivery,Beverage,Mineral Water,2,13.06,26.12,Card,-,-,Friday,Dinner,Gluten-free
3499,C257,Amy Cline,2025-05-07 18:15,Takeaway,Beverage,Cappuccino,2,13.51,27.02,Cash,-,-,Wednesday,Dinner,
3500,C257,Amy Cline,2025-06-19 13:50,Delivery,Beverage,Latte,2,18.79,37.58,Mobile Payment,-,-,Thursday,Lunch,
3501,C257,Amy Cline,2025-01-25 09:40,Delivery,Beverage,Cappuccino,4,14.85,59.40,Card,-,-,Saturday,Breakfast,Less sugar
3502,C257,Amy Cline,2025-12-13 14:30,Dine-In,Food,Veggie Sandwich,2,16.52,33.04,Card,Carlos,11,Saturday,Lunch,Gluten-free
3503,C257,Amy Cline,2025-07-16 20:30,Delivery,Food,Veggie Sandwich,2,19.87,39.74,Card,-,-,Wednesday,Dinner,No onions
3504,C257,Amy Cline,2025-11-05 13:45,Takeaway,Beverage,Mineral Water,2,17.06,34.12,Cash,-,-,Wednesday,Lunch,
3505,C257,Amy Cline,2025-08-13 09:50,Takeaway,Food,Sushi Roll,4,12.26,49.04,Mobile Payment,-,-,Wednesday,Breakfast,Extra napkins
3506,C257,Amy Cline,2025-03-16 14:15,Dine-In,Beverage,Latte,2,18.06,36.12,Cash,Carlos,22,Sunday,Lunch,
3507,C257,Amy Cline,2025-10-04 19:00,Dine-In,Food,Beef Burger,4,19.39,77.56,Cash,Juan,17,Saturday,Dinner,Less sugar
3508,C257,Amy Cline,2025-02-27 08:05,Delivery,Beverage,Iced Tea,3,12.61,37.83,Mobile Payment,-,-,Thursday,Breakfast,
3509,C257,Amy Cline,2025-03-23 13:10,Dine-In,Beverage,Iced Tea,2,17.43,34.86,Cash,Carlos,21,Sunday,Lunch,No onions
3510,C257,Amy Cline,2025-11-11 12:15,Delivery,Beverage,Cappuccino,4,14.85,59.40,Card,-,-,Tuesday,Lunch,Gluten-free
3511,C257,Amy Cline,2025-09-21 18:40,Dine-In,Beverage,Iced Tea,3,15.16,45.48,Mobile Payment,Ana,13,Sunday,Dinner,Gluten-free
3512,C257,Amy Cline,2025-12-08 21:35,Delivery,Beverage,Latte,4,18.06,72.24,Mobile Payment,-,-,Monday,Dinner,Gluten-free
3513,C1031,Tatiana Correa,2025-10-09 20:35,Dine-In,Beverage,Iced Tea,1,13.11,13.11,Cash,Miguel,10,Thursday,Dinner,Extra napkins
3514,C1031,Tatiana Correa,2025-05-21 21:30,Delivery,Food,Margherita Pizza,2,18.80,37.60,Card,-,-,Wednesday,Dinner,Less sugar
3515,C1031,Tatiana Correa,2025-09-05 20:10,Takeaway,Food,Margherita Pizza,2,13.78,27.56,Card,-,-,Friday,Dinner,
3516,C1031,Tatiana Correa,2025-02-11 13:40,Delivery,Beverage,Latte,1,13.90,13.90,Cash,-,-,Tuesday,Lunch,Gluten-free
3517,C1031,Tatiana Correa,2025-04-25 18:05,Delivery,Beverage,Mojito,1,14.28,14.28,Mobile Payment,-,-,Friday,Dinner,
3518,C1031,Tatiana Correa,2025-03-19 19:40,Delivery,Beverage,Green Smoothie,1,13.81,13.81,Card,-,-,Wednesday,Dinner,Gluten-free
3519,C1031,Tatiana Correa,2025-11-23 21:30,Dine-In,Food,Pasta Alfredo,1,14.30,14.30,Card,Carlos,16,Sunday,Dinner,
3520,C1031,Tatiana Correa,2025-08-24 18:00,Takeaway,Food,Grilled Chicken,2,17.08,34.16,Cash,-,-,Sunday,Dinner,Extra napkins
3521,C1032,Esteban Mejía,2025-04-10 08:15,Dine-In,Beverage,Mojito,2,16.37,32.74,Cash,Miguel,25,Thursday,Breakfast,Gluten-free
3522,C1032,Esteban Mejía,2025-08-21 18:10,Delivery,Food,Caesar Salad,2,16.82,33.64,Mobile Payment,-,-,Thursday,Dinner,
3523,C1032,Esteban Mejía,2025-12-29 18:30,Delivery,Beverage,Fresh Orange Juice,2,13.62,27.24,Card,-,-,Monday,Dinner,Less sugar
3524,C1032,Esteban Mejía,2025-01-05 21:30,Delivery,Beverage,Mineral Water,1,18.75,18.75,Mobile Payment,-,-,Sunday,Dinner,Less sugar
3525,C1032,Esteban Mejía,2025-09-09 12:10,Dine-In,Beverage,Mineral Water,2,13.13,26.26,Cash,Carlos,1,Tuesday,Lunch,
3526,C1032,Esteban Mejía,2025-07-13 19:00,Delivery,Food,Sushi Roll,2,11.92,23.84,Mobile Payment,-,-,Sunday,Dinner,Extra napkins
3527,C1032,Esteban Mejía,2025-11-13 20:30,Delivery,Food,Margherita Pizza,1,13.39,13.39,Card,-,-,Thursday,Dinner,
3528,C1032,Esteban Mejía,2025-05-21 13:10,Delivery,Food,Pasta Alfredo,2,17.12,34.24,Cash,-,-,Wednesday,Lunch,Less sugar
3529,C1033,Sara Quintero,2025-03-22 09:15,Delivery,Food,Pasta Alfredo,2,14.52,29.04,Mobile Payment,-,-,Saturday,Breakfast,Extra napkins
3530,C1033,Sara Quintero,2025-12-28 09:10,Delivery,Food,Veggie Sandwich,1,14.91,14.91,Cash,-,-,Sunday,Breakfast,No onions
3531,C1033,Sara Quintero,2025-05-03 12:40,Delivery,Food,Margherita Pizza,2,13.39,26.78,Cash,-,-,Saturday,Lunch,
3532,C1033,Sara Quintero,2025-01-03 21:45,Dine-In,Food,Grilled Chicken,2,13.55,27.10,Mobile Payment,Valeria,28,Friday,Dinner,
3533,C1033,Sara Quintero,2025-10-11 18:10,Takeaway,Food,Caesar Salad,2,13.43,26.86,Cash,-,-,Saturday,Dinner,Extra napkins
3534,C1033,Sara Quintero,2025-06-11 14:45,Dine-In,Food,Pasta Alfredo,2,14.30,28.60,Cash,Carlos,3,Wednesday,Lunch,Extra napkins
3535,C1033,Sara Quintero,2025-11-20 09:05,Delivery,Beverage,Fresh Orange Juice,1,17.49,17.49,Cash,-,-,Thursday,Breakfast,Gluten-free
3536,C1033,Sara Quintero,2025-09-14 20:35,Dine-In,Beverage,Iced Tea,1,18.58,18.58,Mobile Payment,Juan,10,Sunday,Dinner,Less sugar
3537,C1034,Pablo Fuentes,2025-05-10 14:15,Dine-In,Beverage,Iced Tea,1,19.62,19.62,Card,Ana,19,Saturday,Lunch,Gluten-free
3538,C1034,Pablo Fuentes,2025-03-17 18:00,Dine-In,Beverage,Latte,2,16.97,33.94,Card,Carlos,26,Monday,Dinner,
3539,C1034,Pablo Fuentes,2025-09-24 19:20,Delivery,Beverage,Mineral Water,1,12.88,12.88,Card,-,-,Wednesday,Dinner,
3540,C1034,Pablo Fuentes,2025-04-21 09:40,Dine-In,Beverage,Iced Tea,1,15.04,15.04,Card,Juan,30,Monday,Breakfast,
3541,C1034,Pablo Fuentes,2025-01-23 08:10,Dine-In,Beverage,Iced Tea,2,12.86,25.72,Card,Ana,26,Thursday,Breakfast,Extra napkins
3542,C1034,Pablo Fuentes,2025-07-09 18:05,Dine-In,Beverage,Iced Tea,2,18.58,37.16,Cash,Ana,30,Wednesday,Dinner,
3543,C1034,Pablo Fuentes,2025-08-15 12:00,Delivery,Food,Sushi Roll,2,11.82,23.64,Mobile Payment,-,-,Friday,Lunch,Less sugar
3544,C1034,Pablo Fuentes,2025-10-22 18:05,Dine-In,Food,Sushi Roll,1,12.11,12.11,Cash,Valeria,3,Wednesday,Dinner,
3545,C1034,Pablo Fuentes,2025-11-05 21:05,Dine-In,Beverage,Iced Tea,2,15.16,30.32,Cash,Carlos,18,Wednesday,Dinner,No onions
3546,C1034,Pablo Fuentes,2025-02-09 08:50,Delivery,Beverage,Latte,1,17.87,17.87,Card,-,-,Sunday,Breakfast,Less sugar
3547,C1035,Luciana Gil,2025-05-27 08:50,Takeaway,Food,Veggie Sandwich,1,11.99,11.99,Mobile Payment,-,-,Tuesday,Breakfast,
3548,C1035,Luciana Gil,2025-10-14 14:05,Dine-In,Food,Beef Burger,2,12.77,25.54,Card,Carlos,20,Tuesday,Lunch,Gluten-free
3549,C1035,Luciana Gil,2025-04-13 14:15,Takeaway,Beverage,Cappuccino,2,18.74,37.48,Card,-,-,Sunday,Lunch,Gluten-free
3550,C1035,Luciana Gil,2025-09-25 09:20,Takeaway,Food,Pasta Alfredo,1,14.52,14.52,Mobile Payment,-,-,Thursday,Breakfast,Less sugar
3551,C1035,Luciana Gil,2025-07-23 13:50,Dine-In,Beverage,Iced Tea,1,14.00,14.00,Mobile Payment,Juan,7,Wednesday,Lunch,Gluten-free
3552,C1035,Luciana Gil,2025-01-20 13:40,Takeaway,Food,Beef Burger,2,17.43,34.86,Card,-,-,Monday,Lunch,
3553,C1035,Luciana Gil,2025-03-03 21:10,Delivery,Food,Margherita Pizza,1,13.39,13.39,Card,-,-,Monday,Dinner,Less sugar
3554,C1035,Luciana Gil,2025-08-27 12:50,Takeaway,Food,Margherita Pizza,1,19.21,19.21,Cash,-,-,Wednesday,Lunch,
3555,C1036,Felipe Valdés,2025-12-08 13:15,Delivery,Beverage,Mojito,1,16.64,16.64,Cash,-,-,Monday,Lunch,
3556,C1036,Felipe Valdés,2025-11-30 12:05,Takeaway,Beverage,Cappuccino,2,19.07,38.14,Card,-,-,Sunday,Lunch,Less sugar
3557,C1036,Felipe Valdés,2025-10-15 18:05,Delivery,Beverage,Fresh Orange Juice,1,16.79,16.79,Card,-,-,Wednesday,Dinner,No onions
3558,C1036,Felipe Valdés,2025-06-19 13:00,Takeaway,Food,Margherita Pizza,1,16.38,16.38,Cash,-,-,Thursday,Lunch,Extra napkins
3559,C1036,Felipe Valdés,2025-07-14 09:45,Takeaway,Food,Sushi Roll,2,12.26,24.52,Mobile Payment,-,-,Monday,Breakfast,
3560,C1036,Felipe Valdés,2025-08-11 12:30,Delivery,Food,Grilled Chicken,1,19.41,19.41,Mobile Payment,-,-,Monday,Lunch,Gluten-free
3561,C1036,Felipe Valdés,2025-02-02 21:45,Dine-In,Food,Margherita Pizza,1,12.15,12.15,Cash,Valeria,17,Sunday,Dinner,
3562,C1036,Felipe Valdés,2025-01-27 20:45,Takeaway,Food,Caesar Salad,2,15.92,31.84,Mobile Payment,-,-,Monday,Dinner,
3563,C1036,Felipe Valdés,2025-04-27 18:45,Takeaway,Beverage,Fresh Orange Juice,1,16.80,16.80,Mobile Payment,-,-,Sunday,Dinner,
3564,C1036,Felipe Valdés,2025-09-27 14:00,Delivery,Beverage,Cappuccino,1,12.28,12.28,Mobile Payment,-,-,Saturday,Lunch,Gluten-free
3565,C1037,Adriana Cabrera,2025-04-21 18:20,Delivery,Food,Caesar Salad,1,15.45,15.45,Mobile Payment,-,-,Monday,Dinner,
3566,C1037,Adriana Cabrera,2025-05-21 12:50,Delivery,Beverage,Green Smoothie,1,11.89,11.89,Mobile Payment,-,-,Wednesday,Lunch,Less sugar
3567,C1037,Adriana Cabrera,2025-10-21 08:15,Delivery,Food,Margherita Pizza,1,14.72,14.72,Mobile Payment,-,-,Tuesday,Breakfast,
3568,C1037,Adriana Cabrera,2025-12-05 14:30,Delivery,Food,Sushi Roll,1,13.67,13.67,Cash,-,-,Friday,Lunch,
3569,C1037,Adriana Cabrera,2025-03-14 19:50,Takeaway,Food,Veggie Sandwich,1,12.31,12.31,Card,-,-,Friday,Dinner,
3570,C1037,Adriana Cabrera,2025-01-10 14:05,Takeaway,Food,Sushi Roll,1,12.11,12.11,Cash,-,-,Friday,Lunch,
3571,C1037,Adriana Cabrera,2025-06-02 18:45,Delivery,Food,Grilled Chicken,2,17.08,34.16,Cash,-,-,Monday,Dinner,
3572,C1037,Adriana Cabrera,2025-08-29 14:30,Takeaway,Food,Sushi Roll,2,13.95,27.90,Card,-,-,Friday,Lunch,Gluten-free
3573,C1037,Adriana Cabrera,2025-07-27 19:50,Delivery,Food,Veggie Sandwich,2,12.31,24.62,Cash,-,-,Sunday,Dinner,No onions
3574,C1038,Cristian Rincón,2025-11-13 20:40,Dine-In,Food,Veggie Sandwich,2,17.83,35.66,Cash,Carlos,25,Thursday,Dinner,Extra napkins
3575,C1038,Cristian Rincón,2025-04-29 13:15,Dine-In,Beverage,Iced Tea,2,17.18,34.36,Mobile Payment,Carlos,19,Tuesday,Lunch,Extra napkins
3576,C1038,Cristian Rincón,2025-07-30 13:20,Delivery,Food,Margherita Pizza,2,17.48,34.96,Mobile Payment,-,-,Wednesday,Lunch,
3577,C1038,Cristian Rincón,2025-10-06 20:10,Dine-In,Beverage,Mineral Water,2,17.32,34.64,Card,Miguel,3,Monday,Dinner,
3578,C1038,Cristian Rincón,2025-08-26 09:15,Takeaway,Food,Pasta Alfredo,2,14.91,29.82,Cash,-,-,Tuesday,Breakfast,Gluten-free
3579,C1038,Cristian Rincón,2025-09-13 14:30,Dine-In,Beverage,Cappuccino,1,18.98,18.98,Card,Miguel,22,Saturday,Lunch,Extra napkins
3580,C1038,Cristian Rincón,2025-03-30 18:05,Delivery,Beverage,Iced Tea,2,17.70,35.40,Mobile Payment,-,-,Sunday,Dinner,
3581,C1038,Cristian Rincón,2025-06-26 09:35,Dine-In,Beverage,Green Smoothie,2,18.21,36.42,Mobile Payment,Valeria,29,Thursday,Breakfast,Extra napkins
3582,C1039,Verónica Lozano,2025-11-13 18:45,Delivery,Beverage,Mojito,2,14.30,28.60,Card,-,-,Thursday,Dinner,No onions
3583,C1039,Verónica Lozano,2025-01-04 08:35,Delivery,Food,Caesar Salad,2,12.88,25.76,Mobile Payment,-,-,Saturday,Breakfast,Extra napkins
3584,C1039,Verónica Lozano,2025-09-18 21:05,Takeaway,Food,Margherita Pizza,1,19.24,19.24,Mobile Payment,-,-,Thursday,Dinner,
3585,C1039,Verónica Lozano,2025-03-16 20:40,Delivery,Food,Margherita Pizza,1,18.74,18.74,Cash,-,-,Sunday,Dinner,
3586,C1039,Verónica Lozano,2025-06-15 08:40,Delivery,Food,Pasta Alfredo,1,14.11,14.11,Mobile Payment,-,-,Sunday,Breakfast,Less sugar
3587,C1039,Verónica Lozano,2025-12-19 19:35,Dine-In,Beverage,Mineral Water,1,13.13,13.13,Card,Valeria,14,Friday,Dinner,
3588,C1039,Verónica Lozano,2025-07-05 13:00,Delivery,Food,Margherita Pizza,2,19.53,39.06,Card,-,-,Saturday,Lunch,Extra napkins
3589,C1040,Samuel Peña,2025-08-04 14:00,Delivery,Beverage,Latte,1,15.42,15.42,Cash,-,-,Monday,Lunch,
3590,C1040,Samuel Peña,2025-05-30 08:00,Dine-In,Beverage,Mineral Water,2,18.04,36.08,Cash,Ana,15,Friday,Breakfast,No onions
3591,C1040,Samuel Peña,2025-01-30 14:05,Takeaway,Beverage,Latte,1,18.13,18.13,Mobile Payment,-,-,Thursday,Lunch,
3592,C1040,Samuel Peña,2025-06-25 12:40,Dine-In,Beverage,Cappuccino,1,12.60,12.60,Cash,Miguel,25,Wednesday,Lunch,
3593,C1040,Samuel Peña,2025-11-04 09:20,Dine-In,Food,Sushi Roll,2,19.42,38.84,Cash,Ana,27,Tuesday,Breakfast,
3594,C1040,Samuel Peña,2025-10-19 20:50,Takeaway,Beverage,Mojito,1,15.75,15.75,Mobile Payment,-,-,Sunday,Dinner,Extra napkins
3595,C1040,Samuel Peña,2025-04-07 08:10,Delivery,Beverage,Cappuccino,2,13.68,27.36,Mobile Payment,-,-,Monday,Breakfast,
3596,C1040,Samuel Peña,2025-03-08 21:05,Dine-In,Food,Margherita Pizza,2,16.36,32.72,Mobile Payment,Ana,28,Saturday,Dinner,Gluten-free
3597,C1040,Samuel Peña,2025-09-07 09:35,Delivery,Food,Caesar Salad,1,17.78,17.78,Mobile Payment,-,-,Sunday,Breakfast,No onions
3598,C1040,Samuel Peña,2025-07-23 20:30,Dine-In,Food,Sushi Roll,2,16.11,32.22,Card,Miguel,6,Wednesday,Dinner,No onions
3599,C1041,Mónica Buitrago,2025-02-19 19:05,Dine-In,Beverage,Mojito,2,14.09,28.18,Card,Ana,26,Wednesday,Dinner,Extra napkins
3600,C1041,Mónica Buitrago,2025-04-25 21:30,Dine-In,Food,Pasta Alfredo,1,14.90,14.90,Card,Juan,5,Friday,Dinner,
3601,C1041,Mónica Buitrago,2025-10-01 18:40,Delivery,Beverage,Mineral Water,1,14.04,14.04,Cash,-,-,Wednesday,Dinner,Less sugar
3602,C1041,Mónica Buitrago,2025-03-05 08:30,Dine-In,Beverage,Mineral Water,1,17.06,17.06,Mobile Payment,Ana,18,Wednesday,Breakfast,
3603,C1041,Mónica Buitrago,2025-01-10 19:00,Delivery,Beverage,Iced Tea,2,17.70,35.40,Card,-,-,Friday,Dinner,No onions
3604,C1041,Mónica Buitrago,2025-08-20 20:15,Dine-In,Beverage,Mojito,1,12.46,12.46,Mobile Payment,Juan,9,Wednesday,Dinner,
3605,C1041,Mónica Buitrago,2025-09-14 18:40,Takeaway,Beverage,Fresh Orange Juice,2,17.17,34.34,Cash,-,-,Sunday,Dinner,Extra napkins
3606,C1041,Mónica Buitrago,2025-07-14 12:45,Delivery,Beverage,Cappuccino,1,19.07,19.07,Mobile Payment,-,-,Monday,Lunch,Gluten-free
3607,C1041,Mónica Buitrago,2025-06-25 19:50,Delivery,Beverage,Latte,2,18.90,37.80,Cash,-,-,Wednesday,Dinner,
3608,C1041,Mónica Buitrago,2025-05-07 14:00,Takeaway,Food,Veggie Sandwich,1,13.51,13.51,Mobile Payment,-,-,Wednesday,Lunch,Extra napkins
3609,C1042,Jorge Galindo,2025-01-18 18:35,Delivery,Food,Margherita Pizza,2,12.15,24.30,Card,-,-,Saturday,Dinner,Extra napkins
3610,C1042,Jorge Galindo,2025-07-05 13:40,Takeaway,Beverage,Latte,2,13.80,27.60,Cash,-,-,Saturday,Lunch,
3611,C1042,Jorge Galindo,2025-11-10 13:20,Dine-In,Food,Sushi Roll,2,12.11,24.22,Cash,Valeria,7,Monday,Lunch,Less sugar
3612,C1042,Jorge Galindo,2025-05-19 18:35,Dine-In,Beverage,Mojito,2,14.14,28.28,Cash,Miguel,19,Monday,Dinner,
3613,C1042,Jorge Galindo,2025-10-04 20:20,Dine-In,Beverage,Mineral Water,2,17.28,34.56,Card,Ana,23,Saturday,Dinner,
3614,C1042,Jorge Galindo,2025-02-01 14:15,Dine-In,Beverage,Mineral Water,2,18.75,37.50,Mobile Payment,Miguel,16,Saturday,Lunch,Gluten-free
3615,C1042,Jorge Galindo,2025-04-13 09:00,Dine-In,Food,Caesar Salad,2,12.54,25.08,Mobile Payment,Miguel,6,Sunday,Breakfast,
3616,C1042,Jorge Galindo,2025-12-29 12:50,Takeaway,Beverage,Fresh Orange Juice,1,17.49,17.49,Cash,-,-,Monday,Lunch,
3617,C1042,Jorge Galindo,2025-03-05 14:20,Dine-In,Beverage,Mojito,1,14.35,14.35,Card,Ana,17,Wednesday,Lunch,
3618,C1042,Jorge Galindo,2025-06-12 18:50,Dine-In,Beverage,Cappuccino,1,13.93,13.93,Mobile Payment,Juan,2,Thursday,Dinner,Gluten-free
3619,C1043,Diana Velasco,2025-01-17 19:15,Dine-In,Beverage,Cappuccino,1,13.46,13.46,Cash,Juan,18,Friday,Dinner,Extra napkins
3620,C1043,Diana Velasco,2025-12-02 21:35,Takeaway,Food,Sushi Roll,2,13.55,27.10,Mobile Payment,-,-,Tuesday,Dinner,Extra napkins
3621,C1043,Diana Velasco,2025-10-14 14:00,Delivery,Beverage,Green Smoothie,2,11.89,23.78,Mobile Payment,-,-,Tuesday,Lunch,No onions
3622,C1043,Diana Velasco,2025-02-20 20:05,Dine-In,Beverage,Iced Tea,1,12.86,12.86,Mobile Payment,Carlos,6,Thursday,Dinner,Less sugar
3623,C1043,Diana Velasco,2025-03-30 14:05,Dine-In,Beverage,Green Smoothie,1,18.54,18.54,Card,Miguel,19,Sunday,Lunch,
3624,C1043,Diana Velasco,2025-09-24 14:10,Takeaway,Beverage,Fresh Orange Juice,1,19.52,19.52,Mobile Payment,-,-,Wednesday,Lunch,
3625,C1043,Diana Velasco,2025-07-12 13:10,Dine-In,Beverage,Mineral Water,1,13.18,13.18,Cash,Miguel,10,Saturday,Lunch,
3626,C1043,Diana Velasco,2025-06-20 13:10,Dine-In,Beverage,Mineral Water,1,17.74,17.74,Mobile Payment,Juan,28,Friday,Lunch,No onions
3627,C1043,Diana Velasco,2025-05-12 08:30,Dine-In,Beverage,Green Smoothie,1,13.33,13.33,Cash,Ana,27,Monday,Breakfast,No onions
3628,C1044,Camilo Vergara,2025-02-16 14:35,Dine-In,Food,Grilled Chicken,1,17.76,17.76,Cash,Valeria,12,Sunday,Lunch,
3629,C1044,Camilo Vergara,2025-07-30 18:20,Delivery,Food,Pasta Alfredo,1,15.89,15.89,Cash,-,-,Wednesday,Dinner,Extra napkins
3630,C1044,Camilo Vergara,2025-08-22 20:45,Delivery,Beverage,Iced Tea,1,12.94,12.94,Card,-,-,Friday,Dinner,
3631,C1044,Camilo Vergara,2025-03-22 18:35,Takeaway,Food,Margherita Pizza,2,19.03,38.06,Mobile Payment,-,-,Saturday,Dinner,Gluten-free
3632,C1044,Camilo Vergara,2025-05-15 12:40,Dine-In,Food,Pasta Alfredo,1,14.52,14.52,Cash,Ana,25,Thursday,Lunch,Gluten-free
3633,C1044,Camilo Vergara,2025-01-15 12:30,Delivery,Food,Grilled Chicken,2,15.30,30.60,Card,-,-,Wednesday,Lunch,
3634,C1044,Camilo Vergara,2025-04-26 13:40,Delivery,Food,Sushi Roll,2,13.67,27.34,Mobile Payment,-,-,Saturday,Lunch,Extra napkins
3635,C1044,Camilo Vergara,2025-12-15 14:05,Dine-In,Beverage,Iced Tea,2,17.64,35.28,Card,Miguel,12,Monday,Lunch,
3636,C1045,Ana María Vélez,2025-12-08 21:15,Delivery,Beverage,Mineral Water,2,17.28,34.56,Mobile Payment,-,-,Monday,Dinner,Extra napkins
3637,C1045,Ana María Vélez,2025-04-13 13:10,Dine-In,Beverage,Latte,2,17.87,35.74,Card,Carlos,15,Sunday,Lunch,Less sugar
3638,C1045,Ana María Vélez,2025-05-17 08:20,Dine-In,Beverage,Latte,1,16.97,16.97,Mobile Payment,Juan,30,Saturday,Breakfast,Less sugar
3639,C1045,Ana María Vélez,2025-03-22 08:50,Dine-In,Food,Veggie Sandwich,1,17.83,17.83,Cash,Juan,6,Saturday,Breakfast,No onions
3640,C1045,Ana María Vélez,2025-02-05 09:45,Delivery,Beverage,Iced Tea,2,16.66,33.32,Card,-,-,Wednesday,Breakfast,
3641,C1045,Ana María Vélez,2025-07-22 20:15,Dine-In,Beverage,Cappuccino,1,13.51,13.51,Cash,Carlos,24,Tuesday,Dinner,No onions
3642,C1045,Ana María Vélez,2025-09-22 20:45,Delivery,Beverage,Latte,2,15.42,30.84,Cash,-,-,Monday,Dinner,Gluten-free
3643,C1045,Ana María Vélez,2025-06-03 12:05,Dine-In,Food,Pasta Alfredo,2,17.38,34.76,Mobile Payment,Carlos,19,Tuesday,Lunch,Gluten-free
3644,C1045,Ana María Vélez,2025-08-16 19:45,Takeaway,Beverage,Iced Tea,2,15.81,31.62,Cash,-,-,Saturday,Dinner,Gluten-free
3645,C1045,Ana María Vélez,2025-11-29 08:20,Dine-In,Food,Caesar Salad,2,15.92,31.84,Cash,Miguel,15,Saturday,Breakfast,Gluten-free
3646,C1046,Kevin Montoya,2025-07-05 13:30,Dine-In,Food,Pasta Alfredo,1,17.12,17.12,Mobile Payment,Carlos,1,Saturday,Lunch,Extra napkins
3647,C1046,Kevin Montoya,2025-12-24 21:45,Takeaway,Food,Veggie Sandwich,2,19.40,38.80,Card,-,-,Wednesday,Dinner,Gluten-free
3648,C1046,Kevin Montoya,2025-09-08 14:20,Dine-In,Food,Grilled Chicken,2,15.42,30.84,Cash,Juan,2,Monday,Lunch,No onions
3649,C1046,Kevin Montoya,2025-10-05 18:10,Dine-In,Beverage,Cappuccino,1,16.65,16.65,Card,Miguel,3,Sunday,Dinner,Less sugar
3650,C1046,Kevin Montoya,2025-05-17 19:10,Delivery,Beverage,Iced Tea,1,12.94,12.94,Mobile Payment,-,-,Saturday,Dinner,Gluten-free
3651,C1046,Kevin Montoya,2025-04-21 12:30,Dine-In,Beverage,Iced Tea,2,19.62,39.24,Card,Juan,1,Monday,Lunch,
3652,C1046,Kevin Montoya,2025-11-07 19:00,Delivery,Food,Caesar Salad,2,17.39,34.78,Cash,-,-,Friday,Dinner,Extra napkins
3653,C1046,Kevin Montoya,2025-08-30 09:10,Delivery,Food,Grilled Chicken,2,13.55,27.10,Cash,-,-,Saturday,Breakfast,
3654,C1047,Luisa Fernanda Soto,2025-06-10 21:15,Delivery,Beverage,Mojito,1,16.37,16.37,Mobile Payment,-,-,Tuesday,Dinner,
3655,C1047,Luisa Fernanda Soto,2025-05-07 19:45,Dine-In,Beverage,Mineral Water,1,14.04,14.04,Card,Juan,27,Wednesday,Dinner,No onions
3656,C1047,Luisa Fernanda Soto,2025-10-25 19:50,Dine-In,Beverage,Fresh Orange Juice,2,11.87,23.74,Card,Miguel,22,Saturday,Dinner,Less sugar
3657,C1047,Luisa Fernanda Soto,2025-04-20 14:45,Dine-In,Food,Grilled Chicken,2,12.25,24.50,Cash,Juan,11,Sunday,Lunch,
3658,C1047,Luisa Fernanda Soto,2025-11-18 20:10,Takeaway,Food,Sushi Roll,1,15.62,15.62,Card,-,-,Tuesday,Dinner,No onions
3659,C1047,Luisa Fernanda Soto,2025-03-13 12:40,Dine-In,Beverage,Iced Tea,2,13.11,26.22,Mobile Payment,Valeria,5,Thursday,Lunch,
3660,C1047,Luisa Fernanda Soto,2025-01-26 18:15,Delivery,Food,Caesar Salad,1,12.91,12.91,Card,-,-,Sunday,Dinner,No onions
3661,C1047,Luisa Fernanda Soto,2025-02-23 18:35,Dine-In,Food,Sushi Roll,2,12.86,25.72,Card,Carlos,11,Sunday,Dinner,No onions
3662,C1048,Óscar Cardona,2025-07-07 14:30,Delivery,Beverage,Cappuccino,2,17.14,34.28,Mobile Payment,-,-,Monday,Lunch,
3663,C1048,Óscar Cardona,2025-09-07 08:45,Delivery,Food,Caesar Salad,1,12.88,12.88,Card,-,-,Sunday,Breakfast,Extra napkins
3664,C1048,Óscar Cardona,2025-05-18 09:35,Delivery,Beverage,Green Smoothie,2,18.30,36.60,Cash,-,-,Sunday,Breakfast,
3665,C1048,Óscar Cardona,2025-03-01 20:05,Takeaway,Beverage,Cappuccino,2,15.50,31.00,Mobile Payment,-,-,Saturday,Dinner,No onions
3666,C1048,Óscar Cardona,2025-06-19 20:35,Dine-In,Food,Grilled Chicken,1,14.21,14.21,Card,Carlos,10,Thursday,Dinner,Extra napkins
3667,C1048,Óscar Cardona,2025-02-11 08:40,Dine-In,Food,Veggie Sandwich,1,19.40,19.40,Mobile Payment,Carlos,28,Tuesday,Breakfast,
3668,C1048,Óscar Cardona,2025-01-08 19:05,Takeaway,Food,Veggie Sandwich,1,12.53,12.53,Card,-,-,Wednesday,Dinner,Extra napkins
3669,C1048,Óscar Cardona,2025-12-17 09:20,Dine-In,Food,Beef Burger,2,17.43,34.86,Mobile Payment,Valeria,5,Wednesday,Breakfast,
3670,C1049,Catalina Franco,2025-01-20 12:10,Delivery,Beverage,Cappuccino,2,16.79,33.58,Cash,-,-,Monday,Lunch,
3671,C1049,Catalina Franco,2025-12-02 14:30,Delivery,Beverage,Cappuccino,2,16.29,32.58,Card,-,-,Tuesday,Lunch,Gluten-free
3672,C1049,Catalina Franco,2025-07-12 14:00,Delivery,Food,Sushi Roll,2,13.03,26.06,Cash,-,-,Saturday,Lunch,
3673,C1049,Catalina Franco,2025-02-07 08:40,Takeaway,Food,Sushi Roll,2,17.53,35.06,Card,-,-,Friday,Breakfast,Less sugar
3674,C1049,Catalina Franco,2025-08-22 14:10,Delivery,Food,Veggie Sandwich,2,15.73,31.46,Mobile Payment,-,-,Friday,Lunch,
3675,C1049,Catalina Franco,2025-03-12 14:35,Dine-In,Food,Margherita Pizza,1,13.78,13.78,Cash,Carlos,3,Wednesday,Lunch,
3676,C1049,Catalina Franco,2025-10-30 12:50,Dine-In,Food,Pasta Alfredo,1,14.30,14.30,Mobile Payment,Juan,28,Thursday,Lunch,No onions
3677,C1049,Catalina Franco,2025-11-20 20:45,Dine-In,Food,Margherita Pizza,2,12.08,24.16,Mobile Payment,Valeria,10,Thursday,Dinner,
3678,C1049,Catalina Franco,2025-09-08 21:05,Dine-In,Food,Margherita Pizza,2,12.08,24.16,Cash,Ana,2,Monday,Dinner,
3679,C1050,Martín Rueda,2025-05-06 20:40,Takeaway,Food,Margherita Pizza,2,14.72,29.44,Mobile Payment,-,-,Tuesday,Dinner,
3680,C1050,Martín Rueda,2025-09-06 08:05,Takeaway,Beverage,Fresh Orange Juice,2,17.17,34.34,Card,-,-,Saturday,Breakfast,
3681,C1050,Martín Rueda,2025-01-25 19:10,Delivery,Beverage,Mojito,2,14.28,28.56,Cash,-,-,Saturday,Dinner,No onions
3682,C1050,Martín Rueda,2025-02-19 21:40,Delivery,Beverage,Green Smoothie,1,13.21,13.21,Mobile Payment,-,-,Wednesday,Dinner,Extra napkins
3683,C1050,Martín Rueda,2025-12-15 20:15,Dine-In,Food,Sushi Roll,2,11.82,23.64,Mobile Payment,Ana,18,Monday,Dinner,
3684,C1050,Martín Rueda,2025-06-22 14:45,Delivery,Beverage,Mineral Water,1,17.32,17.32,Cash,-,-,Sunday,Lunch,Extra napkins
3685,C1050,Martín Rueda,2025-07-27 12:45,Takeaway,Beverage,Iced Tea,2,18.58,37.16,Card,-,-,Sunday,Lunch,No onions
3686,C1050,Martín Rueda,2025-08-05 12:30,Dine-In,Food,Grilled Chicken,1,12.66,12.66,Cash,Valeria,1,Tuesday,Lunch,
3687,C1050,Martín Rueda,2025-03-01 18:00,Dine-In,Food,Sushi Roll,2,13.03,26.06,Card,Ana,20,Saturday,Dinner,Less sugar
3688,C1051,Lorena Barreto,2025-04-09 09:40,Takeaway,Beverage,Fresh Orange Juice,2,16.80,33.60,Card,-,-,Wednesday,Breakfast,
3689,C1051,Lorena Barreto,2025-12-31 14:50,Dine-In,Beverage,Cappuccino,1,14.18,14.18,Card,Juan,1,Wednesday,Lunch,
3690,C1051,Lorena Barreto,2025-01-11 13:45,Dine-In,Beverage,Mojito,2,12.46,24.92,Cash,Miguel,23,Saturday,Lunch,Extra napkins
3691,C1051,Lorena Barreto,2025-02-09 19:15,Dine-In,Food,Veggie Sandwich,1,15.03,15.03,Card,Valeria,23,Sunday,Dinner,Gluten-free
3692,C1051,Lorena Barreto,2025-03-09 19:40,Dine-In,Beverage,Iced Tea,2,17.66,35.32,Cash,Miguel,15,Sunday,Dinner,
3693,C1051,Lorena Barreto,2025-09-24 14:15,Takeaway,Beverage,Fresh Orange Juice,2,16.80,33.60,Mobile Payment,-,-,Wednesday,Lunch,
3694,C1052,Diego Zambrano,2025-03-06 18:20,Dine-In,Food,Veggie Sandwich,1,13.37,13.37,Cash,Ana,25,Thursday,Dinner,No onions
3695,C1052,Diego Zambrano,2025-09-02 09:35,Dine-In,Food,Veggie Sandwich,1,15.03,15.03,Mobile Payment,Carlos,27,Tuesday,Breakfast,Less sugar
3696,C1052,Diego Zambrano,2025-08-07 09:05,Dine-In,Beverage,Green Smoothie,2,19.13,38.26,Cash,Juan,23,Thursday,Breakfast,Gluten-free
3697,C1052,Diego Zambrano,2025-07-23 20:35,Dine-In,Food,Sushi Roll,2,12.11,24.22,Cash,Carlos,13,Wednesday,Dinner,Gluten-free
3698,C1052,Diego Zambrano,2025-02-01 19:30,Delivery,Beverage,Cappuccino,1,15.50,15.50,Card,-,-,Saturday,Dinner,
3699,C1052,Diego Zambrano,2025-10-18 21:30,Takeaway,Food,Sushi Roll,2,12.11,24.22,Card,-,-,Saturday,Dinner,
3700,C1052,Diego Zambrano,2025-05-16 19:20,Dine-In,Food,Pasta Alfredo,2,14.90,29.80,Mobile Payment,Valeria,1,Friday,Dinner,
3701,C1053,Melissa Castaño,2025-07-17 09:35,Dine-In,Beverage,Cappuccino,1,18.98,18.98,Mobile Payment,Miguel,24,Thursday,Breakfast,Extra napkins
3702,C1053,Melissa Castaño,2025-05-15 13:45,Delivery,Beverage,Iced Tea,1,12.61,12.61,Mobile Payment,-,-,Thursday,Lunch,
3703,C1053,Melissa Castaño,2025-10-13 13:10,Dine-In,Beverage,Cappuccino,1,14.85,14.85,Card,Ana,8,Monday,Lunch,Extra napkins
3704,C1053,Melissa Castaño,2025-06-13 08:35,Delivery,Food,Veggie Sandwich,1,19.38,19.38,Cash,-,-,Friday,Breakfast,No onions
3705,C1053,Melissa Castaño,2025-09-12 20:35,Delivery,Food,Sushi Roll,1,15.33,15.33,Cash,-,-,Friday,Dinner,Gluten-free
3706,C1053,Melissa Castaño,2025-01-14 09:20,Dine-In,Food,Sushi Roll,1,13.55,13.55,Cash,Miguel,16,Tuesday,Breakfast,Gluten-free
3707,C1053,Melissa Castaño,2025-11-08 18:15,Dine-In,Food,Veggie Sandwich,2,19.40,38.80,Card,Ana,28,Saturday,Dinner,
3708,C1053,Melissa Castaño,2025-02-19 09:50,Delivery,Food,Grilled Chicken,1,13.76,13.76,Card,-,-,Wednesday,Breakfast,No onions
3709,C1053,Melissa Castaño,2025-04-13 09:10,Takeaway,Food,Grilled Chicken,2,12.64,25.28,Card,-,-,Sunday,Breakfast,Gluten-free
3710,C1054,Héctor Aguirre,2025-01-16 13:40,Delivery,Beverage,Fresh Orange Juice,2,12.37,24.74,Mobile Payment,-,-,Thursday,Lunch,
3711,C1054,Héctor Aguirre,2025-10-05 14:35,Delivery,Beverage,Mojito,2,14.35,28.70,Cash,-,-,Sunday,Lunch,Gluten-free
3712,C1054,Héctor Aguirre,2025-09-01 08:45,Delivery,Food,Grilled Chicken,2,13.55,27.10,Mobile Payment,-,-,Monday,Breakfast,No onions
3713,C1054,Héctor Aguirre,2025-07-05 13:40,Dine-In,Beverage,Mojito,1,14.30,14.30,Cash,Carlos,27,Saturday,Lunch,
3714,C1054,Héctor Aguirre,2025-12-02 09:45,Dine-In,Food,Veggie Sandwich,2,15.38,30.76,Mobile Payment,Valeria,16,Tuesday,Breakfast,Gluten-free
3715,C1054,Héctor Aguirre,2025-06-13 21:10,Dine-In,Food,Grilled Chicken,2,12.64,25.28,Card,Juan,10,Friday,Dinner,
3716,C1054,Héctor Aguirre,2025-05-05 12:30,Dine-In,Food,Caesar Salad,1,16.60,16.60,Cash,Carlos,29,Monday,Lunch,
3717,C1055,Paola Naranjo,2025-11-01 20:15,Takeaway,Food,Margherita Pizza,1,19.53,19.53,Cash,-,-,Saturday,Dinner,Gluten-free
3718,C1055,Paola Naranjo,2025-03-06 19:10,Takeaway,Beverage,Green Smoothie,2,18.30,36.60,Mobile Payment,-,-,Thursday,Dinner,Less sugar
3719,C1055,Paola Naranjo,2025-06-25 08:45,Dine-In,Food,Pasta Alfredo,1,12.09,12.09,Card,Ana,3,Wednesday,Breakfast,Less sugar
3720,C1055,Paola Naranjo,2025-02-14 19:40,Delivery,Beverage,Latte,2,18.79,37.58,Mobile Payment,-,-,Friday,Dinner,Extra napkins
3721,C1055,Paola Naranjo,2025-10-26 19:35,Dine-In,Beverage,Latte,1,15.21,15.21,Cash,Carlos,12,Sunday,Dinner,
3722,C1055,Paola Naranjo,2025-01-13 12:15,Dine-In,Food,Pasta Alfredo,1,15.89,15.89,Card,Valeria,1,Monday,Lunch,
3723,C1055,Paola Naranjo,2025-04-25 09:00,Dine-In,Food,Pasta Alfredo,1,18.53,18.53,Cash,Juan,23,Friday,Breakfast,
3724,C1056,Iván Arango,2025-02-13 19:20,Dine-In,Beverage,Fresh Orange Juice,1,17.42,17.42,Cash,Ana,1,Thursday,Dinner,
3725,C1056,Iván Arango,2025-10-31 13:05,Delivery,Beverage,Cappuccino,2,16.65,33.30,Mobile Payment,-,-,Friday,Lunch,Extra napkins
3726,C1056,Iván Arango,2025-05-26 14:20,Dine-In,Beverage,Mojito,2,14.35,28.70,Mobile Payment,Ana,21,Monday,Lunch,
3727,C1056,Iván Arango,2025-03-21 19:40,Dine-In,Beverage,Green Smoothie,1,13.81,13.81,Cash,Miguel,15,Friday,Dinner,Extra napkins
3728,C1056,Iván Arango,2025-11-14 18:40,Dine-In,Food,Sushi Roll,1,12.86,12.86,Cash,Ana,14,Friday,Dinner,
3729,C1056,Iván Arango,2025-04-26 13:35,Dine-In,Food,Margherita Pizza,1,13.39,13.39,Card,Carlos,8,Saturday,Lunch,Less sugar
3730,C1056,Iván Arango,2025-06-28 18:00,Delivery,Beverage,Green Smoothie,1,18.21,18.21,Card,-,-,Saturday,Dinner,Less sugar
3731,C1056,Iván Arango,2025-01-28 13:40,Takeaway,Food,Margherita Pizza,1,18.94,18.94,Cash,-,-,Tuesday,Lunch,
3732,C1056,Iván Arango,2025-07-21 12:35,Dine-In,Beverage,Fresh Orange Juice,1,17.49,17.49,Card,Miguel,16,Monday,Lunch,Extra napkins
3733,C1057,Claudia Escobar,2025-07-26 18:05,Delivery,Beverage,Cappuccino,2,16.76,33.52,Mobile Payment,-,-,Saturday,Dinner,Gluten-free
3734,C1057,Claudia Escobar,2025-11-17 14:40,Delivery,Beverage,Cappuccino,1,16.55,16.55,Cash,-,-,Monday,Lunch,Extra napkins
3735,C1057,Claudia Escobar,2025-08-30 18:20,Delivery,Food,Grilled Chicken,1,12.64,12.64,Cash,-,-,Saturday,Dinner,
3736,C1057,Claudia Escobar,2025-03-12 20:00,Delivery,Food,Veggie Sandwich,1,15.73,15.73,Cash,-,-,Wednesday,Dinner,
3737,C1057,Claudia Escobar,2025-12-19 19:50,Dine-In,Beverage,Latte,1,16.97,16.97,Card,Carlos,28,Friday,Dinner,
3738,C1057,Claudia Escobar,2025-09-12 19:40,Delivery,Food,Beef Burger,2,19.88,39.76,Mobile Payment,-,-,Friday,Dinner,
3739,C1057,Claudia Escobar,2025-04-23 21:20,Dine-In,Beverage,Iced Tea,1,18.58,18.58,Card,Miguel,30,Wednesday,Dinner,
3740,C1057,Claudia Escobar,2025-01-24 13:40,Dine-In,Beverage,Iced Tea,2,15.16,30.32,Card,Miguel,4,Friday,Lunch,
3741,C1057,Claudia Escobar,2025-10-01 09:45,Dine-In,Food,Margherita Pizza,2,18.94,37.88,Card,Valeria,3,Wednesday,Breakfast,
3742,C1058,Mauricio Benítez,2025-07-21 09:50,Dine-In,Food,Beef Burger,1,19.93,19.93,Cash,Carlos,17,Monday,Breakfast,Less sugar
3743,C1058,Mauricio Benítez,2025-05-09 21:00,Dine-In,Food,Grilled Chicken,1,12.66,12.66,Cash,Juan,24,Friday,Dinner,No onions
3744,C1058,Mauricio Benítez,2025-01-30 12:20,Delivery,Food,Margherita Pizza,2,18.94,37.88,Card,-,-,Thursday,Lunch,
3745,C1058,Mauricio Benítez,2025-09-24 14:30,Dine-In,Beverage,Mojito,2,15.93,31.86,Cash,Carlos,4,Wednesday,Lunch,Less sugar
3746,C1058,Mauricio Benítez,2025-12-31 13:35,Delivery,Beverage,Iced Tea,1,12.67,12.67,Mobile Payment,-,-,Wednesday,Lunch,Gluten-free
3747,C1058,Mauricio Benítez,2025-03-30 13:45,Dine-In,Beverage,Mineral Water,1,18.97,18.97,Card,Ana,2,Sunday,Lunch,Less sugar
3748,C1058,Mauricio Benítez,2025-04-17 14:40,Dine-In,Food,Margherita Pizza,2,18.58,37.16,Mobile Payment,Valeria,5,Thursday,Lunch,Extra napkins
3749,C1059,Karen Nieto,2025-01-17 19:20,Dine-In,Beverage,Mojito,2,12.46,24.92,Cash,Juan,26,Friday,Dinner,No onions
3750,C1059,Karen Nieto,2025-07-04 21:05,Dine-In,Food,Caesar Salad,1,11.94,11.94,Card,Juan,17,Friday,Dinner,Extra napkins
3751,C1059,Karen Nieto,2025-06-18 19:30,Delivery,Beverage,Cappuccino,1,14.18,14.18,Mobile Payment,-,-,Wednesday,Dinner,
3752,C1059,Karen Nieto,2025-09-03 09:05,Dine-In,Beverage,Mojito,2,19.74,39.48,Cash,Valeria,23,Wednesday,Breakfast,Extra napkins
3753,C1059,Karen Nieto,2025-11-13 09:15,Delivery,Beverage,Mojito,2,12.34,24.68,Cash,-,-,Thursday,Breakfast,Gluten-free
3754,C1059,Karen Nieto,2025-02-24 12:10,Dine-In,Beverage,Green Smoothie,2,12.08,24.16,Cash,Valeria,9,Monday,Lunch,
3755,C1059,Karen Nieto,2025-03-09 09:00,Takeaway,Beverage,Latte,1,14.89,14.89,Card,-,-,Sunday,Breakfast,
3756,C1059,Karen Nieto,2025-12-03 14:20,Delivery,Food,Margherita Pizza,1,12.74,12.74,Cash,-,-,Wednesday,Lunch,
3757,C1059,Karen Nieto,2025-04-23 13:00,Takeaway,Food,Veggie Sandwich,1,13.37,13.37,Mobile Payment,-,-,Wednesday,Lunch,Extra napkins
3758,C1060,Wilson Ordóñez,2025-03-28 12:50,Dine-In,Beverage,Iced Tea,1,17.18,17.18,Mobile Payment,Carlos,6,Friday,Lunch,
3759,C1060,Wilson Ordóñez,2025-08-18 18:30,Dine-In,Food,Grilled Chicken,1,12.66,12.66,Card,Carlos,30,Monday,Dinner,
3760,C1060,Wilson Ordóñez,2025-07-28 18:40,Delivery,Food,Sushi Roll,2,18.95,37.90,Cash,-,-,Monday,Dinner,No onions
3761,C1060,Wilson Ordóñez,2025-09-04 20:45,Delivery,Beverage,Iced Tea,1,16.80,16.80,Mobile Payment,-,-,Thursday,Dinner,Gluten-free
3762,C1060,Wilson Ordóñez,2025-12-06 20:20,Delivery,Beverage,Iced Tea,2,12.45,24.90,Mobile Payment,-,-,Saturday,Dinner,
3763,C1060,Wilson Ordóñez,2025-04-08 18:00,Dine-In,Beverage,Iced Tea,2,13.54,27.08,Mobile Payment,Miguel,10,Tuesday,Dinner,
3764,C1060,Wilson Ordóñez,2025-02-13 08:15,Dine-In,Food,Beef Burger,1,19.39,19.39,Card,Ana,30,Thursday,Breakfast,
3765,C1060,Wilson Ordóñez,2025-11-25 21:15,Delivery,Beverage,Latte,2,16.09,32.18,Card,-,-,Tuesday,Dinner,Extra napkins
3766,C1060,Wilson Ordóñez,2025-05-05 13:00,Dine-In,Food,Pasta Alfredo,2,14.90,29.80,Cash,Carlos,22,Monday,Lunch,Extra napkins
3767,C1061,Angélica Mora,2025-09-18 13:20,Takeaway,Beverage,Iced Tea,2,15.81,31.62,Cash,-,-,Thursday,Lunch,
3768,C1061,Angélica Mora,2025-04-19 20:50,Takeaway,Food,Sushi Roll,2,12.11,24.22,Cash,-,-,Saturday,Dinner,
3769,C1061,Angélica Mora,2025-08-04 09:30,Dine-In,Food,Veggie Sandwich,2,11.99,23.98,Card,Valeria,5,Monday,Breakfast,No onions
3770,C1061,Angélica Mora,2025-10-20 08:30,Dine-In,Beverage,Iced Tea,1,12.45,12.45,Card,Carlos,15,Monday,Breakfast,
3771,C1061,Angélica Mora,2025-12-23 19:40,Dine-In,Beverage,Latte,2,18.90,37.80,Cash,Miguel,20,Tuesday,Dinner,No onions
3772,C1061,Angélica Mora,2025-03-04 09:45,Dine-In,Beverage,Mineral Water,2,14.04,28.08,Cash,Valeria,2,Tuesday,Breakfast,
3773,C1061,Angélica Mora,2025-05-03 18:00,Dine-In,Beverage,Mojito,2,14.14,28.28,Card,Valeria,22,Saturday,Dinner,
3774,C1062,Ramiro Londoño,2025-12-21 12:20,Delivery,Beverage,Cappuccino,2,13.68,27.36,Cash,-,-,Sunday,Lunch,Less sugar
3775,C1062,Ramiro Londoño,2025-10-04 09:30,Dine-In,Beverage,Iced Tea,1,14.06,14.06,Mobile Payment,Miguel,2,Saturday,Breakfast,
3776,C1062,Ramiro Londoño,2025-07-06 14:00,Dine-In,Beverage,Mojito,1,14.09,14.09,Cash,Ana,29,Sunday,Lunch,
3777,C1062,Ramiro Londoño,2025-09-27 21:20,Dine-In,Food,Veggie Sandwich,1,13.51,13.51,Mobile Payment,Juan,6,Saturday,Dinner,
3778,C1062,Ramiro Londoño,2025-03-12 13:30,Delivery,Beverage,Mineral Water,1,12.41,12.41,Mobile Payment,-,-,Wednesday,Lunch,
3779,C1062,Ramiro Londoño,2025-01-03 20:05,Takeaway,Food,Beef Burger,1,19.93,19.93,Cash,-,-,Friday,Dinner,
3780,C1062,Ramiro Londoño,2025-05-31 08:40,Delivery,Beverage,Mineral Water,1,17.32,17.32,Card,-,-,Saturday,Breakfast,No onions
3781,C1062,Ramiro Londoño,2025-06-02 20:15,Takeaway,Beverage,Fresh Orange Juice,1,11.87,11.87,Cash,-,-,Monday,Dinner,Less sugar
3782,C1062,Ramiro Londoño,2025-04-18 19:00,Takeaway,Food,Caesar Salad,1,17.44,17.44,Mobile Payment,-,-,Friday,Dinner,
3783,C1062,Ramiro Londoño,2025-11-09 19:35,Takeaway,Beverage,Cappuccino,2,19.07,38.14,Card,-,-,Sunday,Dinner,
3784,C002,Shaun Hensley,2025-04-28 12:50,Dine-In,Food,Caesar Salad,1,12.91,12.91,Mobile Payment,Valeria,3,Monday,Lunch,
3785,C002,Shaun Hensley,2025-12-28 14:20,Takeaway,Food,Pasta Alfredo,2,17.38,34.76,Cash,-,-,Sunday,Lunch,
3786,C002,Shaun Hensley,2025-06-20 19:00,Delivery,Beverage,Mojito,2,15.75,31.50,Cash,-,-,Friday,Dinner,
3787,C002,Shaun Hensley,2025-05-09 08:10,Dine-In,Food,Margherita Pizza,2,19.24,38.48,Mobile Payment,Carlos,2,Friday,Breakfast,
3788,C002,Shaun Hensley,2025-03-28 13:35,Dine-In,Food,Sushi Roll,1,18.95,18.95,Mobile Payment,Miguel,3,Friday,Lunch,No onions
3789,C002,Shaun Hensley,2025-08-26 20:00,Delivery,Beverage,Iced Tea,2,12.86,25.72,Card,-,-,Tuesday,Dinner,
3790,C002,Shaun Hensley,2025-02-05 19:50,Dine-In,Beverage,Mineral Water,2,18.10,36.20,Cash,Miguel,13,Wednesday,Dinner,Extra napkins
3791,C003,Bryan Patterson,2025-09-06 09:05,Dine-In,Food,Pasta Alfredo,1,13.81,13.81,Cash,Valeria,11,Saturday,Breakfast,Extra napkins
3792,C003,Bryan Patterson,2025-07-10 09:40,Takeaway,Food,Beef Burger,1,12.77,12.77,Card,-,-,Thursday,Breakfast,
3793,C003,Bryan Patterson,2025-03-14 09:30,Dine-In,Beverage,Fresh Orange Juice,1,17.17,17.17,Mobile Payment,Valeria,14,Friday,Breakfast,
3794,C003,Bryan Patterson,2025-01-20 13:05,Delivery,Food,Veggie Sandwich,1,18.04,18.04,Mobile Payment,-,-,Monday,Lunch,
3795,C003,Bryan Patterson,2025-02-04 12:05,Takeaway,Food,Caesar Salad,1,12.88,12.88,Cash,-,-,Tuesday,Lunch,Gluten-free
3796,C003,Bryan Patterson,2025-11-29 13:30,Dine-In,Beverage,Fresh Orange Juice,2,19.00,38.00,Card,Juan,17,Saturday,Lunch,Less sugar
3797,C006,Christine Gilbert,2025-01-24 08:35,Delivery,Food,Margherita Pizza,1,14.72,14.72,Card,-,-,Friday,Breakfast,
3798,C006,Christine Gilbert,2025-07-23 21:40,Dine-In,Beverage,Fresh Orange Juice,2,16.80,33.60,Cash,Miguel,20,Wednesday,Dinner,Gluten-free
3799,C006,Christine Gilbert,2025-12-16 12:35,Takeaway,Food,Veggie Sandwich,1,18.04,18.04,Mobile Payment,-,-,Tuesday,Lunch,Gluten-free
3800,C006,Christine Gilbert,2025-05-19 13:20,Delivery,Beverage,Fresh Orange Juice,2,12.51,25.02,Mobile Payment,-,-,Monday,Lunch,
3801,C006,Christine Gilbert,2025-06-16 08:45,Dine-In,Food,Grilled Chicken,2,16.09,32.18,Mobile Payment,Ana,27,Monday,Breakfast,
3802,C006,Christine Gilbert,2025-09-14 14:30,Delivery,Beverage,Latte,1,14.89,14.89,Mobile Payment,-,-,Sunday,Lunch,
3803,C006,Christine Gilbert,2025-10-20 19:10,Delivery,Food,Margherita Pizza,1,18.58,18.58,Card,-,-,Monday,Dinner,No onions
3804,C006,Christine Gilbert,2025-11-29 08:30,Delivery,Beverage,Mojito,2,15.65,31.30,Cash,-,-,Saturday,Breakfast,
3805,C014,Leah Martin,2025-02-08 20:40,Dine-In,Beverage,Iced Tea,2,13.11,26.22,Cash,Valeria,11,Saturday,Dinner,
3806,C014,Leah Martin,2025-04-25 09:40,Dine-In,Food,Margherita Pizza,1,17.40,17.40,Card,Carlos,30,Friday,Breakfast,
3807,C014,Leah Martin,2025-07-06 08:45,Dine-In,Beverage,Iced Tea,1,12.86,12.86,Cash,Valeria,18,Sunday,Breakfast,
3808,C014,Leah Martin,2025-09-23 13:40,Delivery,Beverage,Latte,2,18.13,36.26,Mobile Payment,-,-,Tuesday,Lunch,Gluten-free
3809,C014,Leah Martin,2025-03-09 14:50,Delivery,Beverage,Iced Tea,2,12.67,25.34,Mobile Payment,-,-,Sunday,Lunch,Gluten-free
3810,C014,Leah Martin,2025-08-05 08:40,Dine-In,Food,Sushi Roll,2,13.03,26.06,Cash,Valeria,2,Tuesday,Breakfast,Gluten-free
3811,C014,Leah Martin,2025-10-04 21:15,Delivery,Beverage,Fresh Orange Juice,1,13.62,13.62,Card,-,-,Saturday,Dinner,
3812,C014,Leah Martin,2025-06-06 18:50,Delivery,Food,Grilled Chicken,1,17.76,17.76,Mobile Payment,-,-,Friday,Dinner,Gluten-free
3813,C014,Leah Martin,2025-05-01 18:00,Dine-In,Beverage,Fresh Orange Juice,2,17.49,34.98,Cash,Juan,6,Thursday,Dinner,
3814,C021,Robert Cox,2025-02-27 12:15,Dine-In,Food,Caesar Salad,1,19.32,19.32,Mobile Payment,Carlos,1,Thursday,Lunch,
3815,C021,Robert Cox,2025-12-17 20:10,Takeaway,Food,Sushi Roll,2,18.22,36.44,Cash,-,-,Wednesday,Dinner,
3816,C021,Robert Cox,2025-07-19 12:40,Dine-In,Food,Margherita Pizza,1,13.78,13.78,Mobile Payment,Miguel,17,Saturday,Lunch,No onions
3817,C021,Robert Cox,2025-01-08 14:10,Takeaway,Beverage,Latte,2,16.09,32.18,Mobile Payment,-,-,Wednesday,Lunch,Extra napkins
3818,C021,Robert Cox,2025-10-04 12:45,Dine-In,Beverage,Cappuccino,2,12.28,24.56,Mobile Payment,Valeria,6,Saturday,Lunch,No onions
3819,C021,Robert Cox,2025-03-27 13:15,Dine-In,Food,Beef Burger,2,18.39,36.78,Cash,Valeria,14,Thursday,Lunch,
3820,C021,Robert Cox,2025-11-12 12:40,Dine-In,Beverage,Latte,2,15.13,30.26,Card,Ana,20,Wednesday,Lunch,
3821,C021,Robert Cox,2025-06-25 20:10,Delivery,Beverage,Latte,1,17.87,17.87,Card,-,-,Wednesday,Dinner,Gluten-free
3822,C021,Robert Cox,2025-08-27 20:15,Dine-In,Food,Margherita Pizza,1,19.03,19.03,Cash,Miguel,26,Wednesday,Dinner,Less sugar
3823,C024,Diane Hernandez,2025-02-18 21:10,Dine-In,Beverage,Iced Tea,2,17.64,35.28,Cash,Juan,8,Tuesday,Dinner,
3824,C024,Diane Hernandez,2025-03-28 18:50,Dine-In,Food,Grilled Chicken,2,19.41,38.82,Mobile Payment,Miguel,16,Friday,Dinner,Extra napkins
3825,C024,Diane Hernandez,2025-12-11 08:00,Dine-In,Food,Margherita Pizza,2,18.80,37.60,Card,Valeria,30,Thursday,Breakfast,No onions
3826,C024,Diane Hernandez,2025-11-30 20:30,Dine-In,Beverage,Iced Tea,2,18.58,37.16,Cash,Valeria,30,Sunday,Dinner,
3827,C024,Diane Hernandez,2025-09-04 12:15,Delivery,Food,Veggie Sandwich,1,14.27,14.27,Cash,-,-,Thursday,Lunch,
3828,C024,Diane Hernandez,2025-08-10 08:20,Delivery,Beverage,Latte,2,12.39,24.78,Card,-,-,Sunday,Breakfast,No onions
3829,C024,Diane Hernandez,2025-06-04 13:30,Dine-In,Food,Pasta Alfredo,2,15.89,31.78,Cash,Carlos,29,Wednesday,Lunch,No onions
3830,C024,Diane Hernandez,2025-01-17 13:45,Delivery,Beverage,Mineral Water,2,15.73,31.46,Cash,-,-,Friday,Lunch,Less sugar
3831,C024,Diane Hernandez,2025-04-29 19:10,Delivery,Beverage,Iced Tea,1,17.66,17.66,Card,-,-,Tuesday,Dinner,No onions
3832,C025,Deanna Moore,2025-03-09 18:00,Dine-In,Beverage,Mineral Water,2,12.02,24.04,Card,Ana,7,Sunday,Dinner,
3833,C025,Deanna Moore,2025-05-17 08:40,Takeaway,Food,Sushi Roll,2,18.22,36.44,Cash,-,-,Saturday,Breakfast,No onions
3834,C025,Deanna Moore,2025-08-21 19:10,Dine-In,Beverage,Mineral Water,2,17.28,34.56,Card,Valeria,2,Thursday,Dinner,No onions
3835,C025,Deanna Moore,2025-07-26 12:45,Delivery,Beverage,Latte,1,13.90,13.90,Mobile Payment,-,-,Saturday,Lunch,Extra napkins
3836,C025,Deanna Moore,2025-11-29 12:50,Dine-In,Beverage,Green Smoothie,1,18.54,18.54,Card,Miguel,2,Saturday,Lunch,Gluten-free
3837,C025,Deanna Moore,2025-06-21 21:15,Dine-In,Food,Pasta Alfredo,1,17.12,17.12,Mobile Payment,Ana,22,Saturday,Dinner,Extra napkins
3838,C025,Deanna Moore,2025-01-03 12:40,Dine-In,Food,Grilled Chicken,2,12.25,24.50,Mobile Payment,Carlos,4,Friday,Lunch,
3839,C028,Isabella Barber,2025-03-20 18:35,Takeaway,Beverage,Latte,1,17.87,17.87,Cash,-,-,Thursday,Dinner,No onions
3840,C028,Isabella Barber,2025-12-24 09:15,Takeaway,Beverage,Green Smoothie,1,11.89,11.89,Cash,-,-,Wednesday,Breakfast,Gluten-free
3841,C028,Isabella Barber,2025-05-31 21:00,Dine-In,Food,Grilled Chicken,2,17.08,34.16,Card,Carlos,24,Saturday,Dinner,
3842,C028,Isabella Barber,2025-04-28 08:00,Dine-In,Food,Caesar Salad,1,15.45,15.45,Cash,Juan,1,Monday,Breakfast,
3843,C028,Isabella Barber,2025-08-13 19:35,Dine-In,Beverage,Latte,2,15.13,30.26,Card,Ana,3,Wednesday,Dinner,
3844,C028,Isabella Barber,2025-01-25 09:30,Takeaway,Beverage,Iced Tea,2,19.82,39.64,Cash,-,-,Saturday,Breakfast,
3845,C032,Stacey Osborne,2025-06-27 08:45,Delivery,Beverage,Mineral Water,1,14.04,14.04,Cash,-,-,Friday,Breakfast,No onions
3846,C032,Stacey Osborne,2025-07-28 20:35,Dine-In,Beverage,Green Smoothie,1,13.33,13.33,Mobile Payment,Ana,28,Monday,Dinner,No onions
3847,C032,Stacey Osborne,2025-08-12 18:15,Takeaway,Beverage,Fresh Orange Juice,2,19.00,38.00,Card,-,-,Tuesday,Dinner,Extra napkins
3848,C032,Stacey Osborne,2025-10-28 19:15,Dine-In,Food,Beef Burger,2,18.39,36.78,Cash,Valeria,12,Tuesday,Dinner,
3849,C032,Stacey Osborne,2025-11-21 13:20,Dine-In,Beverage,Iced Tea,2,18.37,36.74,Mobile Payment,Ana,24,Friday,Lunch,No onions
3850,C032,Stacey Osborne,2025-02-11 08:10,Takeaway,Food,Veggie Sandwich,2,14.27,28.54,Card,-,-,Tuesday,Breakfast,No onions
3851,C032,Stacey Osborne,2025-04-28 09:40,Delivery,Food,Veggie Sandwich,2,15.38,30.76,Mobile Payment,-,-,Monday,Breakfast,
3852,C032,Stacey Osborne,2025-12-09 12:10,Delivery,Beverage,Green Smoothie,2,16.92,33.84,Cash,-,-,Tuesday,Lunch,
3853,C036,Joseph Tran,2025-10-06 09:00,Dine-In,Beverage,Mojito,2,16.67,33.34,Mobile Payment,Miguel,13,Monday,Breakfast,Less sugar
3854,C036,Joseph Tran,2025-06-30 08:45,Takeaway,Beverage,Fresh Orange Juice,2,13.62,27.24,Mobile Payment,-,-,Monday,Breakfast,
3855,C036,Joseph Tran,2025-12-31 21:15,Dine-In,Food,Pasta Alfredo,2,14.30,28.60,Cash,Juan,3,Wednesday,Dinner,Gluten-free
3856,C036,Joseph Tran,2025-11-10 08:15,Dine-In,Beverage,Mojito,1,14.30,14.30,Card,Ana,11,Monday,Breakfast,Less sugar
3857,C036,Joseph Tran,2025-04-22 20:00,Dine-In,Beverage,Iced Tea,1,12.67,12.67,Card,Valeria,27,Tuesday,Dinner,
3858,C036,Joseph Tran,2025-08-25 14:45,Dine-In,Beverage,Mineral Water,2,13.13,26.26,Card,Juan,20,Monday,Lunch,Extra napkins
3859,C039,Brian Boyd,2025-03-18 20:20,Delivery,Food,Beef Burger,1,19.93,19.93,Cash,-,-,Tuesday,Dinner,
3860,C039,Brian Boyd,2025-10-28 14:15,Dine-In,Beverage,Mojito,2,12.34,24.68,Cash,Ana,23,Tuesday,Lunch,No onions
3861,C039,Brian Boyd,2025-02-25 13:40,Dine-In,Beverage,Cappuccino,1,16.55,16.55,Cash,Juan,25,Tuesday,Lunch,No onions
3862,C039,Brian Boyd,2025-12-12 18:05,Takeaway,Beverage,Latte,2,18.06,36.12,Cash,-,-,Friday,Dinner,
3863,C039,Brian Boyd,2025-04-10 08:30,Dine-In,Food,Pasta Alfredo,1,18.53,18.53,Cash,Carlos,14,Thursday,Breakfast,No onions
3864,C039,Brian Boyd,2025-07-07 19:30,Dine-In,Beverage,Green Smoothie,2,18.21,36.42,Cash,Valeria,2,Monday,Dinner,
3865,C040,Tony Clayton,2025-11-02 14:45,Takeaway,Food,Grilled Chicken,1,13.76,13.76,Card,-,-,Sunday,Lunch,Extra napkins
3866,C040,Tony Clayton,2025-06-20 12:15,Dine-In,Food,Pasta Alfredo,1,14.90,14.90,Mobile Payment,Ana,30,Friday,Lunch,No onions
3867,C040,Tony Clayton,2025-10-21 09:45,Dine-In,Beverage,Mineral Water,2,18.10,36.20,Card,Carlos,16,Tuesday,Breakfast,
3868,C040,Tony Clayton,2025-04-18 21:50,Takeaway,Beverage,Cappuccino,1,12.28,12.28,Cash,-,-,Friday,Dinner,
3869,C040,Tony Clayton,2025-05-12 20:45,Dine-In,Beverage,Mojito,2,12.44,24.88,Mobile Payment,Carlos,5,Monday,Dinner,Less sugar
3870,C040,Tony Clayton,2025-09-26 18:10,Dine-In,Beverage,Cappuccino,2,19.33,38.66,Card,Valeria,21,Friday,Dinner,
3871,C042,Robert Ramirez,2025-03-19 21:30,Dine-In,Beverage,Iced Tea,2,19.74,39.48,Cash,Miguel,16,Wednesday,Dinner,Extra napkins
3872,C042,Robert Ramirez,2025-05-11 20:40,Takeaway,Beverage,Mineral Water,1,18.04,18.04,Mobile Payment,-,-,Sunday,Dinner,Gluten-free
3873,C042,Robert Ramirez,2025-07-29 19:05,Takeaway,Food,Margherita Pizza,2,17.40,34.80,Mobile Payment,-,-,Tuesday,Dinner,
3874,C042,Robert Ramirez,2025-02-14 20:50,Dine-In,Food,Pasta Alfredo,2,15.56,31.12,Card,Miguel,16,Friday,Dinner,
3875,C042,Robert Ramirez,2025-04-19 18:45,Dine-In,Food,Margherita Pizza,2,19.21,38.42,Cash,Carlos,27,Saturday,Dinner,Less sugar
3876,C047,Jean Thomas,2025-04-15 19:05,Dine-In,Food,Sushi Roll,2,17.53,35.06,Card,Juan,20,Tuesday,Dinner,
3877,C047,Jean Thomas,2025-08-18 18:20,Delivery,Food,Beef Burger,2,12.77,25.54,Card,-,-,Monday,Dinner,Extra napkins
3878,C047,Jean Thomas,2025-03-27 19:35,Dine-In,Beverage,Mineral Water,2,18.04,36.08,Cash,Valeria,21,Thursday,Dinner,Gluten-free
3879,C047,Jean Thomas,2025-01-04 20:10,Dine-In,Food,Margherita Pizza,2,18.88,37.76,Cash,Ana,16,Saturday,Dinner,
3880,C047,Jean Thomas,2025-12-12 12:20,Delivery,Beverage,Mojito,1,12.46,12.46,Mobile Payment,-,-,Friday,Lunch,Less sugar
3881,C047,Jean Thomas,2025-10-02 19:40,Dine-In,Food,Pasta Alfredo,1,19.01,19.01,Cash,Carlos,29,Thursday,Dinner,Extra napkins
3882,C049,Alexandria Mitchell,2025-06-17 13:45,Takeaway,Beverage,Fresh Orange Juice,2,13.62,27.24,Cash,-,-,Tuesday,Lunch,No onions
3883,C049,Alexandria Mitchell,2025-08-01 14:05,Delivery,Food,Caesar Salad,1,11.94,11.94,Mobile Payment,-,-,Friday,Lunch,
3884,C049,Alexandria Mitchell,2025-02-14 09:15,Dine-In,Food,Caesar Salad,2,17.44,34.88,Card,Valeria,5,Friday,Breakfast,Less sugar
3885,C049,Alexandria Mitchell,2025-11-03 14:35,Dine-In,Food,Sushi Roll,1,19.82,19.82,Mobile Payment,Juan,4,Monday,Lunch,Less sugar
3886,C049,Alexandria Mitchell,2025-05-07 08:30,Dine-In,Food,Caesar Salad,1,16.82,16.82,Card,Carlos,23,Wednesday,Breakfast,Extra napkins
3887,C049,Alexandria Mitchell,2025-07-20 12:15,Delivery,Beverage,Iced Tea,2,14.06,28.12,Card,-,-,Sunday,Lunch,
3888,C049,Alexandria Mitchell,2025-10-03 13:15,Takeaway,Beverage,Fresh Orange Juice,2,16.95,33.90,Cash,-,-,Friday,Lunch,
3889,C049,Alexandria Mitchell,2025-04-23 12:05,Dine-In,Beverage,Iced Tea,1,17.18,17.18,Cash,Valeria,9,Wednesday,Lunch,
3890,C049,Alexandria Mitchell,2025-01-17 14:35,Dine-In,Food,Grilled Chicken,1,19.41,19.41,Mobile Payment,Juan,8,Friday,Lunch,Extra napkins
3891,C058,Justin Williams,2025-08-14 12:05,Takeaway,Food,Grilled Chicken,2,19.01,38.02,Card,-,-,Thursday,Lunch,Extra napkins
3892,C058,Justin Williams,2025-07-30 13:10,Dine-In,Food,Grilled Chicken,1,18.13,18.13,Card,Juan,18,Wednesday,Lunch,
3893,C058,Justin Williams,2025-12-24 09:10,Delivery,Food,Grilled Chicken,1,13.76,13.76,Mobile Payment,-,-,Wednesday,Breakfast,No onions
3894,C058,Justin Williams,2025-03-21 18:05,Delivery,Beverage,Mojito,2,16.37,32.74,Mobile Payment,-,-,Friday,Dinner,Extra napkins
3895,C058,Justin Williams,2025-04-27 19:45,Dine-In,Beverage,Iced Tea,2,19.62,39.24,Cash,Miguel,19,Sunday,Dinner,
3896,C058,Justin Williams,2025-05-07 09:45,Dine-In,Beverage,Cappuccino,1,14.85,14.85,Mobile Payment,Ana,19,Wednesday,Breakfast,No onions
3897,C058,Justin Williams,2025-02-15 19:20,Dine-In,Food,Margherita Pizza,2,15.37,30.74,Card,Ana,3,Saturday,Dinner,
3898,C061,Pamela Adams,2025-01-24 13:05,Dine-In,Beverage,Latte,2,14.84,29.68,Card,Carlos,22,Friday,Lunch,
3899,C061,Pamela Adams,2025-11-20 19:35,Dine-In,Food,Margherita Pizza,1,18.58,18.58,Card,Valeria,13,Thursday,Dinner,Less sugar
3900,C061,Pamela Adams,2025-08-29 08:35,Dine-In,Food,Margherita Pizza,2,13.39,26.78,Card,Miguel,26,Friday,Breakfast,
3901,C061,Pamela Adams,2025-05-07 21:30,Takeaway,Beverage,Iced Tea,2,14.00,28.00,Card,-,-,Wednesday,Dinner,
3902,C061,Pamela Adams,2025-09-23 21:45,Takeaway,Beverage,Cappuccino,2,18.98,37.96,Card,-,-,Tuesday,Dinner,
3903,C061,Pamela Adams,2025-12-05 18:30,Takeaway,Beverage,Green Smoothie,1,13.81,13.81,Mobile Payment,-,-,Friday,Dinner,Gluten-free
3904,C064,Anthony Patton,2025-12-12 19:20,Dine-In,Beverage,Cappuccino,1,12.28,12.28,Mobile Payment,Valeria,14,Friday,Dinner,Extra napkins
3905,C064,Anthony Patton,2025-03-06 13:00,Dine-In,Beverage,Fresh Orange Juice,1,13.62,13.62,Mobile Payment,Miguel,27,Thursday,Lunch,
3906,C064,Anthony Patton,2025-08-13 21:05,Delivery,Beverage,Fresh Orange Juice,2,12.17,24.34,Mobile Payment,-,-,Wednesday,Dinner,
3907,C064,Anthony Patton,2025-04-05 09:40,Dine-In,Beverage,Latte,2,16.09,32.18,Cash,Valeria,8,Saturday,Breakfast,Extra napkins
3908,C064,Anthony Patton,2025-11-30 13:50,Takeaway,Beverage,Mojito,1,15.93,15.93,Cash,-,-,Sunday,Lunch,Less sugar
3909,C064,Anthony Patton,2025-09-02 20:15,Delivery,Beverage,Latte,2,13.80,27.60,Cash,-,-,Tuesday,Dinner,Extra napkins
3910,C064,Anthony Patton,2025-07-11 19:05,Dine-In,Beverage,Latte,2,13.80,27.60,Mobile Payment,Carlos,7,Friday,Dinner,
3911,C259,Sandra Fernandez,2025-05-31 09:05,Dine-In,Food,Margherita Pizza,1,18.74,18.74,Cash,Juan,25,Saturday,Breakfast,Extra napkins
3912,C259,Sandra Fernandez,2025-09-05 20:45,Dine-In,Beverage,Mojito,2,14.09,28.18,Cash,Juan,24,Friday,Dinner,Gluten-free
3913,C259,Sandra Fernandez,2025-04-06 21:20,Dine-In,Food,Veggie Sandwich,2,19.38,38.76,Cash,Miguel,5,Sunday,Dinner,
3914,C259,Sandra Fernandez,2025-07-27 13:15,Delivery,Food,Pasta Alfredo,2,19.01,38.02,Mobile Payment,-,-,Sunday,Lunch,No onions
3915,C259,Sandra Fernandez,2025-02-07 08:30,Takeaway,Food,Pasta Alfredo,2,12.82,25.64,Mobile Payment,-,-,Friday,Breakfast,No onions
3916,C259,Sandra Fernandez,2025-06-06 20:15,Takeaway,Beverage,Mineral Water,2,17.06,34.12,Cash,-,-,Friday,Dinner,
3917,C259,Sandra Fernandez,2025-10-27 09:50,Delivery,Beverage,Cappuccino,2,18.61,37.22,Card,-,-,Monday,Breakfast,
3918,C259,Sandra Fernandez,2025-12-22 18:30,Dine-In,Beverage,Mineral Water,1,13.96,13.96,Cash,Miguel,1,Monday,Dinner,
3919,C260,Charles Howard,2025-06-05 13:40,Dine-In,Food,Margherita Pizza,2,19.53,39.06,Cash,Juan,15,Thursday,Lunch,
3920,C260,Charles Howard,2025-03-27 14:45,Takeaway,Food,Caesar Salad,2,13.43,26.86,Cash,-,-,Thursday,Lunch,
3921,C260,Charles Howard,2025-04-09 09:10,Takeaway,Food,Veggie Sandwich,2,17.83,35.66,Cash,-,-,Wednesday,Breakfast,
3922,C260,Charles Howard,2025-02-23 13:40,Delivery,Beverage,Iced Tea,2,14.06,28.12,Card,-,-,Sunday,Lunch,No onions
3923,C260,Charles Howard,2025-01-09 20:05,Dine-In,Food,Margherita Pizza,2,12.08,24.16,Mobile Payment,Carlos,21,Thursday,Dinner,No onions
3924,C260,Charles Howard,2025-10-04 14:00,Delivery,Beverage,Latte,1,15.42,15.42,Mobile Payment,-,-,Saturday,Lunch,Gluten-free
3925,C260,Charles Howard,2025-08-28 12:35,Dine-In,Food,Pasta Alfredo,2,14.52,29.04,Cash,Ana,27,Thursday,Lunch,Extra napkins
3926,C262,Richard French DDS,2025-06-25 18:40,Dine-In,Beverage,Cappuccino,1,18.67,18.67,Card,Carlos,20,Wednesday,Dinner,
3927,C262,Richard French DDS,2025-05-27 18:45,Dine-In,Beverage,Iced Tea,2,12.94,25.88,Mobile Payment,Valeria,11,Tuesday,Dinner,No onions
3928,C262,Richard French DDS,2025-11-08 19:35,Delivery,Food,Caesar Salad,2,18.29,36.58,Card,-,-,Saturday,Dinner,
3929,C262,Richard French DDS,2025-01-07 13:10,Dine-In,Beverage,Fresh Orange Juice,1,12.51,12.51,Mobile Payment,Ana,12,Tuesday,Lunch,Gluten-free
3930,C262,Richard French DDS,2025-10-21 18:35,Takeaway,Beverage,Iced Tea,2,16.16,32.32,Card,-,-,Tuesday,Dinner,
3931,C262,Richard French DDS,2025-09-23 19:15,Dine-In,Beverage,Iced Tea,2,17.07,34.14,Card,Carlos,12,Tuesday,Dinner,
3932,C262,Richard French DDS,2025-04-09 09:50,Takeaway,Food,Caesar Salad,2,17.39,34.78,Card,-,-,Wednesday,Breakfast,
3933,C265,Christina Robinson,2025-01-19 19:30,Dine-In,Beverage,Mojito,2,17.24,34.48,Mobile Payment,Miguel,30,Sunday,Dinner,Gluten-free
3934,C265,Christina Robinson,2025-09-15 09:50,Delivery,Beverage,Iced Tea,2,12.45,24.90,Card,-,-,Monday,Breakfast,
3935,C265,Christina Robinson,2025-08-21 21:30,Takeaway,Food,Sushi Roll,1,12.11,12.11,Mobile Payment,-,-,Thursday,Dinner,
3936,C265,Christina Robinson,2025-12-22 12:05,Delivery,Beverage,Fresh Orange Juice,2,13.94,27.88,Card,-,-,Monday,Lunch,No onions
3937,C265,Christina Robinson,2025-03-19 21:45,Delivery,Beverage,Green Smoothie,2,19.95,39.90,Cash,-,-,Wednesday,Dinner,
3938,C265,Christina Robinson,2025-10-31 21:50,Takeaway,Beverage,Cappuccino,1,17.14,17.14,Cash,-,-,Friday,Dinner,Gluten-free
3939,C265,Christina Robinson,2025-04-15 20:20,Delivery,Food,Veggie Sandwich,2,14.91,29.82,Mobile Payment,-,-,Tuesday,Dinner,Gluten-free
3940,C267,Allison Craig,2025-03-15 14:30,Dine-In,Food,Caesar Salad,2,12.54,25.08,Card,Miguel,12,Saturday,Lunch,Less sugar
3941,C267,Allison Craig,2025-10-16 13:35,Takeaway,Food,Sushi Roll,2,18.95,37.90,Cash,-,-,Thursday,Lunch,
3942,C267,Allison Craig,2025-12-26 19:10,Delivery,Food,Veggie Sandwich,1,14.27,14.27,Card,-,-,Friday,Dinner,Less sugar
3943,C267,Allison Craig,2025-08-18 13:20,Dine-In,Food,Grilled Chicken,1,15.42,15.42,Card,Valeria,15,Monday,Lunch,Gluten-free
3944,C267,Allison Craig,2025-01-23 13:35,Delivery,Food,Grilled Chicken,2,13.76,27.52,Cash,-,-,Thursday,Lunch,
3945,C267,Allison Craig,2025-07-27 08:05,Delivery,Beverage,Mineral Water,1,18.04,18.04,Mobile Payment,-,-,Sunday,Breakfast,Extra napkins
3946,C269,Brian Taylor,2025-02-06 14:05,Takeaway,Food,Veggie Sandwich,1,14.13,14.13,Mobile Payment,-,-,Thursday,Lunch,No onions
3947,C269,Brian Taylor,2025-07-03 08:10,Dine-In,Food,Caesar Salad,1,16.35,16.35,Mobile Payment,Carlos,28,Thursday,Breakfast,Extra napkins
3948,C269,Brian Taylor,2025-06-19 09:50,Dine-In,Beverage,Latte,1,16.14,16.14,Cash,Ana,4,Thursday,Breakfast,
3949,C269,Brian Taylor,2025-12-31 09:40,Delivery,Beverage,Fresh Orange Juice,1,13.62,13.62,Card,-,-,Wednesday,Breakfast,
3950,C269,Brian Taylor,2025-01-05 18:05,Dine-In,Beverage,Latte,1,18.90,18.90,Mobile Payment,Valeria,29,Sunday,Dinner,Extra napkins
3951,C269,Brian Taylor,2025-11-30 21:40,Dine-In,Food,Pasta Alfredo,2,13.25,26.50,Card,Juan,26,Sunday,Dinner,Gluten-free
3952,C269,Brian Taylor,2025-04-03 09:40,Dine-In,Food,Grilled Chicken,1,13.20,13.20,Cash,Carlos,27,Thursday,Breakfast,
3953,C269,Brian Taylor,2025-09-15 18:50,Delivery,Food,Grilled Chicken,2,12.66,25.32,Card,-,-,Monday,Dinner,
3954,C272,Luke Koch,2025-09-26 13:10,Delivery,Beverage,Mojito,1,15.93,15.93,Mobile Payment,-,-,Friday,Lunch,
3955,C272,Luke Koch,2025-03-13 21:15,Dine-In,Beverage,Mineral Water,2,13.96,27.92,Card,Juan,24,Thursday,Dinner,Extra napkins
3956,C272,Luke Koch,2025-10-28 20:35,Takeaway,Food,Veggie Sandwich,1,14.91,14.91,Card,-,-,Tuesday,Dinner,Gluten-free
3957,C272,Luke Koch,2025-02-13 14:10,Takeaway,Beverage,Iced Tea,1,13.54,13.54,Card,-,-,Thursday,Lunch,Less sugar
3958,C272,Luke Koch,2025-01-20 14:15,Delivery,Food,Beef Burger,1,19.66,19.66,Card,-,-,Monday,Lunch,Extra napkins
3959,C272,Luke Koch,2025-08-04 08:20,Takeaway,Beverage,Green Smoothie,2,18.30,36.60,Cash,-,-,Monday,Breakfast,
3960,C272,Luke Koch,2025-11-02 19:05,Dine-In,Food,Sushi Roll,1,13.20,13.20,Card,Carlos,22,Sunday,Dinner,No onions
3961,C272,Luke Koch,2025-04-02 21:50,Delivery,Food,Margherita Pizza,2,15.66,31.32,Card,-,-,Wednesday,Dinner,Less sugar
3962,C272,Luke Koch,2025-07-18 12:40,Dine-In,Food,Veggie Sandwich,2,11.99,23.98,Cash,Ana,2,Friday,Lunch,
3963,C273,Jeremy Mcintyre,2025-06-10 20:30,Delivery,Beverage,Mineral Water,1,18.46,18.46,Card,-,-,Tuesday,Dinner,
3964,C273,Jeremy Mcintyre,2025-05-10 20:20,Dine-In,Food,Sushi Roll,1,15.33,15.33,Card,Ana,23,Saturday,Dinner,
3965,C273,Jeremy Mcintyre,2025-04-13 08:35,Dine-In,Food,Pasta Alfredo,1,18.53,18.53,Mobile Payment,Carlos,26,Sunday,Breakfast,Gluten-free
3966,C273,Jeremy Mcintyre,2025-12-04 20:20,Takeaway,Beverage,Green Smoothie,1,18.30,18.30,Card,-,-,Thursday,Dinner,Gluten-free
3967,C273,Jeremy Mcintyre,2025-10-08 20:50,Delivery,Food,Sushi Roll,2,11.82,23.64,Cash,-,-,Wednesday,Dinner,Less sugar
3968,C273,Jeremy Mcintyre,2025-02-01 14:10,Takeaway,Food,Veggie Sandwich,2,15.38,30.76,Cash,-,-,Saturday,Lunch,Less sugar
3969,C273,Jeremy Mcintyre,2025-11-04 14:20,Dine-In,Beverage,Cappuccino,2,13.46,26.92,Mobile Payment,Miguel,24,Tuesday,Lunch,Extra napkins
3970,C273,Jeremy Mcintyre,2025-07-30 20:30,Delivery,Food,Sushi Roll,2,11.82,23.64,Cash,-,-,Wednesday,Dinner,
3971,C277,Roger Cummings,2025-04-10 20:05,Delivery,Food,Pasta Alfredo,1,13.81,13.81,Mobile Payment,-,-,Thursday,Dinner,
3972,C277,Roger Cummings,2025-07-30 20:15,Dine-In,Food,Veggie Sandwich,1,13.37,13.37,Mobile Payment,Ana,25,Wednesday,Dinner,
3973,C277,Roger Cummings,2025-01-01 08:10,Takeaway,Beverage,Latte,1,16.97,16.97,Cash,-,-,Wednesday,Breakfast,
3974,C277,Roger Cummings,2025-11-21 19:10,Delivery,Food,Caesar Salad,1,12.91,12.91,Card,-,-,Friday,Dinner,
3975,C277,Roger Cummings,2025-10-10 18:20,Delivery,Food,Margherita Pizza,1,13.78,13.78,Mobile Payment,-,-,Friday,Dinner,
3976,C277,Roger Cummings,2025-03-26 20:20,Takeaway,Beverage,Mineral Water,1,13.96,13.96,Mobile Payment,-,-,Wednesday,Dinner,Less sugar
3977,C277,Roger Cummings,2025-09-22 12:50,Takeaway,Food,Caesar Salad,1,19.77,19.77,Cash,-,-,Monday,Lunch,Gluten-free
3978,C277,Roger Cummings,2025-02-24 13:35,Dine-In,Beverage,Fresh Orange Juice,2,17.49,34.98,Card,Valeria,19,Monday,Lunch,Extra napkins
3979,C281,Clifford Brown,2025-03-19 13:20,Takeaway,Beverage,Green Smoothie,2,15.50,31.00,Mobile Payment,-,-,Wednesday,Lunch,Extra napkins
3980,C281,Clifford Brown,2025-08-22 21:45,Delivery,Beverage,Green Smoothie,1,19.95,19.95,Mobile Payment,-,-,Friday,Dinner,
3981,C281,Clifford Brown,2025-04-12 20:10,Dine-In,Beverage,Green Smoothie,2,19.95,39.90,Mobile Payment,Carlos,30,Saturday,Dinner,Gluten-free
3982,C281,Clifford Brown,2025-09-16 18:20,Dine-In,Food,Sushi Roll,1,15.62,15.62,Card,Carlos,22,Tuesday,Dinner,
3983,C281,Clifford Brown,2025-11-30 20:20,Dine-In,Beverage,Mineral Water,2,17.32,34.64,Cash,Juan,15,Sunday,Dinner,Gluten-free
3984,C281,Clifford Brown,2025-02-14 09:50,Delivery,Beverage,Cappuccino,1,19.07,19.07,Mobile Payment,-,-,Friday,Breakfast,Less sugar
3985,C281,Clifford Brown,2025-10-20 14:00,Dine-In,Beverage,Fresh Orange Juice,2,12.17,24.34,Card,Juan,30,Monday,Lunch,
3986,C281,Clifford Brown,2025-01-25 18:10,Dine-In,Food,Pasta Alfredo,1,15.89,15.89,Mobile Payment,Juan,6,Saturday,Dinner,No onions
3987,C285,Brian Diaz,2025-03-29 21:20,Dine-In,Beverage,Iced Tea,1,18.37,18.37,Cash,Valeria,9,Saturday,Dinner,Extra napkins
3988,C285,Brian Diaz,2025-04-19 13:00,Delivery,Beverage,Mojito,2,15.65,31.30,Mobile Payment,-,-,Saturday,Lunch,No onions
3989,C285,Brian Diaz,2025-08-18 18:05,Dine-In,Food,Margherita Pizza,1,14.72,14.72,Card,Miguel,26,Monday,Dinner,
3990,C285,Brian Diaz,2025-07-23 12:40,Dine-In,Beverage,Cappuccino,2,13.30,26.60,Mobile Payment,Juan,4,Wednesday,Lunch,Extra napkins
3991,C285,Brian Diaz,2025-09-19 19:20,Dine-In,Beverage,Fresh Orange Juice,1,12.51,12.51,Cash,Ana,13,Friday,Dinner,Less sugar
3992,C285,Brian Diaz,2025-02-16 14:30,Dine-In,Food,Margherita Pizza,1,14.30,14.30,Card,Ana,19,Sunday,Lunch,Gluten-free
3993,C285,Brian Diaz,2025-01-29 21:45,Takeaway,Beverage,Cappuccino,2,16.17,32.34,Cash,-,-,Wednesday,Dinner,No onions
3994,C286,Jessica Stephens,2025-02-01 21:20,Dine-In,Food,Grilled Chicken,1,15.30,15.30,Mobile Payment,Juan,22,Saturday,Dinner,Less sugar
3995,C286,Jessica Stephens,2025-06-04 12:10,Dine-In,Beverage,Green Smoothie,1,11.89,11.89,Card,Juan,24,Wednesday,Lunch,
3996,C286,Jessica Stephens,2025-05-10 20:10,Delivery,Beverage,Mineral Water,1,13.13,13.13,Card,-,-,Saturday,Dinner,Gluten-free
3997,C286,Jessica Stephens,2025-03-02 14:40,Delivery,Beverage,Cappuccino,1,14.85,14.85,Card,-,-,Sunday,Lunch,Extra napkins
3998,C286,Jessica Stephens,2025-10-22 09:15,Dine-In,Beverage,Green Smoothie,2,19.95,39.90,Cash,Valeria,12,Wednesday,Breakfast,
3999,C286,Jessica Stephens,2025-08-28 18:50,Dine-In,Beverage,Fresh Orange Juice,1,15.12,15.12,Card,Carlos,13,Thursday,Dinner,No onions
4000,C301,Connie Morales,2025-05-17 19:35,Delivery,Food,Grilled Chicken,1,14.21,14.21,Card,-,-,Saturday,Dinner,Extra napkins
4001,C301,Connie Morales,2025-07-11 12:40,Dine-In,Food,Pasta Alfredo,2,15.71,31.42,Cash,Ana,13,Friday,Lunch,Less sugar
4002,C301,Connie Morales,2025-01-06 21:40,Takeaway,Beverage,Iced Tea,1,18.37,18.37,Card,-,-,Monday,Dinner,
4003,C301,Connie Morales,2025-10-23 20:30,Delivery,Food,Grilled Chicken,1,12.79,12.79,Cash,-,-,Thursday,Dinner,No onions
4004,C301,Connie Morales,2025-04-11 08:45,Takeaway,Food,Margherita Pizza,2,18.88,37.76,Cash,-,-,Friday,Breakfast,Less sugar
4005,C301,Connie Morales,2025-03-04 18:15,Dine-In,Beverage,Iced Tea,1,17.43,17.43,Mobile Payment,Ana,3,Tuesday,Dinner,Gluten-free
4006,C301,Connie Morales,2025-08-15 19:50,Dine-In,Food,Margherita Pizza,2,17.48,34.96,Card,Ana,4,Friday,Dinner,
4007,C301,Connie Morales,2025-12-30 09:45,Delivery,Beverage,Mojito,1,15.65,15.65,Mobile Payment,-,-,Tuesday,Breakfast,No onions
4008,C305,Richard Kennedy,2025-04-07 18:10,Dine-In,Food,Caesar Salad,1,15.08,15.08,Card,Juan,3,Monday,Dinner,Gluten-free
4009,C305,Richard Kennedy,2025-09-14 08:20,Delivery,Beverage,Iced Tea,2,17.43,34.86,Card,-,-,Sunday,Breakfast,
4010,C305,Richard Kennedy,2025-05-29 13:35,Takeaway,Beverage,Cappuccino,2,19.33,38.66,Mobile Payment,-,-,Thursday,Lunch,
4011,C305,Richard Kennedy,2025-12-11 21:30,Delivery,Beverage,Mineral Water,2,12.02,24.04,Card,-,-,Thursday,Dinner,
4012,C305,Richard Kennedy,2025-06-07 18:05,Dine-In,Food,Beef Burger,2,19.39,38.78,Cash,Ana,21,Saturday,Dinner,Less sugar
4013,C305,Richard Kennedy,2025-11-02 19:05,Dine-In,Food,Pasta Alfredo,2,12.09,24.18,Cash,Valeria,23,Sunday,Dinner,
4014,C305,Richard Kennedy,2025-07-10 18:10,Dine-In,Food,Sushi Roll,2,18.95,37.90,Cash,Miguel,5,Thursday,Dinner,Less sugar
4015,C305,Richard Kennedy,2025-08-10 08:50,Dine-In,Food,Veggie Sandwich,2,15.03,30.06,Cash,Juan,10,Sunday,Breakfast,
4016,C305,Richard Kennedy,2025-10-25 13:00,Dine-In,Beverage,Mojito,1,14.35,14.35,Mobile Payment,Valeria,8,Saturday,Lunch,Gluten-free
4017,C307,Debbie Weaver,2025-10-17 09:20,Dine-In,Beverage,Latte,1,17.87,17.87,Cash,Miguel,26,Friday,Breakfast,Gluten-free
4018,C307,Debbie Weaver,2025-02-16 18:15,Dine-In,Food,Veggie Sandwich,1,13.51,13.51,Cash,Miguel,23,Sunday,Dinner,Extra napkins
4019,C307,Debbie Weaver,2025-07-03 19:10,Takeaway,Beverage,Latte,1,18.13,18.13,Mobile Payment,-,-,Thursday,Dinner,Extra napkins
4020,C307,Debbie Weaver,2025-12-07 19:35,Takeaway,Food,Beef Burger,2,13.99,27.98,Mobile Payment,-,-,Sunday,Dinner,No onions
4021,C307,Debbie Weaver,2025-01-23 09:15,Dine-In,Beverage,Cappuccino,2,18.98,37.96,Card,Miguel,6,Thursday,Breakfast,
4022,C307,Debbie Weaver,2025-05-16 21:00,Delivery,Beverage,Mojito,2,12.46,24.92,Card,-,-,Friday,Dinner,
4023,C311,Andrew Herrera,2025-06-26 12:05,Dine-In,Beverage,Mineral Water,1,17.06,17.06,Mobile Payment,Ana,3,Thursday,Lunch,Gluten-free
4024,C311,Andrew Herrera,2025-04-18 12:15,Takeaway,Food,Caesar Salad,1,16.60,16.60,Card,-,-,Friday,Lunch,Extra napkins
4025,C311,Andrew Herrera,2025-07-27 20:30,Delivery,Beverage,Mineral Water,2,12.02,24.04,Card,-,-,Sunday,Dinner,
4026,C311,Andrew Herrera,2025-01-15 12:05,Dine-In,Food,Pasta Alfredo,2,13.81,27.62,Card,Valeria,21,Wednesday,Lunch,Less sugar
4027,C311,Andrew Herrera,2025-12-10 09:40,Delivery,Beverage,Iced Tea,2,19.82,39.64,Cash,-,-,Wednesday,Breakfast,No onions
4028,C311,Andrew Herrera,2025-09-03 19:05,Dine-In,Food,Veggie Sandwich,2,12.53,25.06,Card,Carlos,7,Wednesday,Dinner,
4029,C311,Andrew Herrera,2025-02-21 18:00,Dine-In,Food,Sushi Roll,1,19.42,19.42,Cash,Ana,28,Friday,Dinner,
4030,C315,Meredith Cardenas,2025-01-15 09:05,Delivery,Beverage,Mineral Water,1,13.13,13.13,Card,-,-,Wednesday,Breakfast,
4031,C315,Meredith Cardenas,2025-11-15 19:15,Delivery,Beverage,Iced Tea,2,15.02,30.04,Mobile Payment,-,-,Saturday,Dinner,Less sugar
4032,C315,Meredith Cardenas,2025-06-15 12:50,Dine-In,Beverage,Iced Tea,1,12.86,12.86,Cash,Carlos,14,Sunday,Lunch,
4033,C315,Meredith Cardenas,2025-03-17 18:50,Dine-In,Food,Grilled Chicken,2,13.55,27.10,Card,Valeria,8,Monday,Dinner,
4034,C315,Meredith Cardenas,2025-09-28 19:05,Dine-In,Food,Margherita Pizza,2,16.38,32.76,Card,Miguel,29,Sunday,Dinner,
4035,C315,Meredith Cardenas,2025-10-15 19:05,Takeaway,Food,Sushi Roll,1,16.11,16.11,Card,-,-,Wednesday,Dinner,No onions
4036,C316,Richard Mathis,2025-04-04 19:20,Dine-In,Food,Margherita Pizza,1,17.48,17.48,Mobile Payment,Juan,21,Friday,Dinner,
4037,C316,Richard Mathis,2025-07-19 21:20,Dine-In,Beverage,Iced Tea,1,13.54,13.54,Card,Valeria,20,Saturday,Dinner,
4038,C316,Richard Mathis,2025-03-07 08:00,Dine-In,Food,Caesar Salad,1,19.77,19.77,Mobile Payment,Ana,7,Friday,Breakfast,No onions
4039,C316,Richard Mathis,2025-01-19 08:00,Dine-In,Food,Caesar Salad,1,12.91,12.91,Cash,Miguel,19,Sunday,Breakfast,Extra napkins
4040,C316,Richard Mathis,2025-12-08 14:30,Delivery,Beverage,Cappuccino,1,15.50,15.50,Mobile Payment,-,-,Monday,Lunch,
4041,C316,Richard Mathis,2025-02-21 13:50,Dine-In,Food,Grilled Chicken,2,12.64,25.28,Cash,Juan,24,Friday,Lunch,No onions
4042,C316,Richard Mathis,2025-08-05 09:40,Takeaway,Beverage,Mineral Water,2,18.04,36.08,Mobile Payment,-,-,Tuesday,Breakfast,No onions
4043,C317,Dorothy Gray,2025-12-04 18:30,Dine-In,Food,Sushi Roll,2,11.82,23.64,Card,Carlos,9,Thursday,Dinner,
4044,C317,Dorothy Gray,2025-05-13 09:40,Delivery,Beverage,Mojito,1,15.65,15.65,Cash,-,-,Tuesday,Breakfast,No onions
4045,C317,Dorothy Gray,2025-08-17 13:45,Dine-In,Beverage,Mojito,1,12.44,12.44,Mobile Payment,Ana,18,Sunday,Lunch,
4046,C317,Dorothy Gray,2025-07-07 13:00,Dine-In,Food,Veggie Sandwich,2,19.40,38.80,Mobile Payment,Juan,12,Monday,Lunch,
4047,C317,Dorothy Gray,2025-04-24 08:30,Takeaway,Beverage,Mineral Water,2,17.32,34.64,Mobile Payment,-,-,Thursday,Breakfast,No onions
4048,C317,Dorothy Gray,2025-03-19 13:05,Dine-In,Food,Caesar Salad,1,16.82,16.82,Card,Carlos,30,Wednesday,Lunch,Less sugar
4049,C317,Dorothy Gray,2025-11-08 13:50,Dine-In,Food,Margherita Pizza,2,12.33,24.66,Cash,Ana,16,Saturday,Lunch,Gluten-free
4050,C317,Dorothy Gray,2025-09-13 18:50,Takeaway,Beverage,Green Smoothie,2,17.26,34.52,Cash,-,-,Saturday,Dinner,Gluten-free
4051,C317,Dorothy Gray,2025-06-23 09:15,Dine-In,Food,Caesar Salad,1,16.60,16.60,Cash,Valeria,19,Monday,Breakfast,
4052,C318,Benjamin Davila,2025-11-20 12:15,Delivery,Food,Grilled Chicken,1,12.64,12.64,Card,-,-,Thursday,Lunch,
4053,C318,Benjamin Davila,2025-12-21 14:05,Delivery,Food,Margherita Pizza,2,17.83,35.66,Cash,-,-,Sunday,Lunch,Gluten-free
4054,C318,Benjamin Davila,2025-07-15 08:20,Dine-In,Food,Margherita Pizza,2,18.88,37.76,Cash,Valeria,5,Tuesday,Breakfast,
4055,C318,Benjamin Davila,2025-04-24 09:45,Dine-In,Food,Beef Burger,2,18.39,36.78,Mobile Payment,Carlos,19,Thursday,Breakfast,Less sugar
4056,C318,Benjamin Davila,2025-10-14 09:40,Delivery,Beverage,Iced Tea,2,16.80,33.60,Card,-,-,Tuesday,Breakfast,Less sugar
4057,C318,Benjamin Davila,2025-03-21 08:10,Delivery,Beverage,Green Smoothie,2,15.50,31.00,Cash,-,-,Friday,Breakfast,
4058,C318,Benjamin Davila,2025-01-30 08:40,Dine-In,Food,Pasta Alfredo,1,18.53,18.53,Card,Valeria,2,Thursday,Breakfast,
4059,C318,Benjamin Davila,2025-08-05 20:05,Dine-In,Beverage,Green Smoothie,2,13.81,27.62,Card,Juan,1,Tuesday,Dinner,Less sugar
4060,C318,Benjamin Davila,2025-09-16 20:05,Delivery,Food,Sushi Roll,2,11.82,23.64,Cash,-,-,Tuesday,Dinner,
4061,C319,William Paul,2025-09-28 08:05,Dine-In,Beverage,Iced Tea,2,14.00,28.00,Mobile Payment,Miguel,1,Sunday,Breakfast,No onions
4062,C319,William Paul,2025-12-20 19:10,Delivery,Beverage,Cappuccino,1,16.29,16.29,Mobile Payment,-,-,Saturday,Dinner,Less sugar
4063,C319,William Paul,2025-02-19 18:15,Delivery,Beverage,Mineral Water,2,17.32,34.64,Card,-,-,Wednesday,Dinner,No onions
4064,C319,William Paul,2025-04-30 08:10,Dine-In,Beverage,Fresh Orange Juice,1,16.80,16.80,Cash,Carlos,26,Wednesday,Breakfast,Less sugar
4065,C319,William Paul,2025-10-20 13:40,Delivery,Food,Grilled Chicken,1,12.64,12.64,Cash,-,-,Monday,Lunch,Gluten-free
4066,C319,William Paul,2025-06-21 13:00,Dine-In,Beverage,Mojito,2,14.35,28.70,Cash,Juan,15,Saturday,Lunch,No onions
4067,C331,Robin Phillips,2025-09-15 08:30,Dine-In,Beverage,Latte,2,16.97,33.94,Cash,Miguel,12,Monday,Breakfast,
4068,C331,Robin Phillips,2025-07-21 21:00,Dine-In,Food,Sushi Roll,2,17.14,34.28,Mobile Payment,Juan,28,Monday,Dinner,Extra napkins
4069,C331,Robin Phillips,2025-06-07 19:45,Dine-In,Beverage,Latte,2,18.90,37.80,Mobile Payment,Carlos,28,Saturday,Dinner,Gluten-free
4070,C331,Robin Phillips,2025-10-11 09:30,Dine-In,Food,Margherita Pizza,2,16.36,32.72,Cash,Ana,8,Saturday,Breakfast,Extra napkins
4071,C331,Robin Phillips,2025-05-30 09:00,Takeaway,Food,Margherita Pizza,2,19.53,39.06,Cash,-,-,Friday,Breakfast,No onions
4072,C331,Robin Phillips,2025-02-04 08:10,Delivery,Beverage,Mojito,2,12.46,24.92,Card,-,-,Tuesday,Breakfast,No onions
4073,C331,Robin Phillips,2025-03-22 12:20,Dine-In,Beverage,Mineral Water,2,17.32,34.64,Cash,Ana,6,Saturday,Lunch,Extra napkins
4074,C331,Robin Phillips,2025-04-04 08:35,Delivery,Food,Caesar Salad,2,15.08,30.16,Mobile Payment,-,-,Friday,Breakfast,
4075,C333,Cameron Lowe,2025-12-11 08:15,Takeaway,Food,Margherita Pizza,2,12.33,24.66,Cash,-,-,Thursday,Breakfast,
4076,C333,Cameron Lowe,2025-04-10 19:35,Dine-In,Food,Pasta Alfredo,2,15.56,31.12,Card,Carlos,27,Thursday,Dinner,
4077,C333,Cameron Lowe,2025-08-29 21:15,Dine-In,Food,Grilled Chicken,2,19.01,38.02,Mobile Payment,Ana,21,Friday,Dinner,
4078,C333,Cameron Lowe,2025-09-29 20:45,Dine-In,Beverage,Fresh Orange Juice,2,15.12,30.24,Cash,Juan,20,Monday,Dinner,Less sugar
4079,C333,Cameron Lowe,2025-07-02 21:45,Delivery,Food,Beef Burger,2,18.39,36.78,Card,-,-,Wednesday,Dinner,Less sugar
4080,C333,Cameron Lowe,2025-01-04 14:50,Delivery,Beverage,Latte,1,12.39,12.39,Cash,-,-,Saturday,Lunch,Gluten-free
4081,C333,Cameron Lowe,2025-06-28 21:10,Takeaway,Beverage,Mojito,1,12.46,12.46,Card,-,-,Saturday,Dinner,No onions
4082,C333,Cameron Lowe,2025-03-21 13:45,Delivery,Beverage,Fresh Orange Juice,2,13.62,27.24,Mobile Payment,-,-,Friday,Lunch,No onions
4083,C342,Rhonda Middleton,2025-02-19 12:10,Dine-In,Food,Caesar Salad,2,19.32,38.64,Card,Carlos,3,Wednesday,Lunch,
4084,C342,Rhonda Middleton,2025-12-09 08:50,Dine-In,Beverage,Fresh Orange Juice,1,16.80,16.80,Card,Valeria,30,Tuesday,Breakfast,Less sugar
4085,C342,Rhonda Middleton,2025-03-04 08:35,Dine-In,Beverage,Iced Tea,2,15.02,30.04,Cash,Carlos,16,Tuesday,Breakfast,Gluten-free
4086,C342,Rhonda Middleton,2025-10-06 20:15,Takeaway,Beverage,Green Smoothie,2,18.00,36.00,Cash,-,-,Monday,Dinner,No onions
4087,C342,Rhonda Middleton,2025-08-02 20:40,Dine-In,Beverage,Cappuccino,2,16.76,33.52,Cash,Carlos,25,Saturday,Dinner,Extra napkins
4088,C343,Nicole Gray,2025-12-21 14:40,Dine-In,Beverage,Fresh Orange Juice,2,15.12,30.24,Card,Miguel,6,Sunday,Lunch,Gluten-free
4089,C343,Nicole Gray,2025-08-07 13:15,Takeaway,Beverage,Mineral Water,2,18.97,37.94,Card,-,-,Thursday,Lunch,Gluten-free
4090,C343,Nicole Gray,2025-10-19 12:50,Dine-In,Beverage,Fresh Orange Juice,2,17.42,34.84,Mobile Payment,Ana,27,Sunday,Lunch,
4091,C343,Nicole Gray,2025-11-18 13:10,Delivery,Food,Margherita Pizza,2,18.80,37.60,Card,-,-,Tuesday,Lunch,
4092,C343,Nicole Gray,2025-05-13 13:20,Dine-In,Beverage,Fresh Orange Juice,2,17.12,34.24,Card,Miguel,16,Tuesday,Lunch,Gluten-free
4093,C343,Nicole Gray,2025-01-30 09:45,Dine-In,Beverage,Iced Tea,1,12.67,12.67,Card,Miguel,6,Thursday,Breakfast,Extra napkins
4094,C343,Nicole Gray,2025-06-01 21:30,Dine-In,Food,Beef Burger,1,17.43,17.43,Card,Miguel,26,Sunday,Dinner,
4095,C345,Donald Sheppard,2025-10-16 08:50,Delivery,Food,Caesar Salad,1,16.82,16.82,Cash,-,-,Thursday,Breakfast,
4096,C345,Donald Sheppard,2025-02-02 09:50,Dine-In,Food,Grilled Chicken,1,13.75,13.75,Mobile Payment,Juan,9,Sunday,Breakfast,
4097,C345,Donald Sheppard,2025-08-05 14:30,Dine-In,Food,Veggie Sandwich,1,17.83,17.83,Cash,Juan,8,Tuesday,Lunch,
4098,C345,Donald Sheppard,2025-06-13 19:20,Delivery,Beverage,Green Smoothie,1,13.21,13.21,Cash,-,-,Friday,Dinner,Less sugar
4099,C345,Donald Sheppard,2025-07-24 18:45,Dine-In,Beverage,Latte,2,13.80,27.60,Mobile Payment,Carlos,17,Thursday,Dinner,Gluten-free
4100,C345,Donald Sheppard,2025-11-05 19:35,Takeaway,Food,Caesar Salad,1,17.39,17.39,Mobile Payment,-,-,Wednesday,Dinner,Gluten-free
4101,C345,Donald Sheppard,2025-01-12 12:20,Dine-In,Beverage,Iced Tea,2,17.66,35.32,Cash,Carlos,12,Sunday,Lunch,Gluten-free
4102,C345,Donald Sheppard,2025-12-15 09:45,Dine-In,Food,Caesar Salad,1,19.77,19.77,Card,Miguel,8,Monday,Breakfast,No onions
4103,C352,Hunter Powers,2025-05-06 09:20,Delivery,Beverage,Mojito,2,16.67,33.34,Card,-,-,Tuesday,Breakfast,
4104,C352,Hunter Powers,2025-03-25 12:30,Dine-In,Beverage,Mojito,2,12.46,24.92,Mobile Payment,Carlos,19,Tuesday,Lunch,Less sugar
4105,C352,Hunter Powers,2025-07-31 21:35,Delivery,Food,Sushi Roll,1,12.86,12.86,Card,-,-,Thursday,Dinner,Extra napkins
4106,C352,Hunter Powers,2025-04-12 18:05,Dine-In,Food,Margherita Pizza,2,16.38,32.76,Mobile Payment,Ana,16,Saturday,Dinner,
4107,C352,Hunter Powers,2025-02-07 19:40,Dine-In,Beverage,Green Smoothie,2,18.30,36.60,Cash,Ana,12,Friday,Dinner,Less sugar
4108,C352,Hunter Powers,2025-01-14 20:50,Dine-In,Food,Caesar Salad,2,12.91,25.82,Card,Carlos,21,Tuesday,Dinner,
4109,C358,James Watts,2025-03-26 20:30,Dine-In,Beverage,Fresh Orange Juice,1,13.94,13.94,Mobile Payment,Valeria,5,Wednesday,Dinner,No onions
4110,C358,James Watts,2025-09-09 19:45,Dine-In,Food,Pasta Alfredo,2,19.01,38.02,Cash,Miguel,22,Tuesday,Dinner,
4111,C358,James Watts,2025-04-15 09:50,Takeaway,Beverage,Cappuccino,1,18.74,18.74,Mobile Payment,-,-,Tuesday,Breakfast,
4112,C358,James Watts,2025-01-10 08:10,Dine-In,Food,Beef Burger,1,19.66,19.66,Card,Valeria,13,Friday,Breakfast,No onions
4113,C358,James Watts,2025-06-11 09:10,Dine-In,Beverage,Mojito,2,15.75,31.50,Mobile Payment,Ana,26,Wednesday,Breakfast,No onions
4114,C363,Robin Andrews,2025-04-09 19:50,Delivery,Beverage,Mojito,2,17.24,34.48,Cash,-,-,Wednesday,Dinner,No onions
4115,C363,Robin Andrews,2025-09-19 18:30,Takeaway,Beverage,Latte,1,16.09,16.09,Mobile Payment,-,-,Friday,Dinner,
4116,C363,Robin Andrews,2025-01-16 14:05,Dine-In,Food,Grilled Chicken,1,15.30,15.30,Mobile Payment,Valeria,27,Thursday,Lunch,
4117,C363,Robin Andrews,2025-08-19 14:00,Dine-In,Beverage,Iced Tea,2,12.67,25.34,Card,Miguel,3,Tuesday,Lunch,No onions
4118,C363,Robin Andrews,2025-07-21 18:00,Dine-In,Food,Veggie Sandwich,1,12.53,12.53,Cash,Juan,12,Monday,Dinner,
4119,C363,Robin Andrews,2025-02-08 18:40,Takeaway,Food,Grilled Chicken,1,13.76,13.76,Card,-,-,Saturday,Dinner,
4120,C363,Robin Andrews,2025-05-08 20:10,Delivery,Beverage,Green Smoothie,1,18.30,18.30,Card,-,-,Thursday,Dinner,Less sugar
4121,C363,Robin Andrews,2025-10-18 20:20,Delivery,Food,Grilled Chicken,2,19.41,38.82,Card,-,-,Saturday,Dinner,
4122,C363,Robin Andrews,2025-06-01 20:30,Dine-In,Food,Grilled Chicken,2,12.25,24.50,Mobile Payment,Carlos,14,Sunday,Dinner,
4123,C366,Thomas Gonzales,2025-04-16 21:35,Delivery,Beverage,Mojito,2,19.22,38.44,Card,-,-,Wednesday,Dinner,
4124,C366,Thomas Gonzales,2025-11-30 12:50,Dine-In,Beverage,Cappuccino,2,15.80,31.60,Cash,Valeria,22,Sunday,Lunch,
4125,C366,Thomas Gonzales,2025-07-15 19:05,Takeaway,Food,Sushi Roll,2,13.55,27.10,Card,-,-,Tuesday,Dinner,Gluten-free
4126,C366,Thomas Gonzales,2025-03-16 14:30,Dine-In,Food,Veggie Sandwich,1,15.73,15.73,Cash,Miguel,19,Sunday,Lunch,No onions
4127,C366,Thomas Gonzales,2025-06-21 20:10,Dine-In,Food,Pasta Alfredo,2,12.09,24.18,Cash,Carlos,28,Saturday,Dinner,
4128,C366,Thomas Gonzales,2025-08-17 09:20,Delivery,Beverage,Green Smoothie,1,16.92,16.92,Mobile Payment,-,-,Sunday,Breakfast,Gluten-free
4129,C367,Lindsey Parker,2025-02-02 18:20,Delivery,Beverage,Fresh Orange Juice,2,17.12,34.24,Mobile Payment,-,-,Sunday,Dinner,Extra napkins
4130,C367,Lindsey Parker,2025-12-08 12:40,Takeaway,Food,Pasta Alfredo,2,15.71,31.42,Card,-,-,Monday,Lunch,
4131,C367,Lindsey Parker,2025-11-18 20:20,Dine-In,Beverage,Mineral Water,2,17.06,34.12,Card,Ana,4,Tuesday,Dinner,Gluten-free
4132,C367,Lindsey Parker,2025-05-26 21:00,Takeaway,Food,Margherita Pizza,2,17.83,35.66,Cash,-,-,Monday,Dinner,
4133,C367,Lindsey Parker,2025-04-29 21:05,Dine-In,Beverage,Mineral Water,1,18.04,18.04,Card,Carlos,8,Tuesday,Dinner,
4134,C367,Lindsey Parker,2025-10-15 21:10,Delivery,Beverage,Cappuccino,2,16.76,33.52,Mobile Payment,-,-,Wednesday,Dinner,Gluten-free
4135,C367,Lindsey Parker,2025-07-01 19:40,Delivery,Food,Pasta Alfredo,2,17.38,34.76,Cash,-,-,Tuesday,Dinner,Gluten-free
4136,C367,Lindsey Parker,2025-08-10 13:00,Takeaway,Beverage,Latte,1,16.97,16.97,Cash,-,-,Sunday,Lunch,Less sugar
4137,C369,Anthony Harris,2025-11-04 21:40,Delivery,Food,Pasta Alfredo,1,14.52,14.52,Cash,-,-,Tuesday,Dinner,Less sugar
4138,C369,Anthony Harris,2025-09-23 21:05,Dine-In,Food,Veggie Sandwich,2,15.38,30.76,Cash,Carlos,18,Tuesday,Dinner,
4139,C369,Anthony Harris,2025-03-15 09:10,Delivery,Beverage,Latte,1,18.06,18.06,Cash,-,-,Saturday,Breakfast,Extra napkins
4140,C369,Anthony Harris,2025-07-19 19:15,Dine-In,Beverage,Green Smoothie,1,13.81,13.81,Mobile Payment,Carlos,27,Saturday,Dinner,
4141,C369,Anthony Harris,2025-01-20 12:15,Dine-In,Beverage,Mineral Water,2,18.97,37.94,Mobile Payment,Miguel,9,Monday,Lunch,No onions
4142,C369,Anthony Harris,2025-10-01 09:05,Dine-In,Food,Veggie Sandwich,2,11.99,23.98,Card,Carlos,1,Wednesday,Breakfast,
4143,C369,Anthony Harris,2025-02-14 18:40,Delivery,Beverage,Mojito,1,14.37,14.37,Cash,-,-,Friday,Dinner,Extra napkins
4144,C369,Anthony Harris,2025-12-15 20:15,Delivery,Food,Grilled Chicken,1,18.13,18.13,Mobile Payment,-,-,Monday,Dinner,No onions
4145,C369,Anthony Harris,2025-04-22 14:15,Takeaway,Beverage,Fresh Orange Juice,1,12.51,12.51,Card,-,-,Tuesday,Lunch,
4146,C374,Angela Schwartz,2025-08-31 12:15,Dine-In,Food,Caesar Salad,2,12.40,24.80,Cash,Ana,4,Sunday,Lunch,Extra napkins
4147,C374,Angela Schwartz,2025-12-27 19:30,Takeaway,Food,Pasta Alfredo,2,17.38,34.76,Mobile Payment,-,-,Saturday,Dinner,No onions
4148,C374,Angela Schwartz,2025-01-09 08:45,Dine-In,Beverage,Cappuccino,2,13.68,27.36,Cash,Carlos,19,Thursday,Breakfast,Gluten-free
4149,C374,Angela Schwartz,2025-10-27 21:05,Dine-In,Food,Margherita Pizza,2,18.88,37.76,Mobile Payment,Carlos,8,Monday,Dinner,Less sugar
4150,C374,Angela Schwartz,2025-06-26 12:40,Dine-In,Beverage,Latte,1,14.84,14.84,Mobile Payment,Carlos,10,Thursday,Lunch,
4151,C374,Angela Schwartz,2025-11-15 09:30,Dine-In,Beverage,Fresh Orange Juice,1,11.87,11.87,Card,Juan,20,Saturday,Breakfast,Gluten-free
4152,C374,Angela Schwartz,2025-02-02 19:35,Delivery,Beverage,Green Smoothie,2,19.13,38.26,Cash,-,-,Sunday,Dinner,
4153,C374,Angela Schwartz,2025-07-28 21:05,Delivery,Food,Grilled Chicken,2,15.30,30.60,Cash,-,-,Monday,Dinner,Extra napkins
4154,C376,Shelby Morgan,2025-09-16 18:50,Takeaway,Beverage,Cappuccino,2,16.65,33.30,Mobile Payment,-,-,Tuesday,Dinner,
4155,C376,Shelby Morgan,2025-11-15 21:15,Delivery,Beverage,Cappuccino,1,16.55,16.55,Card,-,-,Saturday,Dinner,Gluten-free
4156,C376,Shelby Morgan,2025-06-17 14:10,Delivery,Beverage,Iced Tea,2,12.67,25.34,Card,-,-,Tuesday,Lunch,Extra napkins
4157,C376,Shelby Morgan,2025-10-09 18:45,Delivery,Beverage,Fresh Orange Juice,1,16.95,16.95,Card,-,-,Thursday,Dinner,
4158,C376,Shelby Morgan,2025-04-11 13:35,Dine-In,Beverage,Mineral Water,1,18.97,18.97,Cash,Juan,8,Friday,Lunch,Extra napkins
4159,C376,Shelby Morgan,2025-01-16 12:05,Dine-In,Beverage,Cappuccino,1,13.68,13.68,Card,Valeria,25,Thursday,Lunch,
4160,C376,Shelby Morgan,2025-05-05 09:10,Dine-In,Beverage,Green Smoothie,2,12.08,24.16,Card,Miguel,2,Monday,Breakfast,Less sugar
4161,C376,Shelby Morgan,2025-02-09 21:30,Dine-In,Food,Caesar Salad,1,11.94,11.94,Mobile Payment,Carlos,27,Sunday,Dinner,Gluten-free
4162,C376,Shelby Morgan,2025-08-30 21:00,Delivery,Beverage,Iced Tea,1,17.44,17.44,Mobile Payment,-,-,Saturday,Dinner,
4163,C377,Matthew Bird,2025-07-15 21:05,Dine-In,Beverage,Latte,1,13.80,13.80,Card,Miguel,2,Tuesday,Dinner,Gluten-free
4164,C377,Matthew Bird,2025-11-07 08:10,Dine-In,Beverage,Cappuccino,2,13.51,27.02,Card,Miguel,6,Friday,Breakfast,
4165,C377,Matthew Bird,2025-12-16 12:35,Delivery,Beverage,Mojito,2,17.63,35.26,Cash,-,-,Tuesday,Lunch,Less sugar
4166,C377,Matthew Bird,2025-01-26 20:40,Dine-In,Beverage,Mineral Water,1,17.28,17.28,Cash,Ana,6,Sunday,Dinner,
4167,C377,Matthew Bird,2025-08-12 21:50,Takeaway,Beverage,Green Smoothie,2,17.26,34.52,Mobile Payment,-,-,Tuesday,Dinner,
4168,C377,Matthew Bird,2025-03-15 19:20,Delivery,Food,Margherita Pizza,1,17.83,17.83,Card,-,-,Saturday,Dinner,
4169,C377,Matthew Bird,2025-05-10 20:05,Delivery,Food,Veggie Sandwich,2,12.53,25.06,Mobile Payment,-,-,Saturday,Dinner,Extra napkins
4170,C378,Steven Hernandez,2025-02-16 19:05,Dine-In,Beverage,Iced Tea,1,16.16,16.16,Mobile Payment,Valeria,28,Sunday,Dinner,
4171,C378,Steven Hernandez,2025-06-05 20:20,Dine-In,Beverage,Mojito,2,17.64,35.28,Cash,Miguel,29,Thursday,Dinner,Less sugar
4172,C378,Steven Hernandez,2025-05-14 14:50,Dine-In,Food,Margherita Pizza,1,12.74,12.74,Mobile Payment,Miguel,26,Wednesday,Lunch,No onions
4173,C378,Steven Hernandez,2025-08-23 19:30,Takeaway,Beverage,Mojito,2,15.65,31.30,Cash,-,-,Saturday,Dinner,Extra napkins
4174,C378,Steven Hernandez,2025-04-07 18:30,Dine-In,Beverage,Mineral Water,1,17.74,17.74,Cash,Juan,15,Monday,Dinner,No onions
4175,C378,Steven Hernandez,2025-09-16 14:50,Dine-In,Food,Sushi Roll,2,12.86,25.72,Mobile Payment,Valeria,6,Tuesday,Lunch,Extra napkins
4176,C378,Steven Hernandez,2025-01-27 20:50,Dine-In,Beverage,Iced Tea,2,12.45,24.90,Cash,Valeria,27,Monday,Dinner,Extra napkins
4177,C379,Evelyn Berg,2025-10-31 08:50,Delivery,Beverage,Green Smoothie,1,18.30,18.30,Card,-,-,Friday,Breakfast,Extra napkins
4178,C379,Evelyn Berg,2025-03-18 19:45,Dine-In,Food,Margherita Pizza,2,18.94,37.88,Card,Carlos,18,Tuesday,Dinner,No onions
4179,C379,Evelyn Berg,2025-01-14 18:50,Dine-In,Beverage,Mojito,1,15.93,15.93,Cash,Juan,4,Tuesday,Dinner,
4180,C379,Evelyn Berg,2025-09-25 21:45,Delivery,Food,Grilled Chicken,2,13.55,27.10,Cash,-,-,Thursday,Dinner,Extra napkins
4181,C379,Evelyn Berg,2025-05-11 20:35,Delivery,Food,Beef Burger,1,19.39,19.39,Cash,-,-,Sunday,Dinner,Gluten-free
4182,C379,Evelyn Berg,2025-02-14 13:10,Dine-In,Food,Grilled Chicken,2,16.09,32.18,Card,Valeria,22,Friday,Lunch,Less sugar
4183,C379,Evelyn Berg,2025-07-21 08:45,Dine-In,Beverage,Iced Tea,2,16.68,33.36,Cash,Ana,4,Monday,Breakfast,Gluten-free
4184,C379,Evelyn Berg,2025-12-12 12:45,Delivery,Beverage,Iced Tea,1,17.43,17.43,Mobile Payment,-,-,Friday,Lunch,
4185,C380,Sharon Le,2025-10-13 12:50,Dine-In,Food,Pasta Alfredo,2,14.91,29.82,Card,Juan,8,Monday,Lunch,
4186,C380,Sharon Le,2025-08-31 09:30,Delivery,Food,Margherita Pizza,1,12.74,12.74,Mobile Payment,-,-,Sunday,Breakfast,No onions
4187,C380,Sharon Le,2025-11-09 19:00,Delivery,Beverage,Latte,1,18.79,18.79,Cash,-,-,Sunday,Dinner,Extra napkins
4188,C380,Sharon Le,2025-03-24 08:10,Dine-In,Food,Grilled Chicken,2,14.21,28.42,Cash,Ana,8,Monday,Breakfast,No onions
4189,C380,Sharon Le,2025-02-14 20:20,Dine-In,Food,Grilled Chicken,1,13.20,13.20,Mobile Payment,Miguel,15,Friday,Dinner,No onions
4190,C380,Sharon Le,2025-12-25 21:35,Takeaway,Beverage,Iced Tea,1,15.04,15.04,Card,-,-,Thursday,Dinner,
4191,C380,Sharon Le,2025-01-27 19:20,Delivery,Beverage,Mineral Water,2,18.75,37.50,Mobile Payment,-,-,Monday,Dinner,
4192,C388,Connor Reed,2025-01-18 18:50,Dine-In,Beverage,Mineral Water,2,16.04,32.08,Card,Ana,16,Saturday,Dinner,
4193,C388,Connor Reed,2025-08-08 19:40,Dine-In,Beverage,Latte,2,16.14,32.28,Cash,Miguel,21,Friday,Dinner,Gluten-free
4194,C388,Connor Reed,2025-07-04 09:15,Dine-In,Beverage,Mojito,2,16.37,32.74,Cash,Valeria,2,Friday,Breakfast,Gluten-free
4195,C388,Connor Reed,2025-11-25 12:00,Delivery,Food,Caesar Salad,2,15.45,30.90,Cash,-,-,Tuesday,Lunch,Less sugar
4196,C388,Connor Reed,2025-06-22 08:20,Dine-In,Beverage,Mineral Water,2,18.46,36.92,Mobile Payment,Valeria,18,Sunday,Breakfast,
4197,C388,Connor Reed,2025-12-05 09:45,Dine-In,Beverage,Mojito,1,16.37,16.37,Card,Miguel,22,Friday,Breakfast,Gluten-free
4198,C388,Connor Reed,2025-09-23 19:10,Takeaway,Food,Beef Burger,1,18.39,18.39,Mobile Payment,-,-,Tuesday,Dinner,Extra napkins
4199,C388,Connor Reed,2025-03-24 12:50,Dine-In,Food,Caesar Salad,2,19.77,39.54,Card,Juan,6,Monday,Lunch,No onions
4200,C388,Connor Reed,2025-05-11 14:15,Takeaway,Beverage,Fresh Orange Juice,1,12.51,12.51,Card,-,-,Sunday,Lunch,
4201,C398,Brent Warner,2025-10-22 14:45,Dine-In,Food,Margherita Pizza,1,18.80,18.80,Card,Carlos,5,Wednesday,Lunch,
4202,C398,Brent Warner,2025-11-13 14:00,Dine-In,Food,Pasta Alfredo,1,15.89,15.89,Cash,Valeria,3,Thursday,Lunch,Gluten-free
4203,C398,Brent Warner,2025-12-26 19:20,Delivery,Food,Caesar Salad,2,15.92,31.84,Mobile Payment,-,-,Friday,Dinner,Gluten-free
4204,C398,Brent Warner,2025-04-14 09:00,Dine-In,Beverage,Mineral Water,2,18.75,37.50,Mobile Payment,Carlos,24,Monday,Breakfast,
4205,C398,Brent Warner,2025-08-09 08:30,Dine-In,Beverage,Cappuccino,2,16.65,33.30,Cash,Miguel,1,Saturday,Breakfast,
4206,C398,Brent Warner,2025-07-25 13:05,Dine-In,Food,Pasta Alfredo,1,17.12,17.12,Cash,Juan,1,Friday,Lunch,
4207,C403,Ashley Murphy,2025-01-05 14:00,Delivery,Food,Caesar Salad,2,19.32,38.64,Cash,-,-,Sunday,Lunch,Extra napkins
4208,C403,Ashley Murphy,2025-03-26 14:00,Dine-In,Beverage,Green Smoothie,2,12.08,24.16,Mobile Payment,Miguel,10,Wednesday,Lunch,Less sugar
4209,C403,Ashley Murphy,2025-10-26 12:45,Delivery,Food,Pasta Alfredo,2,15.89,31.78,Mobile Payment,-,-,Sunday,Lunch,
4210,C403,Ashley Murphy,2025-05-23 20:15,Dine-In,Food,Sushi Roll,1,15.62,15.62,Cash,Valeria,8,Friday,Dinner,No onions
4211,C403,Ashley Murphy,2025-02-02 09:00,Dine-In,Beverage,Mineral Water,2,16.04,32.08,Mobile Payment,Juan,2,Sunday,Breakfast,Gluten-free
4212,C408,Jill Baldwin,2025-09-25 19:00,Dine-In,Food,Grilled Chicken,1,12.25,12.25,Card,Miguel,2,Thursday,Dinner,Less sugar
4213,C408,Jill Baldwin,2025-11-02 21:30,Dine-In,Beverage,Iced Tea,2,17.64,35.28,Cash,Carlos,7,Sunday,Dinner,Extra napkins
4214,C408,Jill Baldwin,2025-12-02 08:00,Dine-In,Food,Margherita Pizza,1,12.33,12.33,Card,Valeria,14,Tuesday,Breakfast,Extra napkins
4215,C408,Jill Baldwin,2025-08-06 19:40,Takeaway,Beverage,Cappuccino,1,18.67,18.67,Mobile Payment,-,-,Wednesday,Dinner,
4216,C408,Jill Baldwin,2025-05-19 14:40,Takeaway,Beverage,Fresh Orange Juice,2,17.12,34.24,Cash,-,-,Monday,Lunch,Less sugar
4217,C408,Jill Baldwin,2025-07-02 21:05,Dine-In,Beverage,Cappuccino,1,18.74,18.74,Card,Carlos,25,Wednesday,Dinner,
4218,C408,Jill Baldwin,2025-02-10 09:45,Dine-In,Beverage,Iced Tea,1,18.58,18.58,Card,Juan,5,Monday,Breakfast,
4219,C409,William Kelly,2025-03-14 09:50,Dine-In,Food,Margherita Pizza,2,17.48,34.96,Mobile Payment,Ana,11,Friday,Breakfast,Extra napkins
4220,C409,William Kelly,2025-09-29 20:50,Delivery,Beverage,Latte,2,18.06,36.12,Cash,-,-,Monday,Dinner,Gluten-free
4221,C409,William Kelly,2025-10-18 09:30,Delivery,Beverage,Green Smoothie,2,11.89,23.78,Card,-,-,Saturday,Breakfast,
4222,C409,William Kelly,2025-04-17 13:30,Dine-In,Beverage,Cappuccino,2,18.98,37.96,Card,Carlos,22,Thursday,Lunch,Less sugar
4223,C409,William Kelly,2025-02-01 20:50,Delivery,Beverage,Green Smoothie,2,19.95,39.90,Mobile Payment,-,-,Saturday,Dinner,
4224,C409,William Kelly,2025-07-15 14:10,Dine-In,Food,Sushi Roll,2,18.22,36.44,Mobile Payment,Ana,25,Tuesday,Lunch,
4225,C413,Keith Espinoza,2025-08-28 20:50,Takeaway,Beverage,Latte,1,18.13,18.13,Card,-,-,Thursday,Dinner,
4226,C413,Keith Espinoza,2025-09-11 18:30,Delivery,Food,Sushi Roll,2,13.55,27.10,Card,-,-,Thursday,Dinner,
4227,C413,Keith Espinoza,2025-12-28 08:45,Delivery,Food,Beef Burger,1,19.93,19.93,Mobile Payment,-,-,Sunday,Breakfast,
4228,C413,Keith Espinoza,2025-06-19 09:45,Takeaway,Food,Grilled Chicken,1,13.20,13.20,Cash,-,-,Thursday,Breakfast,
4229,C413,Keith Espinoza,2025-01-28 12:10,Dine-In,Food,Caesar Salad,2,12.40,24.80,Card,Juan,2,Tuesday,Lunch,Gluten-free
4230,C413,Keith Espinoza,2025-10-16 12:15,Takeaway,Food,Pasta Alfredo,1,12.09,12.09,Card,-,-,Thursday,Lunch,Less sugar
4231,C413,Keith Espinoza,2025-03-05 12:05,Takeaway,Beverage,Fresh Orange Juice,1,16.95,16.95,Mobile Payment,-,-,Wednesday,Lunch,
4232,C413,Keith Espinoza,2025-04-13 09:50,Dine-In,Food,Sushi Roll,1,18.95,18.95,Card,Carlos,4,Sunday,Breakfast,Extra napkins
4233,C414,Dustin Lucas,2025-04-25 21:00,Dine-In,Beverage,Mojito,2,14.37,28.74,Cash,Ana,7,Friday,Dinner,Extra napkins
4234,C414,Dustin Lucas,2025-10-24 08:30,Dine-In,Food,Caesar Salad,1,12.54,12.54,Mobile Payment,Valeria,16,Friday,Breakfast,
4235,C414,Dustin Lucas,2025-07-12 09:40,Takeaway,Food,Sushi Roll,1,11.82,11.82,Mobile Payment,-,-,Saturday,Breakfast,
4236,C414,Dustin Lucas,2025-11-10 12:45,Delivery,Beverage,Cappuccino,1,18.98,18.98,Card,-,-,Monday,Lunch,Gluten-free
4237,C414,Dustin Lucas,2025-01-08 12:05,Dine-In,Beverage,Iced Tea,2,17.44,34.88,Cash,Miguel,14,Wednesday,Lunch,
4238,C414,Dustin Lucas,2025-06-27 08:40,Dine-In,Food,Pasta Alfredo,2,15.89,31.78,Card,Valeria,9,Friday,Breakfast,Less sugar
4239,C418,Alexis Rodriguez,2025-01-25 08:20,Dine-In,Beverage,Latte,2,18.90,37.80,Cash,Juan,23,Saturday,Breakfast,Gluten-free
4240,C418,Alexis Rodriguez,2025-06-23 20:50,Dine-In,Beverage,Iced Tea,1,19.62,19.62,Card,Ana,18,Monday,Dinner,No onions
4241,C418,Alexis Rodriguez,2025-11-04 18:05,Takeaway,Food,Grilled Chicken,2,13.75,27.50,Card,-,-,Tuesday,Dinner,
4242,C418,Alexis Rodriguez,2025-02-24 08:05,Dine-In,Food,Margherita Pizza,1,18.80,18.80,Card,Valeria,19,Monday,Breakfast,No onions
4243,C418,Alexis Rodriguez,2025-12-19 21:35,Dine-In,Beverage,Mineral Water,2,18.97,37.94,Card,Carlos,26,Friday,Dinner,
4244,C418,Alexis Rodriguez,2025-09-02 13:35,Dine-In,Food,Margherita Pizza,2,18.74,37.48,Mobile Payment,Miguel,23,Tuesday,Lunch,
4245,C419,Jacob Wright,2025-12-14 21:45,Dine-In,Food,Grilled Chicken,2,12.79,25.58,Cash,Ana,10,Sunday,Dinner,Less sugar
4246,C419,Jacob Wright,2025-01-19 20:10,Dine-In,Beverage,Cappuccino,2,19.07,38.14,Card,Ana,10,Sunday,Dinner,
4247,C419,Jacob Wright,2025-03-31 20:05,Dine-In,Food,Grilled Chicken,1,15.37,15.37,Cash,Miguel,21,Monday,Dinner,
4248,C419,Jacob Wright,2025-04-19 09:20,Delivery,Food,Pasta Alfredo,1,14.30,14.30,Cash,-,-,Saturday,Breakfast,Gluten-free
4249,C419,Jacob Wright,2025-11-18 08:30,Delivery,Food,Grilled Chicken,1,19.01,19.01,Card,-,-,Tuesday,Breakfast,Gluten-free
4250,C419,Jacob Wright,2025-07-18 09:45,Delivery,Beverage,Cappuccino,2,17.14,34.28,Cash,-,-,Friday,Breakfast,
4251,C421,Kenneth Allen,2025-01-04 08:15,Dine-In,Food,Veggie Sandwich,1,19.87,19.87,Card,Ana,14,Saturday,Breakfast,
4252,C421,Kenneth Allen,2025-06-18 18:35,Dine-In,Beverage,Cappuccino,1,15.50,15.50,Cash,Ana,24,Wednesday,Dinner,No onions
4253,C421,Kenneth Allen,2025-08-08 13:40,Delivery,Food,Grilled Chicken,2,12.64,25.28,Card,-,-,Friday,Lunch,
4254,C421,Kenneth Allen,2025-07-19 21:45,Dine-In,Beverage,Green Smoothie,2,17.26,34.52,Mobile Payment,Carlos,19,Saturday,Dinner,Gluten-free
4255,C421,Kenneth Allen,2025-05-07 21:05,Dine-In,Beverage,Mojito,2,12.46,24.92,Cash,Juan,27,Wednesday,Dinner,
4256,C421,Kenneth Allen,2025-02-27 18:30,Dine-In,Food,Beef Burger,2,13.99,27.98,Cash,Miguel,3,Thursday,Dinner,
4257,C421,Kenneth Allen,2025-03-12 08:10,Dine-In,Food,Caesar Salad,2,13.43,26.86,Mobile Payment,Miguel,5,Wednesday,Breakfast,Extra napkins
4258,C421,Kenneth Allen,2025-12-24 13:30,Takeaway,Beverage,Iced Tea,2,13.11,26.22,Card,-,-,Wednesday,Lunch,Less sugar
4259,C424,Patrick Hobbs,2025-12-07 08:35,Dine-In,Food,Margherita Pizza,2,18.74,37.48,Mobile Payment,Ana,11,Sunday,Breakfast,
4260,C424,Patrick Hobbs,2025-06-13 08:30,Dine-In,Beverage,Green Smoothie,1,13.33,13.33,Card,Carlos,1,Friday,Breakfast,Extra napkins
4261,C424,Patrick Hobbs,2025-03-12 13:10,Delivery,Beverage,Fresh Orange Juice,2,17.12,34.24,Mobile Payment,-,-,Wednesday,Lunch,
4262,C424,Patrick Hobbs,2025-07-04 21:10,Takeaway,Food,Beef Burger,1,12.77,12.77,Card,-,-,Friday,Dinner,No onions
4263,C424,Patrick Hobbs,2025-10-26 09:40,Dine-In,Beverage,Mineral Water,2,12.88,25.76,Mobile Payment,Juan,20,Sunday,Breakfast,
4264,C424,Patrick Hobbs,2025-08-24 12:00,Takeaway,Beverage,Iced Tea,2,15.16,30.32,Mobile Payment,-,-,Sunday,Lunch,
4265,C428,Riley Mclaughlin,2025-05-16 08:20,Delivery,Food,Sushi Roll,2,18.22,36.44,Card,-,-,Friday,Breakfast,Less sugar
4266,C428,Riley Mclaughlin,2025-03-04 09:30,Takeaway,Beverage,Mojito,2,19.22,38.44,Card,-,-,Tuesday,Breakfast,Gluten-free
4267,C428,Riley Mclaughlin,2025-04-16 09:30,Takeaway,Food,Sushi Roll,1,13.67,13.67,Mobile Payment,-,-,Wednesday,Breakfast,Extra napkins
4268,C428,Riley Mclaughlin,2025-07-14 13:35,Delivery,Food,Caesar Salad,2,19.04,38.08,Cash,-,-,Monday,Lunch,
4269,C428,Riley Mclaughlin,2025-09-15 19:50,Delivery,Food,Veggie Sandwich,2,13.37,26.74,Card,-,-,Monday,Dinner,Gluten-free
4270,C428,Riley Mclaughlin,2025-10-22 20:30,Delivery,Food,Veggie Sandwich,2,11.99,23.98,Mobile Payment,-,-,Wednesday,Dinner,
4271,C428,Riley Mclaughlin,2025-06-10 20:35,Dine-In,Food,Grilled Chicken,1,15.42,15.42,Mobile Payment,Carlos,1,Tuesday,Dinner,
4272,C428,Riley Mclaughlin,2025-11-10 19:45,Delivery,Food,Margherita Pizza,2,12.15,24.30,Mobile Payment,-,-,Monday,Dinner,No onions
4273,C428,Riley Mclaughlin,2025-02-19 21:10,Delivery,Beverage,Latte,1,17.87,17.87,Mobile Payment,-,-,Wednesday,Dinner,Gluten-free
4274,C429,Joanna Perez,2025-09-12 12:40,Dine-In,Beverage,Cappuccino,2,18.61,37.22,Mobile Payment,Carlos,12,Friday,Lunch,
4275,C429,Joanna Perez,2025-08-15 20:00,Dine-In,Beverage,Cappuccino,1,18.61,18.61,Mobile Payment,Ana,11,Friday,Dinner,
4276,C429,Joanna Perez,2025-10-31 20:45,Delivery,Beverage,Latte,2,16.97,33.94,Cash,-,-,Friday,Dinner,Less sugar
4277,C429,Joanna Perez,2025-02-25 13:20,Dine-In,Food,Margherita Pizza,2,16.38,32.76,Cash,Juan,29,Tuesday,Lunch,Gluten-free
4278,C429,Joanna Perez,2025-12-02 08:35,Delivery,Food,Caesar Salad,1,13.43,13.43,Card,-,-,Tuesday,Breakfast,
4279,C429,Joanna Perez,2025-01-19 21:35,Dine-In,Food,Grilled Chicken,2,14.21,28.42,Mobile Payment,Ana,24,Sunday,Dinner,
4280,C429,Joanna Perez,2025-06-11 13:45,Dine-In,Food,Veggie Sandwich,2,17.83,35.66,Cash,Miguel,20,Wednesday,Lunch,Less sugar
4281,C433,Riley Roberson,2025-04-29 20:30,Delivery,Food,Margherita Pizza,2,14.72,29.44,Card,-,-,Tuesday,Dinner,
4282,C433,Riley Roberson,2025-03-03 12:20,Takeaway,Food,Sushi Roll,2,12.86,25.72,Card,-,-,Monday,Lunch,Gluten-free
4283,C433,Riley Roberson,2025-11-26 21:35,Delivery,Food,Beef Burger,2,19.66,39.32,Card,-,-,Wednesday,Dinner,Extra napkins
4284,C433,Riley Roberson,2025-02-04 19:20,Delivery,Beverage,Cappuccino,2,16.17,32.34,Card,-,-,Tuesday,Dinner,Extra napkins
4285,C433,Riley Roberson,2025-09-14 13:10,Dine-In,Food,Sushi Roll,2,13.03,26.06,Cash,Ana,24,Sunday,Lunch,No onions
4286,C433,Riley Roberson,2025-10-19 20:35,Dine-In,Food,Veggie Sandwich,1,15.38,15.38,Cash,Ana,8,Sunday,Dinner,
4287,C440,Frances Richard,2025-08-12 09:40,Dine-In,Food,Caesar Salad,1,11.94,11.94,Card,Ana,7,Tuesday,Breakfast,Gluten-free
4288,C440,Frances Richard,2025-04-22 18:05,Takeaway,Food,Sushi Roll,1,11.92,11.92,Card,-,-,Tuesday,Dinner,Gluten-free
4289,C440,Frances Richard,2025-03-01 08:40,Delivery,Beverage,Mojito,2,15.93,31.86,Cash,-,-,Saturday,Breakfast,Less sugar
4290,C440,Frances Richard,2025-01-02 14:20,Delivery,Food,Veggie Sandwich,1,19.40,19.40,Card,-,-,Thursday,Lunch,
4291,C440,Frances Richard,2025-11-08 18:00,Delivery,Beverage,Iced Tea,2,16.66,33.32,Card,-,-,Saturday,Dinner,
4292,C440,Frances Richard,2025-12-26 14:35,Takeaway,Food,Margherita Pizza,2,17.48,34.96,Cash,-,-,Friday,Lunch,
4293,C446,Anthony Rodriguez,2025-11-01 14:30,Dine-In,Food,Grilled Chicken,2,13.20,26.40,Card,Miguel,20,Saturday,Lunch,Less sugar
4294,C446,Anthony Rodriguez,2025-04-21 20:45,Takeaway,Beverage,Cappuccino,1,12.28,12.28,Card,-,-,Monday,Dinner,Extra napkins
4295,C446,Anthony Rodriguez,2025-09-27 09:30,Delivery,Food,Margherita Pizza,1,17.83,17.83,Cash,-,-,Saturday,Breakfast,Gluten-free
4296,C446,Anthony Rodriguez,2025-08-23 12:30,Takeaway,Beverage,Cappuccino,1,13.51,13.51,Cash,-,-,Saturday,Lunch,Gluten-free
4297,C446,Anthony Rodriguez,2025-03-16 12:15,Delivery,Beverage,Mineral Water,2,17.28,34.56,Cash,-,-,Sunday,Lunch,Extra napkins
4298,C446,Anthony Rodriguez,2025-02-25 08:35,Takeaway,Food,Pasta Alfredo,1,18.49,18.49,Mobile Payment,-,-,Tuesday,Breakfast,Less sugar
4299,C446,Anthony Rodriguez,2025-12-12 19:00,Takeaway,Beverage,Mojito,2,15.93,31.86,Mobile Payment,-,-,Friday,Dinner,Gluten-free
4300,C446,Anthony Rodriguez,2025-07-29 19:40,Dine-In,Food,Grilled Chicken,1,15.30,15.30,Cash,Valeria,30,Tuesday,Dinner,
4301,C451,Elizabeth Jenkins,2025-11-12 14:00,Delivery,Beverage,Cappuccino,2,15.80,31.60,Card,-,-,Wednesday,Lunch,No onions
4302,C451,Elizabeth Jenkins,2025-02-16 18:00,Dine-In,Beverage,Cappuccino,2,18.98,37.96,Cash,Miguel,9,Sunday,Dinner,Extra napkins
4303,C451,Elizabeth Jenkins,2025-08-22 21:45,Delivery,Beverage,Latte,2,18.79,37.58,Card,-,-,Friday,Dinner,Extra napkins
4304,C451,Elizabeth Jenkins,2025-06-04 12:45,Delivery,Beverage,Latte,1,15.13,15.13,Mobile Payment,-,-,Wednesday,Lunch,
4305,C451,Elizabeth Jenkins,2025-07-24 20:35,Delivery,Food,Sushi Roll,1,18.22,18.22,Mobile Payment,-,-,Thursday,Dinner,
4306,C451,Elizabeth Jenkins,2025-09-30 09:20,Dine-In,Food,Sushi Roll,1,12.11,12.11,Mobile Payment,Juan,8,Tuesday,Breakfast,Gluten-free
4307,C451,Elizabeth Jenkins,2025-01-02 13:40,Dine-In,Food,Beef Burger,1,19.66,19.66,Cash,Juan,13,Thursday,Lunch,Gluten-free
4308,C452,Matthew Williams,2025-11-13 14:05,Dine-In,Beverage,Mineral Water,1,13.06,13.06,Cash,Carlos,11,Thursday,Lunch,Extra napkins
4309,C452,Matthew Williams,2025-01-17 09:20,Dine-In,Beverage,Latte,1,16.09,16.09,Card,Valeria,29,Friday,Breakfast,Less sugar
4310,C452,Matthew Williams,2025-02-04 08:40,Takeaway,Beverage,Fresh Orange Juice,2,17.17,34.34,Card,-,-,Tuesday,Breakfast,
4311,C452,Matthew Williams,2025-05-20 19:50,Delivery,Beverage,Mojito,1,16.37,16.37,Cash,-,-,Tuesday,Dinner,
4312,C452,Matthew Williams,2025-08-16 13:05,Dine-In,Food,Margherita Pizza,2,12.08,24.16,Mobile Payment,Miguel,11,Saturday,Lunch,
4313,C452,Matthew Williams,2025-06-14 21:10,Dine-In,Food,Pasta Alfredo,1,18.53,18.53,Cash,Carlos,21,Saturday,Dinner,
4314,C456,John Meza,2025-06-28 14:30,Dine-In,Food,Sushi Roll,2,13.55,27.10,Cash,Ana,17,Saturday,Lunch,Less sugar
4315,C456,John Meza,2025-04-15 19:50,Dine-In,Food,Veggie Sandwich,1,19.38,19.38,Cash,Valeria,5,Tuesday,Dinner,
4316,C456,John Meza,2025-08-03 18:45,Dine-In,Food,Grilled Chicken,2,12.72,25.44,Mobile Payment,Valeria,9,Sunday,Dinner,Extra napkins
4317,C456,John Meza,2025-05-23 20:45,Dine-In,Food,Margherita Pizza,2,14.72,29.44,Card,Valeria,13,Friday,Dinner,Gluten-free
4318,C456,John Meza,2025-11-23 12:10,Dine-In,Food,Pasta Alfredo,1,12.82,12.82,Cash,Valeria,11,Sunday,Lunch,Gluten-free
4319,C456,John Meza,2025-03-18 14:00,Dine-In,Food,Veggie Sandwich,2,16.52,33.04,Card,Valeria,13,Tuesday,Lunch,
4320,C457,Micheal Perez,2025-02-02 08:10,Delivery,Beverage,Mojito,1,15.77,15.77,Card,-,-,Sunday,Breakfast,
4321,C457,Micheal Perez,2025-05-23 14:00,Dine-In,Food,Pasta Alfredo,2,14.11,28.22,Cash,Juan,23,Friday,Lunch,
4322,C457,Micheal Perez,2025-07-31 13:45,Dine-In,Food,Sushi Roll,2,12.26,24.52,Cash,Ana,17,Thursday,Lunch,
4323,C457,Micheal Perez,2025-06-16 20:35,Takeaway,Beverage,Iced Tea,1,19.82,19.82,Mobile Payment,-,-,Monday,Dinner,Extra napkins
4324,C457,Micheal Perez,2025-09-30 08:10,Dine-In,Beverage,Iced Tea,2,17.44,34.88,Cash,Valeria,14,Tuesday,Breakfast,Less sugar
4325,C457,Micheal Perez,2025-08-30 09:35,Delivery,Food,Pasta Alfredo,1,12.82,12.82,Cash,-,-,Saturday,Breakfast,Less sugar
4326,C457,Micheal Perez,2025-11-24 18:40,Delivery,Food,Beef Burger,2,18.39,36.78,Card,-,-,Monday,Dinner,No onions
4327,C457,Micheal Perez,2025-10-03 19:15,Dine-In,Food,Beef Burger,2,12.77,25.54,Card,Carlos,22,Friday,Dinner,Extra napkins
4328,C458,Tonya Gibson,2025-08-07 08:05,Dine-In,Food,Margherita Pizza,1,12.15,12.15,Mobile Payment,Carlos,14,Thursday,Breakfast,
4329,C458,Tonya Gibson,2025-07-17 18:35,Dine-In,Food,Caesar Salad,1,12.91,12.91,Card,Ana,15,Thursday,Dinner,Less sugar
4330,C458,Tonya Gibson,2025-04-12 13:45,Delivery,Beverage,Cappuccino,1,17.14,17.14,Card,-,-,Saturday,Lunch,
4331,C458,Tonya Gibson,2025-11-02 08:45,Delivery,Beverage,Latte,1,14.89,14.89,Cash,-,-,Sunday,Breakfast,Extra napkins
4332,C458,Tonya Gibson,2025-01-24 21:50,Dine-In,Food,Veggie Sandwich,1,14.91,14.91,Cash,Ana,29,Friday,Dinner,
4333,C458,Tonya Gibson,2025-09-20 18:05,Delivery,Beverage,Iced Tea,1,14.06,14.06,Mobile Payment,-,-,Saturday,Dinner,
4334,C458,Tonya Gibson,2025-03-24 18:15,Delivery,Beverage,Cappuccino,1,19.33,19.33,Card,-,-,Monday,Dinner,
4335,C458,Tonya Gibson,2025-02-22 14:15,Dine-In,Food,Margherita Pizza,1,19.03,19.03,Card,Miguel,20,Saturday,Lunch,
4336,C458,Tonya Gibson,2025-10-10 18:40,Takeaway,Beverage,Iced Tea,1,16.66,16.66,Card,-,-,Friday,Dinner,Less sugar
4337,C458,Tonya Gibson,2025-12-30 19:15,Dine-In,Beverage,Cappuccino,1,15.80,15.80,Card,Juan,6,Tuesday,Dinner,No onions
4338,C460,Marie Mcfarland,2025-06-25 12:50,Delivery,Beverage,Cappuccino,2,12.28,24.56,Cash,-,-,Wednesday,Lunch,No onions
4339,C460,Marie Mcfarland,2025-09-09 12:45,Delivery,Food,Margherita Pizza,2,19.03,38.06,Mobile Payment,-,-,Tuesday,Lunch,
4340,C460,Marie Mcfarland,2025-01-17 14:05,Delivery,Beverage,Mineral Water,1,17.32,17.32,Card,-,-,Friday,Lunch,
4341,C460,Marie Mcfarland,2025-12-28 09:05,Delivery,Food,Caesar Salad,1,16.60,16.60,Cash,-,-,Sunday,Breakfast,Gluten-free
4342,C460,Marie Mcfarland,2025-02-11 14:20,Takeaway,Food,Sushi Roll,2,17.53,35.06,Mobile Payment,-,-,Tuesday,Lunch,
4343,C460,Marie Mcfarland,2025-04-14 12:10,Dine-In,Beverage,Latte,1,18.90,18.90,Mobile Payment,Ana,3,Monday,Lunch,
4344,C464,Ann Wright,2025-12-16 14:20,Takeaway,Food,Beef Burger,2,12.77,25.54,Cash,-,-,Tuesday,Lunch,
4345,C464,Ann Wright,2025-02-07 08:05,Dine-In,Beverage,Latte,1,14.84,14.84,Card,Ana,18,Friday,Breakfast,Extra napkins
4346,C464,Ann Wright,2025-11-12 18:20,Delivery,Food,Grilled Chicken,1,13.76,13.76,Mobile Payment,-,-,Wednesday,Dinner,No onions
4347,C464,Ann Wright,2025-01-05 20:20,Delivery,Beverage,Green Smoothie,1,17.26,17.26,Cash,-,-,Sunday,Dinner,No onions
4348,C464,Ann Wright,2025-08-12 19:40,Delivery,Food,Margherita Pizza,1,19.53,19.53,Card,-,-,Tuesday,Dinner,
4349,C464,Ann Wright,2025-03-22 13:50,Dine-In,Beverage,Cappuccino,2,15.80,31.60,Mobile Payment,Miguel,23,Saturday,Lunch,Gluten-free
4350,C464,Ann Wright,2025-09-01 18:05,Takeaway,Beverage,Latte,1,15.13,15.13,Mobile Payment,-,-,Monday,Dinner,Less sugar
4351,C464,Ann Wright,2025-06-12 14:00,Takeaway,Food,Veggie Sandwich,1,19.87,19.87,Card,-,-,Thursday,Lunch,No onions
4352,C469,Rachel French,2025-08-08 09:00,Delivery,Beverage,Mineral Water,2,12.41,24.82,Card,-,-,Friday,Breakfast,
4353,C469,Rachel French,2025-01-22 19:05,Delivery,Food,Veggie Sandwich,1,12.53,12.53,Card,-,-,Wednesday,Dinner,Extra napkins
4354,C469,Rachel French,2025-07-16 08:00,Takeaway,Beverage,Iced Tea,2,15.04,30.08,Mobile Payment,-,-,Wednesday,Breakfast,
4355,C469,Rachel French,2025-12-31 14:10,Delivery,Beverage,Mojito,2,16.37,32.74,Card,-,-,Wednesday,Lunch,Extra napkins
4356,C469,Rachel French,2025-02-25 18:05,Delivery,Food,Veggie Sandwich,2,18.04,36.08,Cash,-,-,Tuesday,Dinner,Gluten-free
4357,C469,Rachel French,2025-03-06 14:35,Dine-In,Beverage,Latte,2,18.90,37.80,Cash,Carlos,15,Thursday,Lunch,Less sugar
4358,C469,Rachel French,2025-11-18 18:20,Dine-In,Beverage,Cappuccino,1,12.60,12.60,Card,Miguel,20,Tuesday,Dinner,
4359,C469,Rachel French,2025-09-06 18:50,Dine-In,Beverage,Mojito,1,12.46,12.46,Mobile Payment,Valeria,5,Saturday,Dinner,
4360,C469,Rachel French,2025-06-04 19:10,Dine-In,Food,Pasta Alfredo,1,15.89,15.89,Mobile Payment,Carlos,27,Wednesday,Dinner,
4361,C472,Mary Woods,2025-10-06 18:30,Delivery,Beverage,Cappuccino,1,15.80,15.80,Mobile Payment,-,-,Monday,Dinner,Gluten-free
4362,C472,Mary Woods,2025-09-24 14:35,Delivery,Beverage,Iced Tea,2,13.11,26.22,Card,-,-,Wednesday,Lunch,
4363,C472,Mary Woods,2025-01-26 14:10,Dine-In,Food,Sushi Roll,2,12.26,24.52,Card,Juan,22,Sunday,Lunch,Less sugar
4364,C472,Mary Woods,2025-07-15 14:30,Takeaway,Food,Veggie Sandwich,2,19.38,38.76,Cash,-,-,Tuesday,Lunch,
4365,C472,Mary Woods,2025-04-04 09:35,Dine-In,Food,Caesar Salad,2,17.44,34.88,Card,Juan,11,Friday,Breakfast,Extra napkins
4366,C475,Steven Brooks,2025-03-04 21:20,Dine-In,Food,Grilled Chicken,1,13.75,13.75,Cash,Juan,15,Tuesday,Dinner,
4367,C475,Steven Brooks,2025-05-05 08:35,Dine-In,Beverage,Mineral Water,1,17.32,17.32,Card,Miguel,17,Monday,Breakfast,
4368,C475,Steven Brooks,2025-06-07 13:45,Dine-In,Food,Pasta Alfredo,1,13.25,13.25,Card,Valeria,26,Saturday,Lunch,
4369,C475,Steven Brooks,2025-04-05 09:30,Delivery,Food,Grilled Chicken,1,15.30,15.30,Card,-,-,Saturday,Breakfast,
4370,C475,Steven Brooks,2025-11-14 21:45,Delivery,Food,Margherita Pizza,2,14.30,28.60,Cash,-,-,Friday,Dinner,
4371,C475,Steven Brooks,2025-01-05 08:30,Dine-In,Food,Sushi Roll,2,13.03,26.06,Cash,Juan,22,Sunday,Breakfast,Gluten-free
4372,C475,Steven Brooks,2025-10-09 18:35,Dine-In,Food,Caesar Salad,1,19.77,19.77,Mobile Payment,Carlos,1,Thursday,Dinner,Less sugar
4373,C475,Steven Brooks,2025-07-16 13:40,Dine-In,Beverage,Green Smoothie,2,15.50,31.00,Cash,Carlos,22,Wednesday,Lunch,Less sugar
4374,C476,Holly Johnson,2025-10-25 14:10,Delivery,Beverage,Mojito,1,12.46,12.46,Mobile Payment,-,-,Saturday,Lunch,
4375,C476,Holly Johnson,2025-08-17 14:40,Delivery,Food,Grilled Chicken,2,18.50,37.00,Mobile Payment,-,-,Sunday,Lunch,Extra napkins
4376,C476,Holly Johnson,2025-01-18 18:40,Dine-In,Food,Sushi Roll,2,15.33,30.66,Cash,Ana,2,Saturday,Dinner,
4377,C476,Holly Johnson,2025-07-22 18:35,Dine-In,Food,Margherita Pizza,2,12.08,24.16,Mobile Payment,Juan,12,Tuesday,Dinner,Gluten-free
4378,C476,Holly Johnson,2025-06-13 09:30,Delivery,Beverage,Cappuccino,1,13.51,13.51,Cash,-,-,Friday,Breakfast,Extra napkins
4379,C476,Holly Johnson,2025-11-15 12:00,Dine-In,Beverage,Green Smoothie,1,18.30,18.30,Card,Carlos,12,Saturday,Lunch,Gluten-free
4380,C476,Holly Johnson,2025-09-08 20:00,Dine-In,Beverage,Mineral Water,1,17.32,17.32,Mobile Payment,Miguel,26,Monday,Dinner,Gluten-free
4381,C476,Holly Johnson,2025-12-17 12:10,Dine-In,Beverage,Mineral Water,2,12.88,25.76,Card,Ana,12,Wednesday,Lunch,
4382,C476,Holly Johnson,2025-04-17 18:20,Takeaway,Food,Veggie Sandwich,2,12.53,25.06,Mobile Payment,-,-,Thursday,Dinner,Less sugar
4383,C478,Briana Bowman,2025-10-03 21:35,Dine-In,Food,Veggie Sandwich,2,14.91,29.82,Mobile Payment,Miguel,14,Friday,Dinner,
4384,C478,Briana Bowman,2025-07-28 12:45,Dine-In,Beverage,Mineral Water,1,16.04,16.04,Card,Miguel,29,Monday,Lunch,No onions
4385,C478,Briana Bowman,2025-03-27 20:45,Delivery,Beverage,Mojito,2,16.67,33.34,Cash,-,-,Thursday,Dinner,Extra napkins
4386,C478,Briana Bowman,2025-04-17 13:35,Dine-In,Beverage,Mineral Water,1,17.06,17.06,Mobile Payment,Juan,10,Thursday,Lunch,No onions
4387,C478,Briana Bowman,2025-09-16 13:00,Delivery,Food,Pasta Alfredo,2,15.89,31.78,Mobile Payment,-,-,Tuesday,Lunch,No onions
4388,C478,Briana Bowman,2025-08-13 21:20,Delivery,Beverage,Iced Tea,1,15.16,15.16,Cash,-,-,Wednesday,Dinner,Extra napkins
4389,C478,Briana Bowman,2025-11-25 14:40,Delivery,Beverage,Iced Tea,2,17.43,34.86,Cash,-,-,Tuesday,Lunch,
4390,C480,Lawrence Stewart,2025-09-13 12:05,Delivery,Food,Grilled Chicken,2,13.76,27.52,Card,-,-,Saturday,Lunch,
4391,C480,Lawrence Stewart,2025-01-19 21:50,Delivery,Beverage,Mojito,1,16.37,16.37,Card,-,-,Sunday,Dinner,
4392,C480,Lawrence Stewart,2025-03-11 08:30,Delivery,Beverage,Mojito,2,12.34,24.68,Card,-,-,Tuesday,Breakfast,Gluten-free
4393,C480,Lawrence Stewart,2025-05-23 19:00,Takeaway,Food,Caesar Salad,2,11.94,23.88,Card,-,-,Friday,Dinner,No onions
4394,C480,Lawrence Stewart,2025-11-26 08:15,Dine-In,Food,Veggie Sandwich,1,15.73,15.73,Mobile Payment,Miguel,19,Wednesday,Breakfast,
4395,C480,Lawrence Stewart,2025-12-11 13:15,Takeaway,Beverage,Mojito,2,16.67,33.34,Cash,-,-,Thursday,Lunch,Less sugar
4396,C480,Lawrence Stewart,2025-02-04 20:10,Dine-In,Beverage,Mojito,2,12.34,24.68,Card,Carlos,1,Tuesday,Dinner,Less sugar
4397,C480,Lawrence Stewart,2025-06-21 13:20,Delivery,Beverage,Cappuccino,2,12.65,25.30,Mobile Payment,-,-,Saturday,Lunch,
4398,C480,Lawrence Stewart,2025-08-03 13:10,Takeaway,Food,Beef Burger,1,17.43,17.43,Card,-,-,Sunday,Lunch,
4399,C486,Daniel Nichols,2025-06-27 12:45,Dine-In,Beverage,Fresh Orange Juice,1,15.12,15.12,Cash,Carlos,5,Friday,Lunch,No onions
4400,C486,Daniel Nichols,2025-07-30 08:10,Delivery,Beverage,Cappuccino,2,14.85,29.70,Card,-,-,Wednesday,Breakfast,
4401,C486,Daniel Nichols,2025-12-10 14:05,Dine-In,Food,Margherita Pizza,1,12.74,12.74,Mobile Payment,Juan,21,Wednesday,Lunch,
4402,C486,Daniel Nichols,2025-10-04 18:45,Delivery,Food,Beef Burger,1,19.88,19.88,Mobile Payment,-,-,Saturday,Dinner,
4403,C486,Daniel Nichols,2025-05-20 21:35,Delivery,Food,Margherita Pizza,1,15.37,15.37,Card,-,-,Tuesday,Dinner,Less sugar
4404,C486,Daniel Nichols,2025-01-28 13:20,Dine-In,Food,Grilled Chicken,2,15.30,30.60,Cash,Miguel,6,Tuesday,Lunch,Extra napkins
4405,C487,Mary Green,2025-07-04 21:05,Dine-In,Food,Caesar Salad,2,12.40,24.80,Mobile Payment,Carlos,12,Friday,Dinner,Extra napkins
4406,C487,Mary Green,2025-04-13 13:50,Dine-In,Food,Margherita Pizza,2,17.95,35.90,Card,Ana,3,Sunday,Lunch,Extra napkins
4407,C487,Mary Green,2025-08-06 09:20,Takeaway,Beverage,Iced Tea,1,17.64,17.64,Mobile Payment,-,-,Wednesday,Breakfast,
4408,C487,Mary Green,2025-05-03 18:00,Dine-In,Food,Margherita Pizza,1,17.40,17.40,Mobile Payment,Valeria,29,Saturday,Dinner,Extra napkins
4409,C487,Mary Green,2025-02-26 12:05,Delivery,Food,Beef Burger,1,18.39,18.39,Cash,-,-,Wednesday,Lunch,
4410,C487,Mary Green,2025-12-15 21:10,Dine-In,Food,Caesar Salad,2,15.08,30.16,Card,Miguel,12,Monday,Dinner,
4411,C489,Jessica Adams,2025-01-05 08:45,Dine-In,Food,Veggie Sandwich,1,11.99,11.99,Mobile Payment,Ana,27,Sunday,Breakfast,Gluten-free
4412,C489,Jessica Adams,2025-06-13 21:30,Takeaway,Food,Sushi Roll,1,13.67,13.67,Card,-,-,Friday,Dinner,Extra napkins
4413,C489,Jessica Adams,2025-03-01 20:40,Dine-In,Food,Pasta Alfredo,2,12.82,25.64,Card,Miguel,25,Saturday,Dinner,Less sugar
4414,C489,Jessica Adams,2025-09-26 12:00,Dine-In,Food,Margherita Pizza,1,18.58,18.58,Card,Miguel,8,Friday,Lunch,Gluten-free
4415,C489,Jessica Adams,2025-10-26 14:00,Dine-In,Beverage,Iced Tea,1,17.70,17.70,Cash,Ana,8,Sunday,Lunch,
4416,C489,Jessica Adams,2025-07-05 14:30,Delivery,Beverage,Fresh Orange Juice,2,16.80,33.60,Cash,-,-,Saturday,Lunch,
4417,C489,Jessica Adams,2025-05-09 19:50,Dine-In,Food,Pasta Alfredo,2,18.53,37.06,Mobile Payment,Carlos,25,Friday,Dinner,No onions
4418,C492,Matthew Mcdowell,2025-01-07 20:30,Dine-In,Beverage,Fresh Orange Juice,1,12.37,12.37,Mobile Payment,Miguel,20,Tuesday,Dinner,
4419,C492,Matthew Mcdowell,2025-06-08 09:05,Takeaway,Food,Veggie Sandwich,1,14.13,14.13,Card,-,-,Sunday,Breakfast,Extra napkins
4420,C492,Matthew Mcdowell,2025-10-16 19:50,Dine-In,Beverage,Iced Tea,2,18.37,36.74,Cash,Ana,18,Thursday,Dinner,
4421,C492,Matthew Mcdowell,2025-08-23 21:50,Takeaway,Food,Sushi Roll,1,15.62,15.62,Card,-,-,Saturday,Dinner,Less sugar
4422,C492,Matthew Mcdowell,2025-11-14 09:05,Dine-In,Food,Grilled Chicken,1,12.66,12.66,Mobile Payment,Ana,25,Friday,Breakfast,
4423,C492,Matthew Mcdowell,2025-03-14 09:00,Dine-In,Food,Grilled Chicken,1,14.21,14.21,Card,Miguel,12,Friday,Breakfast,Gluten-free
4424,C492,Matthew Mcdowell,2025-07-27 21:10,Delivery,Beverage,Latte,2,15.13,30.26,Card,-,-,Sunday,Dinner,
4425,C492,Matthew Mcdowell,2025-02-07 13:05,Dine-In,Beverage,Iced Tea,2,16.16,32.32,Mobile Payment,Miguel,11,Friday,Lunch,
4426,C492,Matthew Mcdowell,2025-05-10 19:35,Dine-In,Food,Veggie Sandwich,1,15.73,15.73,Cash,Valeria,9,Saturday,Dinner,Gluten-free
4427,C493,Tamara Stafford,2025-10-08 14:30,Dine-In,Beverage,Iced Tea,1,15.81,15.81,Mobile Payment,Carlos,26,Wednesday,Lunch,
4428,C493,Tamara Stafford,2025-05-22 13:00,Dine-In,Food,Margherita Pizza,1,17.40,17.40,Cash,Juan,24,Thursday,Lunch,Less sugar
4429,C493,Tamara Stafford,2025-11-05 21:45,Dine-In,Beverage,Cappuccino,2,12.28,24.56,Mobile Payment,Carlos,8,Wednesday,Dinner,Extra napkins
4430,C493,Tamara Stafford,2025-12-30 18:50,Dine-In,Food,Margherita Pizza,2,13.39,26.78,Cash,Valeria,6,Tuesday,Dinner,
4431,C493,Tamara Stafford,2025-02-07 21:30,Takeaway,Beverage,Fresh Orange Juice,2,17.49,34.98,Card,-,-,Friday,Dinner,Extra napkins
4432,C493,Tamara Stafford,2025-08-07 21:40,Takeaway,Beverage,Mojito,2,17.64,35.28,Card,-,-,Thursday,Dinner,Gluten-free
4433,C493,Tamara Stafford,2025-03-07 09:15,Delivery,Food,Caesar Salad,2,15.45,30.90,Cash,-,-,Friday,Breakfast,
4434,C500,Vincent Day,2025-06-14 14:15,Takeaway,Beverage,Iced Tea,1,17.18,17.18,Card,-,-,Saturday,Lunch,
4435,C500,Vincent Day,2025-10-15 12:20,Dine-In,Beverage,Mojito,1,12.46,12.46,Cash,Juan,1,Wednesday,Lunch,
4436,C500,Vincent Day,2025-03-16 14:40,Dine-In,Beverage,Mojito,1,19.22,19.22,Card,Ana,8,Sunday,Lunch,
4437,C500,Vincent Day,2025-04-14 14:40,Dine-In,Food,Pasta Alfredo,2,14.90,29.80,Card,Ana,10,Monday,Lunch,
4438,C500,Vincent Day,2025-07-20 12:05,Dine-In,Beverage,Iced Tea,1,14.06,14.06,Cash,Carlos,26,Sunday,Lunch,
4439,C500,Vincent Day,2025-12-19 14:50,Takeaway,Beverage,Iced Tea,2,17.07,34.14,Card,-,-,Friday,Lunch,Gluten-free
4440,C500,Vincent Day,2025-11-06 19:45,Dine-In,Beverage,Latte,1,18.90,18.90,Cash,Ana,11,Thursday,Dinner,Less sugar
4441,C500,Vincent Day,2025-05-03 09:05,Delivery,Beverage,Iced Tea,2,12.67,25.34,Mobile Payment,-,-,Saturday,Breakfast,
4442,C504,Cassie Bentley,2025-09-19 09:20,Delivery,Beverage,Mojito,2,16.67,33.34,Mobile Payment,-,-,Friday,Breakfast,Gluten-free
4443,C504,Cassie Bentley,2025-01-12 13:40,Delivery,Food,Caesar Salad,1,16.82,16.82,Cash,-,-,Sunday,Lunch,No onions
4444,C504,Cassie Bentley,2025-03-19 20:45,Dine-In,Food,Grilled Chicken,2,18.13,36.26,Mobile Payment,Ana,5,Wednesday,Dinner,
4445,C504,Cassie Bentley,2025-08-17 08:45,Dine-In,Beverage,Iced Tea,1,14.06,14.06,Mobile Payment,Ana,13,Sunday,Breakfast,Extra napkins
4446,C504,Cassie Bentley,2025-07-25 08:30,Delivery,Beverage,Green Smoothie,2,13.33,26.66,Cash,-,-,Friday,Breakfast,
4447,C504,Cassie Bentley,2025-10-28 18:35,Dine-In,Beverage,Mineral Water,2,18.04,36.08,Mobile Payment,Miguel,22,Tuesday,Dinner,Gluten-free
4448,C504,Cassie Bentley,2025-11-08 19:00,Dine-In,Beverage,Fresh Orange Juice,2,17.49,34.98,Card,Juan,19,Saturday,Dinner,Extra napkins
4449,C504,Cassie Bentley,2025-05-15 09:00,Dine-In,Food,Margherita Pizza,1,18.94,18.94,Cash,Juan,12,Thursday,Breakfast,Gluten-free
4450,C505,Mary Tate,2025-05-05 13:35,Dine-In,Beverage,Mineral Water,1,15.73,15.73,Card,Miguel,26,Monday,Lunch,
4451,C505,Mary Tate,2025-07-17 13:00,Delivery,Beverage,Mineral Water,2,14.04,28.08,Mobile Payment,-,-,Thursday,Lunch,Gluten-free
4452,C505,Mary Tate,2025-12-04 21:00,Dine-In,Food,Pasta Alfredo,1,15.56,15.56,Mobile Payment,Carlos,11,Thursday,Dinner,
4453,C505,Mary Tate,2025-03-07 09:00,Dine-In,Food,Pasta Alfredo,1,14.91,14.91,Card,Valeria,1,Friday,Breakfast,Less sugar
4454,C505,Mary Tate,2025-06-15 21:40,Dine-In,Beverage,Green Smoothie,1,18.54,18.54,Cash,Ana,22,Sunday,Dinner,
4455,C505,Mary Tate,2025-02-08 14:35,Delivery,Food,Veggie Sandwich,1,13.32,13.32,Card,-,-,Saturday,Lunch,Gluten-free
4456,C505,Mary Tate,2025-01-23 18:10,Dine-In,Food,Veggie Sandwich,2,11.99,23.98,Mobile Payment,Valeria,24,Thursday,Dinner,
4457,C507,Valerie Griffin,2025-09-22 19:40,Takeaway,Food,Beef Burger,1,17.43,17.43,Cash,-,-,Monday,Dinner,Gluten-free
4458,C507,Valerie Griffin,2025-04-18 08:00,Dine-In,Food,Grilled Chicken,1,12.66,12.66,Card,Miguel,16,Friday,Breakfast,Less sugar
4459,C507,Valerie Griffin,2025-12-06 20:30,Dine-In,Beverage,Iced Tea,2,12.86,25.72,Mobile Payment,Miguel,15,Saturday,Dinner,Gluten-free
4460,C507,Valerie Griffin,2025-01-19 14:00,Takeaway,Food,Pasta Alfredo,1,14.30,14.30,Card,-,-,Sunday,Lunch,
4461,C507,Valerie Griffin,2025-06-10 13:35,Dine-In,Beverage,Latte,1,15.42,15.42,Mobile Payment,Valeria,1,Tuesday,Lunch,
4462,C507,Valerie Griffin,2025-03-15 21:00,Dine-In,Food,Grilled Chicken,2,13.55,27.10,Card,Ana,7,Saturday,Dinner,
4463,C507,Valerie Griffin,2025-11-10 18:30,Takeaway,Beverage,Cappuccino,1,16.76,16.76,Card,-,-,Monday,Dinner,Extra napkins
4464,C507,Valerie Griffin,2025-05-26 14:35,Dine-In,Food,Caesar Salad,1,12.54,12.54,Card,Carlos,17,Monday,Lunch,No onions
4465,C515,Jorge Jones,2025-11-05 13:45,Delivery,Food,Sushi Roll,2,12.26,24.52,Mobile Payment,-,-,Wednesday,Lunch,
4466,C515,Jorge Jones,2025-02-11 08:00,Dine-In,Beverage,Mineral Water,2,17.32,34.64,Cash,Valeria,19,Tuesday,Breakfast,Less sugar
4467,C515,Jorge Jones,2025-12-27 19:20,Dine-In,Food,Margherita Pizza,2,16.36,32.72,Mobile Payment,Carlos,22,Saturday,Dinner,
4468,C515,Jorge Jones,2025-09-27 20:10,Dine-In,Food,Beef Burger,2,13.99,27.98,Card,Ana,20,Saturday,Dinner,
4469,C515,Jorge Jones,2025-03-10 08:15,Dine-In,Food,Margherita Pizza,1,16.86,16.86,Card,Ana,17,Monday,Breakfast,
4470,C515,Jorge Jones,2025-08-09 09:10,Dine-In,Food,Pasta Alfredo,2,13.25,26.50,Mobile Payment,Juan,26,Saturday,Breakfast,Less sugar
4471,C515,Jorge Jones,2025-05-03 09:40,Delivery,Food,Margherita Pizza,1,16.36,16.36,Card,-,-,Saturday,Breakfast,Less sugar
4472,C515,Jorge Jones,2025-07-10 14:50,Delivery,Beverage,Latte,1,17.34,17.34,Card,-,-,Thursday,Lunch,
4473,C516,Christopher Summers,2025-03-13 12:40,Delivery,Food,Caesar Salad,1,15.08,15.08,Cash,-,-,Thursday,Lunch,
4474,C516,Christopher Summers,2025-09-22 21:05,Delivery,Beverage,Fresh Orange Juice,1,17.42,17.42,Cash,-,-,Monday,Dinner,Less sugar
4475,C516,Christopher Summers,2025-02-13 21:45,Dine-In,Beverage,Fresh Orange Juice,2,16.80,33.60,Cash,Juan,26,Thursday,Dinner,
4476,C516,Christopher Summers,2025-11-15 13:45,Delivery,Food,Margherita Pizza,2,17.48,34.96,Card,-,-,Saturday,Lunch,No onions
4477,C516,Christopher Summers,2025-10-26 12:10,Delivery,Beverage,Green Smoothie,1,18.30,18.30,Cash,-,-,Sunday,Lunch,
4478,C516,Christopher Summers,2025-12-15 19:40,Takeaway,Food,Caesar Salad,2,17.39,34.78,Cash,-,-,Monday,Dinner,
4479,C516,Christopher Summers,2025-05-12 12:15,Takeaway,Food,Sushi Roll,1,19.42,19.42,Mobile Payment,-,-,Monday,Lunch,
4480,C517,Jesse Taylor,2025-09-08 12:35,Delivery,Beverage,Fresh Orange Juice,1,11.87,11.87,Mobile Payment,-,-,Monday,Lunch,
4481,C517,Jesse Taylor,2025-02-22 19:00,Dine-In,Food,Grilled Chicken,1,12.25,12.25,Mobile Payment,Ana,24,Saturday,Dinner,
4482,C517,Jesse Taylor,2025-04-29 12:40,Delivery,Beverage,Cappuccino,1,19.33,19.33,Cash,-,-,Tuesday,Lunch,No onions
4483,C517,Jesse Taylor,2025-01-29 14:05,Dine-In,Beverage,Fresh Orange Juice,1,11.87,11.87,Mobile Payment,Miguel,28,Wednesday,Lunch,
4484,C517,Jesse Taylor,2025-08-17 19:05,Dine-In,Food,Caesar Salad,1,12.40,12.40,Card,Valeria,8,Sunday,Dinner,
4485,C517,Jesse Taylor,2025-07-15 18:00,Delivery,Beverage,Mojito,1,17.63,17.63,Cash,-,-,Tuesday,Dinner,Extra napkins
4486,C517,Jesse Taylor,2025-06-15 08:45,Dine-In,Beverage,Mineral Water,1,12.02,12.02,Card,Carlos,17,Sunday,Breakfast,
4487,C517,Jesse Taylor,2025-12-07 09:10,Dine-In,Food,Pasta Alfredo,2,12.82,25.64,Mobile Payment,Carlos,13,Sunday,Breakfast,Less sugar
4488,C517,Jesse Taylor,2025-11-27 14:45,Dine-In,Beverage,Iced Tea,1,13.11,13.11,Mobile Payment,Miguel,3,Thursday,Lunch,Extra napkins
4489,C517,Jesse Taylor,2025-03-12 12:40,Takeaway,Food,Caesar Salad,2,19.32,38.64,Card,-,-,Wednesday,Lunch,No onions
4490,C520,Karen Snyder,2025-07-23 20:00,Dine-In,Beverage,Mojito,1,14.28,14.28,Card,Valeria,11,Wednesday,Dinner,Gluten-free
4491,C520,Karen Snyder,2025-02-09 18:05,Dine-In,Food,Margherita Pizza,1,13.78,13.78,Cash,Ana,3,Sunday,Dinner,No onions
4492,C520,Karen Snyder,2025-09-10 12:50,Dine-In,Food,Pasta Alfredo,1,13.81,13.81,Mobile Payment,Miguel,9,Wednesday,Lunch,Less sugar
4493,C520,Karen Snyder,2025-05-12 21:00,Dine-In,Beverage,Mineral Water,1,17.32,17.32,Cash,Carlos,18,Monday,Dinner,No onions
4494,C520,Karen Snyder,2025-10-18 19:05,Delivery,Beverage,Mojito,2,17.64,35.28,Cash,-,-,Saturday,Dinner,
4495,C520,Karen Snyder,2025-12-25 18:35,Delivery,Beverage,Mineral Water,1,13.96,13.96,Card,-,-,Thursday,Dinner,
4496,C520,Karen Snyder,2025-03-12 18:45,Dine-In,Food,Grilled Chicken,1,12.79,12.79,Mobile Payment,Ana,17,Wednesday,Dinner,
4497,C520,Karen Snyder,2025-01-22 14:45,Dine-In,Food,Sushi Roll,2,16.11,32.22,Card,Juan,5,Wednesday,Lunch,Extra napkins
4498,C525,Brian Webb,2025-02-08 13:05,Dine-In,Beverage,Cappuccino,2,16.55,33.10,Mobile Payment,Carlos,19,Saturday,Lunch,Less sugar
4499,C525,Brian Webb,2025-09-28 14:15,Dine-In,Food,Sushi Roll,1,17.14,17.14,Mobile Payment,Valeria,15,Sunday,Lunch,
4500,C525,Brian Webb,2025-12-18 21:40,Dine-In,Food,Caesar Salad,1,13.43,13.43,Mobile Payment,Valeria,9,Thursday,Dinner,
4501,C525,Brian Webb,2025-05-22 08:45,Takeaway,Beverage,Green Smoothie,2,17.26,34.52,Mobile Payment,-,-,Thursday,Breakfast,Gluten-free
4502,C525,Brian Webb,2025-04-08 18:40,Delivery,Food,Beef Burger,1,18.39,18.39,Mobile Payment,-,-,Tuesday,Dinner,Gluten-free
4503,C525,Brian Webb,2025-03-14 12:50,Takeaway,Food,Caesar Salad,1,17.44,17.44,Card,-,-,Friday,Lunch,No onions
4504,C525,Brian Webb,2025-06-21 20:35,Delivery,Food,Margherita Pizza,2,12.08,24.16,Cash,-,-,Saturday,Dinner,Gluten-free
4505,C526,Shannon Johnson,2025-11-08 08:00,Dine-In,Food,Caesar Salad,1,16.82,16.82,Cash,Miguel,13,Saturday,Breakfast,No onions
4506,C526,Shannon Johnson,2025-06-11 12:10,Delivery,Beverage,Green Smoothie,1,18.30,18.30,Cash,-,-,Wednesday,Lunch,
4507,C526,Shannon Johnson,2025-01-28 18:30,Dine-In,Food,Veggie Sandwich,2,14.27,28.54,Mobile Payment,Juan,30,Tuesday,Dinner,Gluten-free
4508,C526,Shannon Johnson,2025-02-10 20:35,Delivery,Beverage,Cappuccino,2,12.60,25.20,Card,-,-,Monday,Dinner,
4509,C526,Shannon Johnson,2025-12-18 21:30,Takeaway,Beverage,Green Smoothie,1,13.33,13.33,Mobile Payment,-,-,Thursday,Dinner,No onions
4510,C526,Shannon Johnson,2025-03-07 20:05,Delivery,Beverage,Cappuccino,1,17.14,17.14,Mobile Payment,-,-,Friday,Dinner,Less sugar
4511,C526,Shannon Johnson,2025-10-21 14:50,Dine-In,Beverage,Fresh Orange Juice,1,19.52,19.52,Cash,Valeria,7,Tuesday,Lunch,
4512,C527,Dalton Larsen,2025-08-03 12:35,Dine-In,Beverage,Mojito,2,19.74,39.48,Card,Juan,30,Sunday,Lunch,No onions
4513,C527,Dalton Larsen,2025-09-02 08:30,Dine-In,Beverage,Mojito,1,19.74,19.74,Cash,Carlos,30,Tuesday,Breakfast,
4514,C527,Dalton Larsen,2025-01-18 18:00,Dine-In,Food,Veggie Sandwich,2,12.31,24.62,Mobile Payment,Juan,11,Saturday,Dinner,
4515,C527,Dalton Larsen,2025-02-16 08:50,Takeaway,Beverage,Iced Tea,1,12.94,12.94,Card,-,-,Sunday,Breakfast,Gluten-free
4516,C527,Dalton Larsen,2025-07-08 19:50,Dine-In,Food,Grilled Chicken,1,12.66,12.66,Card,Valeria,9,Tuesday,Dinner,No onions
4517,C528,David Thompson,2025-08-15 14:50,Dine-In,Food,Grilled Chicken,2,16.09,32.18,Card,Ana,12,Friday,Lunch,No onions
4518,C528,David Thompson,2025-06-05 19:45,Dine-In,Beverage,Latte,1,16.09,16.09,Mobile Payment,Ana,5,Thursday,Dinner,Less sugar
4519,C528,David Thompson,2025-09-06 08:45,Dine-In,Beverage,Green Smoothie,1,13.81,13.81,Cash,Miguel,16,Saturday,Breakfast,
4520,C528,David Thompson,2025-05-05 13:35,Takeaway,Beverage,Mineral Water,1,13.06,13.06,Mobile Payment,-,-,Monday,Lunch,No onions
4521,C528,David Thompson,2025-04-27 08:15,Delivery,Beverage,Green Smoothie,2,18.00,36.00,Cash,-,-,Sunday,Breakfast,
4522,C528,David Thompson,2025-01-24 08:15,Delivery,Beverage,Iced Tea,2,14.06,28.12,Mobile Payment,-,-,Friday,Breakfast,Gluten-free
4523,C530,George Garrett,2025-11-23 19:20,Delivery,Food,Margherita Pizza,1,16.86,16.86,Mobile Payment,-,-,Sunday,Dinner,
4524,C530,George Garrett,2025-03-07 12:00,Dine-In,Food,Pasta Alfredo,1,15.56,15.56,Card,Juan,8,Friday,Lunch,Extra napkins
4525,C530,George Garrett,2025-10-21 18:05,Dine-In,Food,Caesar Salad,1,19.32,19.32,Mobile Payment,Miguel,4,Tuesday,Dinner,Less sugar
4526,C530,George Garrett,2025-01-01 09:35,Dine-In,Beverage,Cappuccino,1,12.65,12.65,Cash,Valeria,20,Wednesday,Breakfast,Extra napkins
4527,C530,George Garrett,2025-02-25 12:15,Delivery,Food,Margherita Pizza,1,15.37,15.37,Card,-,-,Tuesday,Lunch,
4528,C530,George Garrett,2025-05-15 08:10,Dine-In,Beverage,Fresh Orange Juice,1,17.49,17.49,Cash,Carlos,4,Thursday,Breakfast,
4529,C530,George Garrett,2025-06-12 21:20,Delivery,Beverage,Mojito,2,12.46,24.92,Mobile Payment,-,-,Thursday,Dinner,
4530,C530,George Garrett,2025-08-09 20:10,Delivery,Food,Grilled Chicken,1,12.79,12.79,Mobile Payment,-,-,Saturday,Dinner,
4531,C530,George Garrett,2025-04-01 19:05,Dine-In,Food,Margherita Pizza,2,16.38,32.76,Mobile Payment,Juan,28,Tuesday,Dinner,
4532,C534,Shannon Jones,2025-11-17 14:00,Dine-In,Beverage,Mineral Water,1,15.73,15.73,Card,Carlos,3,Monday,Lunch,No onions
4533,C534,Shannon Jones,2025-01-14 09:50,Dine-In,Beverage,Iced Tea,1,18.37,18.37,Cash,Valeria,14,Tuesday,Breakfast,Less sugar
4534,C534,Shannon Jones,2025-08-17 12:00,Delivery,Beverage,Mineral Water,2,17.06,34.12,Card,-,-,Sunday,Lunch,
4535,C534,Shannon Jones,2025-09-19 12:40,Delivery,Food,Caesar Salad,1,17.78,17.78,Cash,-,-,Friday,Lunch,Gluten-free
4536,C534,Shannon Jones,2025-03-26 12:20,Dine-In,Beverage,Fresh Orange Juice,1,17.49,17.49,Mobile Payment,Ana,24,Wednesday,Lunch,Extra napkins
4537,C534,Shannon Jones,2025-05-22 14:40,Takeaway,Food,Veggie Sandwich,2,13.32,26.64,Mobile Payment,-,-,Thursday,Lunch,Extra napkins
4538,C534,Shannon Jones,2025-10-03 14:20,Delivery,Beverage,Mojito,2,17.24,34.48,Cash,-,-,Friday,Lunch,
4539,C534,Shannon Jones,2025-04-23 18:00,Takeaway,Beverage,Mineral Water,2,17.32,34.64,Cash,-,-,Wednesday,Dinner,Less sugar
4540,C534,Shannon Jones,2025-12-25 20:00,Takeaway,Food,Sushi Roll,1,11.82,11.82,Card,-,-,Thursday,Dinner,
4541,C535,Kellie Webster,2025-08-29 09:00,Delivery,Beverage,Cappuccino,1,13.46,13.46,Cash,-,-,Friday,Breakfast,
4542,C535,Kellie Webster,2025-04-06 14:20,Dine-In,Food,Caesar Salad,2,12.40,24.80,Card,Ana,14,Sunday,Lunch,
4543,C535,Kellie Webster,2025-12-27 08:05,Dine-In,Food,Margherita Pizza,1,18.88,18.88,Mobile Payment,Juan,4,Saturday,Breakfast,
4544,C535,Kellie Webster,2025-06-23 19:50,Dine-In,Beverage,Mineral Water,2,17.28,34.56,Card,Valeria,11,Monday,Dinner,
4545,C535,Kellie Webster,2025-05-21 12:30,Delivery,Beverage,Cappuccino,2,14.85,29.70,Card,-,-,Wednesday,Lunch,
4546,C535,Kellie Webster,2025-07-02 09:35,Takeaway,Food,Sushi Roll,1,15.62,15.62,Card,-,-,Wednesday,Breakfast,No onions
4547,C536,April Meyer,2025-09-23 14:35,Dine-In,Food,Sushi Roll,1,11.82,11.82,Mobile Payment,Carlos,26,Tuesday,Lunch,Extra napkins
4548,C536,April Meyer,2025-02-01 20:00,Delivery,Food,Grilled Chicken,1,12.25,12.25,Card,-,-,Saturday,Dinner,
4549,C536,April Meyer,2025-12-16 14:05,Dine-In,Beverage,Green Smoothie,1,19.13,19.13,Card,Miguel,11,Tuesday,Lunch,
4550,C536,April Meyer,2025-07-08 12:10,Delivery,Beverage,Iced Tea,2,16.66,33.32,Mobile Payment,-,-,Tuesday,Lunch,
4551,C536,April Meyer,2025-06-26 18:15,Dine-In,Food,Caesar Salad,2,15.45,30.90,Card,Miguel,14,Thursday,Dinner,Extra napkins
4552,C536,April Meyer,2025-08-12 21:45,Takeaway,Food,Sushi Roll,1,18.22,18.22,Mobile Payment,-,-,Tuesday,Dinner,
4553,C536,April Meyer,2025-01-20 19:30,Dine-In,Food,Veggie Sandwich,2,15.38,30.76,Mobile Payment,Carlos,20,Monday,Dinner,
4554,C539,David Sanchez,2025-01-19 09:05,Delivery,Food,Veggie Sandwich,1,12.53,12.53,Mobile Payment,-,-,Sunday,Breakfast,
4555,C539,David Sanchez,2025-09-08 13:40,Delivery,Beverage,Cappuccino,2,15.50,31.00,Card,-,-,Monday,Lunch,Less sugar
4556,C539,David Sanchez,2025-10-29 19:30,Dine-In,Food,Grilled Chicken,2,12.72,25.44,Cash,Ana,5,Wednesday,Dinner,
4557,C539,David Sanchez,2025-11-30 21:50,Delivery,Beverage,Fresh Orange Juice,2,16.95,33.90,Cash,-,-,Sunday,Dinner,Gluten-free
4558,C539,David Sanchez,2025-06-30 08:40,Dine-In,Food,Margherita Pizza,1,19.21,19.21,Cash,Valeria,22,Monday,Breakfast,Extra napkins
4559,C539,David Sanchez,2025-04-16 19:00,Dine-In,Food,Veggie Sandwich,2,15.73,31.46,Card,Valeria,14,Wednesday,Dinner,Gluten-free
4560,C539,David Sanchez,2025-03-09 18:15,Takeaway,Beverage,Fresh Orange Juice,2,13.58,27.16,Mobile Payment,-,-,Sunday,Dinner,Less sugar
4561,C539,David Sanchez,2025-08-29 14:50,Dine-In,Beverage,Cappuccino,1,12.60,12.60,Mobile Payment,Juan,17,Friday,Lunch,Extra napkins
4562,C540,Jeanne Patterson,2025-01-23 14:15,Dine-In,Food,Sushi Roll,2,17.14,34.28,Mobile Payment,Juan,11,Thursday,Lunch,
4563,C540,Jeanne Patterson,2025-05-04 13:45,Dine-In,Beverage,Cappuccino,1,13.93,13.93,Cash,Ana,22,Sunday,Lunch,Less sugar
4564,C540,Jeanne Patterson,2025-10-10 12:20,Delivery,Food,Grilled Chicken,2,13.76,27.52,Card,-,-,Friday,Lunch,Gluten-free
4565,C540,Jeanne Patterson,2025-03-09 14:30,Takeaway,Beverage,Iced Tea,2,14.00,28.00,Mobile Payment,-,-,Sunday,Lunch,Less sugar
4566,C540,Jeanne Patterson,2025-12-04 14:40,Dine-In,Beverage,Green Smoothie,1,17.26,17.26,Card,Carlos,17,Thursday,Lunch,Less sugar
4567,C540,Jeanne Patterson,2025-02-12 20:50,Delivery,Beverage,Iced Tea,1,13.11,13.11,Cash,-,-,Wednesday,Dinner,No onions
4568,C540,Jeanne Patterson,2025-09-11 13:35,Dine-In,Beverage,Iced Tea,2,15.81,31.62,Cash,Juan,12,Thursday,Lunch,
4569,C544,Angela Watson,2025-11-02 18:30,Dine-In,Food,Caesar Salad,2,12.88,25.76,Card,Ana,19,Sunday,Dinner,
4570,C544,Angela Watson,2025-12-02 13:35,Delivery,Beverage,Mojito,1,17.63,17.63,Cash,-,-,Tuesday,Lunch,Extra napkins
4571,C544,Angela Watson,2025-07-06 09:10,Takeaway,Food,Margherita Pizza,2,17.40,34.80,Mobile Payment,-,-,Sunday,Breakfast,No onions
4572,C544,Angela Watson,2025-04-05 19:00,Delivery,Food,Grilled Chicken,1,12.25,12.25,Card,-,-,Saturday,Dinner,
4573,C544,Angela Watson,2025-10-23 19:40,Dine-In,Food,Caesar Salad,1,16.82,16.82,Card,Carlos,1,Thursday,Dinner,Gluten-free
4574,C544,Angela Watson,2025-09-29 19:10,Dine-In,Food,Veggie Sandwich,1,19.38,19.38,Card,Juan,12,Monday,Dinner,
4575,C544,Angela Watson,2025-03-23 12:20,Delivery,Food,Beef Burger,2,19.93,39.86,Mobile Payment,-,-,Sunday,Lunch,No onions
4576,C545,Melinda Grant,2025-10-18 08:05,Dine-In,Food,Grilled Chicken,2,19.41,38.82,Card,Juan,27,Saturday,Breakfast,
4577,C545,Melinda Grant,2025-05-23 14:20,Delivery,Food,Margherita Pizza,1,12.15,12.15,Mobile Payment,-,-,Friday,Lunch,
4578,C545,Melinda Grant,2025-11-25 18:50,Dine-In,Beverage,Iced Tea,2,18.58,37.16,Mobile Payment,Juan,16,Tuesday,Dinner,No onions
4579,C545,Melinda Grant,2025-07-13 21:00,Delivery,Beverage,Cappuccino,2,16.76,33.52,Mobile Payment,-,-,Sunday,Dinner,Gluten-free
4580,C545,Melinda Grant,2025-03-10 13:20,Takeaway,Beverage,Mineral Water,1,18.75,18.75,Card,-,-,Monday,Lunch,Less sugar
4581,C545,Melinda Grant,2025-02-18 13:20,Delivery,Food,Grilled Chicken,1,12.25,12.25,Cash,-,-,Tuesday,Lunch,
4582,C549,Jordan Terry,2025-12-26 12:50,Takeaway,Food,Veggie Sandwich,2,15.73,31.46,Card,-,-,Friday,Lunch,
4583,C549,Jordan Terry,2025-08-26 21:40,Dine-In,Beverage,Green Smoothie,2,13.21,26.42,Mobile Payment,Ana,26,Tuesday,Dinner,
4584,C549,Jordan Terry,2025-05-03 08:05,Dine-In,Beverage,Latte,1,18.90,18.90,Mobile Payment,Carlos,16,Saturday,Breakfast,No onions
4585,C549,Jordan Terry,2025-01-07 21:40,Dine-In,Food,Grilled Chicken,1,12.72,12.72,Mobile Payment,Valeria,22,Tuesday,Dinner,
4586,C549,Jordan Terry,2025-02-11 09:10,Takeaway,Beverage,Iced Tea,1,17.43,17.43,Cash,-,-,Tuesday,Breakfast,
4587,C549,Jordan Terry,2025-07-11 18:50,Dine-In,Beverage,Cappuccino,1,19.33,19.33,Cash,Juan,30,Friday,Dinner,
4588,C549,Jordan Terry,2025-04-26 20:50,Dine-In,Food,Grilled Chicken,1,12.64,12.64,Card,Valeria,27,Saturday,Dinner,
4589,C549,Jordan Terry,2025-11-10 18:05,Dine-In,Beverage,Fresh Orange Juice,2,16.80,33.60,Card,Juan,7,Monday,Dinner,
4590,C549,Jordan Terry,2025-10-22 13:05,Delivery,Food,Caesar Salad,2,16.35,32.70,Mobile Payment,-,-,Wednesday,Lunch,
4591,C550,Mary Vaughn,2025-01-26 12:40,Delivery,Food,Margherita Pizza,1,18.74,18.74,Cash,-,-,Sunday,Lunch,Extra napkins
4592,C550,Mary Vaughn,2025-08-12 21:10,Dine-In,Food,Margherita Pizza,2,16.38,32.76,Cash,Miguel,22,Tuesday,Dinner,
4593,C550,Mary Vaughn,2025-10-23 13:00,Dine-In,Food,Grilled Chicken,2,13.55,27.10,Mobile Payment,Valeria,25,Thursday,Lunch,No onions
4594,C550,Mary Vaughn,2025-11-20 08:10,Delivery,Food,Grilled Chicken,2,12.79,25.58,Cash,-,-,Thursday,Breakfast,Gluten-free
4595,C550,Mary Vaughn,2025-07-13 20:40,Takeaway,Food,Grilled Chicken,2,17.76,35.52,Cash,-,-,Sunday,Dinner,No onions
4596,C550,Mary Vaughn,2025-02-04 12:00,Dine-In,Beverage,Fresh Orange Juice,2,19.52,39.04,Mobile Payment,Juan,23,Tuesday,Lunch,
4597,C550,Mary Vaughn,2025-09-08 13:00,Dine-In,Food,Beef Burger,2,18.39,36.78,Cash,Carlos,8,Monday,Lunch,Less sugar
4598,C552,Andrew Taylor,2025-08-02 21:35,Dine-In,Food,Caesar Salad,1,16.82,16.82,Mobile Payment,Carlos,7,Saturday,Dinner,Extra napkins
4599,C552,Andrew Taylor,2025-07-25 21:45,Delivery,Beverage,Mojito,2,19.22,38.44,Cash,-,-,Friday,Dinner,
4600,C552,Andrew Taylor,2025-11-15 21:50,Dine-In,Beverage,Cappuccino,2,13.30,26.60,Cash,Juan,19,Saturday,Dinner,
4601,C552,Andrew Taylor,2025-05-17 08:30,Delivery,Food,Caesar Salad,1,17.39,17.39,Card,-,-,Saturday,Breakfast,
4602,C552,Andrew Taylor,2025-09-17 14:15,Dine-In,Beverage,Mineral Water,1,18.04,18.04,Card,Miguel,26,Wednesday,Lunch,
4603,C552,Andrew Taylor,2025-06-30 19:30,Delivery,Beverage,Iced Tea,2,19.74,39.48,Mobile Payment,-,-,Monday,Dinner,No onions
4604,C552,Andrew Taylor,2025-12-21 12:10,Takeaway,Beverage,Iced Tea,2,16.66,33.32,Cash,-,-,Sunday,Lunch,
4605,C552,Andrew Taylor,2025-02-09 19:30,Delivery,Food,Sushi Roll,2,13.20,26.40,Mobile Payment,-,-,Sunday,Dinner,
4606,C552,Andrew Taylor,2025-01-25 20:10,Dine-In,Food,Sushi Roll,2,18.82,37.64,Card,Ana,27,Saturday,Dinner,
4607,C564,Jamie Parsons,2025-06-07 08:15,Dine-In,Beverage,Mojito,1,14.14,14.14,Mobile Payment,Miguel,9,Saturday,Breakfast,
4608,C564,Jamie Parsons,2025-03-14 19:00,Dine-In,Food,Margherita Pizza,1,19.53,19.53,Mobile Payment,Juan,18,Friday,Dinner,
4609,C564,Jamie Parsons,2025-08-19 08:40,Delivery,Beverage,Cappuccino,2,16.17,32.34,Card,-,-,Tuesday,Breakfast,No onions
4610,C564,Jamie Parsons,2025-10-05 08:00,Dine-In,Food,Veggie Sandwich,2,13.37,26.74,Card,Juan,9,Sunday,Breakfast,
4611,C564,Jamie Parsons,2025-01-20 09:05,Delivery,Food,Caesar Salad,1,15.92,15.92,Cash,-,-,Monday,Breakfast,Extra napkins
4612,C564,Jamie Parsons,2025-05-26 08:00,Delivery,Beverage,Cappuccino,2,13.68,27.36,Card,-,-,Monday,Breakfast,Less sugar
4613,C564,Jamie Parsons,2025-12-02 20:40,Dine-In,Beverage,Iced Tea,1,15.04,15.04,Mobile Payment,Valeria,8,Tuesday,Dinner,
4614,C564,Jamie Parsons,2025-11-29 18:30,Delivery,Food,Margherita Pizza,2,12.15,24.30,Cash,-,-,Saturday,Dinner,
4615,C564,Jamie Parsons,2025-09-13 12:10,Dine-In,Food,Margherita Pizza,1,15.66,15.66,Cash,Ana,8,Saturday,Lunch,Gluten-free
4616,C568,April Bass,2025-03-16 18:20,Delivery,Beverage,Mojito,1,19.22,19.22,Card,-,-,Sunday,Dinner,Less sugar
4617,C568,April Bass,2025-08-25 14:35,Dine-In,Food,Pasta Alfredo,1,12.09,12.09,Cash,Ana,11,Monday,Lunch,
4618,C568,April Bass,2025-11-11 20:40,Delivery,Food,Pasta Alfredo,1,12.09,12.09,Mobile Payment,-,-,Tuesday,Dinner,
4619,C568,April Bass,2025-05-04 20:35,Dine-In,Food,Sushi Roll,2,18.82,37.64,Card,Juan,19,Sunday,Dinner,Gluten-free
4620,C568,April Bass,2025-09-12 08:05,Dine-In,Beverage,Cappuccino,1,14.18,14.18,Card,Juan,5,Friday,Breakfast,No onions
4621,C568,April Bass,2025-01-07 12:05,Delivery,Beverage,Iced Tea,2,13.11,26.22,Cash,-,-,Tuesday,Lunch,
4622,C568,April Bass,2025-07-30 12:30,Takeaway,Beverage,Fresh Orange Juice,1,19.52,19.52,Card,-,-,Wednesday,Lunch,No onions
4623,C572,Karen Montoya MD,2025-06-30 18:05,Delivery,Beverage,Mineral Water,2,13.13,26.26,Cash,-,-,Monday,Dinner,
4624,C572,Karen Montoya MD,2025-03-24 19:50,Delivery,Beverage,Cappuccino,2,19.07,38.14,Card,-,-,Monday,Dinner,
4625,C572,Karen Montoya MD,2025-12-20 20:20,Dine-In,Beverage,Iced Tea,1,17.43,17.43,Cash,Carlos,25,Saturday,Dinner,Extra napkins
4626,C572,Karen Montoya MD,2025-05-23 08:35,Delivery,Food,Margherita Pizza,2,19.21,38.42,Cash,-,-,Friday,Breakfast,Less sugar
4627,C572,Karen Montoya MD,2025-08-19 18:30,Dine-In,Food,Margherita Pizza,2,15.37,30.74,Card,Valeria,27,Tuesday,Dinner,
4628,C572,Karen Montoya MD,2025-10-03 14:15,Takeaway,Beverage,Iced Tea,1,12.45,12.45,Cash,-,-,Friday,Lunch,No onions
4629,C572,Karen Montoya MD,2025-11-19 12:15,Dine-In,Food,Veggie Sandwich,1,19.38,19.38,Mobile Payment,Ana,20,Wednesday,Lunch,Gluten-free
4630,C573,Laurie Moses,2025-08-04 09:00,Dine-In,Food,Caesar Salad,1,13.43,13.43,Card,Ana,13,Monday,Breakfast,Less sugar
4631,C573,Laurie Moses,2025-06-22 18:35,Dine-In,Food,Caesar Salad,1,15.08,15.08,Cash,Juan,26,Sunday,Dinner,
4632,C573,Laurie Moses,2025-12-11 18:15,Takeaway,Food,Sushi Roll,2,18.82,37.64,Cash,-,-,Thursday,Dinner,No onions
4633,C573,Laurie Moses,2025-10-14 19:15,Dine-In,Food,Margherita Pizza,2,18.58,37.16,Cash,Valeria,4,Tuesday,Dinner,
4634,C573,Laurie Moses,2025-01-29 08:00,Dine-In,Beverage,Iced Tea,1,17.44,17.44,Cash,Juan,16,Wednesday,Breakfast,Extra napkins
4635,C573,Laurie Moses,2025-07-13 19:50,Delivery,Beverage,Iced Tea,1,19.82,19.82,Cash,-,-,Sunday,Dinner,Less sugar
4636,C578,Jason Collier,2025-09-13 09:50,Takeaway,Food,Caesar Salad,1,12.40,12.40,Card,-,-,Saturday,Breakfast,No onions
4637,C578,Jason Collier,2025-01-11 08:50,Takeaway,Beverage,Iced Tea,2,16.68,33.36,Cash,-,-,Saturday,Breakfast,Extra napkins
4638,C578,Jason Collier,2025-04-21 20:15,Delivery,Food,Veggie Sandwich,1,13.51,13.51,Cash,-,-,Monday,Dinner,No onions
4639,C578,Jason Collier,2025-06-14 13:15,Dine-In,Food,Grilled Chicken,1,12.25,12.25,Cash,Juan,3,Saturday,Lunch,Extra napkins
4640,C578,Jason Collier,2025-08-27 18:50,Delivery,Beverage,Mojito,2,15.65,31.30,Card,-,-,Wednesday,Dinner,Less sugar
4641,C578,Jason Collier,2025-03-25 08:50,Delivery,Beverage,Fresh Orange Juice,1,12.37,12.37,Cash,-,-,Tuesday,Breakfast,
4642,C578,Jason Collier,2025-02-10 20:35,Delivery,Beverage,Cappuccino,1,18.61,18.61,Mobile Payment,-,-,Monday,Dinner,
4643,C578,Jason Collier,2025-05-03 12:05,Takeaway,Food,Caesar Salad,1,15.08,15.08,Card,-,-,Saturday,Lunch,
