OrderID,CustomerID,OrderDate,RestaurantType,MenuCategory,ItemName,Quantity,UnitPrice,TotalPrice,PaymentMethod,TableNumber,DayOfWeek,TimeOfDay,SpecialRequest,ServerName
1001,C512,2025-02-04,Delivery,Beverage,Green Smoothie,2,19.95,39.9,Mobile Payment,N/A,Tuesday,Dinner,None,does not report
1002,C002,2025-11-03,Takeaway,Food,Pasta Alfredo,2,17.38,34.76,Card,N/A,Monday,Breakfast,Less sugar,does not report
1003,C198,2025-03-22,Delivery,Beverage,Latte,2,7.44,14.88,Cash,N/A,Saturday,Lunch,Skim milk,does not report
1004,C360,2025-04-15,Takeaway,Food,Beef Burger,2,4.29,8.58,Mobile Payment,N/A,Tuesday,Lunch,Gluten-free,does not report
1005,C752,2025-07-28,Dine-In,Beverage,Latte,2,8.95,17.9,Card,19,Monday,Lunch,No cheese,Alice
1006,C429,2025-03-07,Dine-In,Beverage,Latte,1,4.57,4.57,Cash,19,Friday,Dinner,Dressing on the side,Daniel
1007,C024,2025-07-04,Takeaway,Beverage,Green Smoothie,2,10.44,20.88,Cash,N/A,Friday,Late Night,Gluten-free,does not report
1008,C956,2025-07-23,Dine-In,Food,Pasta Alfredo,1,8.49,8.49,Mobile Payment,4,Wednesday,Breakfast,Extra ice,Michael
1009,C169,2025-04-21,Delivery,Beverage,Cappuccino,1,15.8,15.8,Mobile Payment,N/A,Monday,Breakfast,Dressing on the side,does not report
1010,C873,2025-07-29,Takeaway,Beverage,Cappuccino,2,17.14,34.28,Cash,N/A,Tuesday,Lunch,Extra ice,does not report
1011,C879,2025-07-10,Dine-In,Food,Grilled Chicken,3,5.55,16.65,Card,8,Thursday,Breakfast,Extra ice,Daniel
1012,C237,2025-11-07,Dine-In,Food,Pasta Alfredo,2,18.53,37.06,Mobile Payment,12,Friday,Breakfast,Less sugar,Robert
1013,C060,2025-02-23,Delivery,Food,Margherita Pizza,1,18.8,18.8,Mobile Payment,N/A,Sunday,Lunch,No onions,does not report
1014,C200,2025-05-18,Takeaway,Beverage,Latte,1,7.58,7.58,Card,N/A,Sunday,Breakfast,Skim milk,does not report
1015,C674,2025-05-05,Dine-In,Beverage,Mineral Water,1,13.96,13.96,Mobile Payment,17,Monday,Lunch,Extra cheese,Sophia
1016,C541,2025-09-29,Dine-In,Beverage,Cappuccino,2,18.74,37.48,Mobile Payment,16,Monday,Late Night,Gluten-free,Robert
1017,C747,2025-10-03,Delivery,Food,Veggie Sandwich,3,9.2,27.6,Mobile Payment,N/A,Friday,Lunch,No cheese,does not report
1018,C628,2025-06-03,Dine-In,Beverage,Mineral Water,1,11.8,11.8,Cash,14,Tuesday,Dinner,No onions,Daniel
1019,C578,2025-10-04,Takeaway,Beverage,Mineral Water,2,5.39,10.78,Card,N/A,Saturday,Dinner,No onions,does not report
1020,C553,2025-07-29,Dine-In,Beverage,Cappuccino,2,13.68,27.36,Cash,1,Tuesday,Dinner,Extra cheese,Robert
1021,C224,2025-05-14,Takeaway,Beverage,Iced Tea,1,16.8,16.8,Mobile Payment,N/A,Wednesday,Dinner,None,does not report
1022,C534,2025-07-27,Delivery,Beverage,Cappuccino,3,3.39,10.17,Card,N/A,Sunday,Breakfast,None,does not report
1023,C262,2025-12-27,Delivery,Food,Grilled Chicken,2,7.63,15.26,Mobile Payment,N/A,Saturday,Dinner,No onions,does not report
1024,C715,2025-02-09,Delivery,Food,Margherita Pizza,3,12.74,38.22,Cash,N/A,Sunday,Late Night,Less sugar,does not report
1025,C754,2025-11-17,Delivery,Food,Margherita Pizza,2,17.95,35.9,Cash,N/A,Monday,Breakfast,Gluten-free,does not report
1026,C186,2025-04-16,Delivery,Beverage,Mojito,3,12.46,37.38,Mobile Payment,N/A,Wednesday,Dinner,No cheese,does not report
1027,C844,2025-04-28,Dine-In,Beverage,Latte,1,15.13,15.13,Cash,13,Monday,Dinner,No onions,Robert
1028,C733,2025-05-10,Delivery,Beverage,Mineral Water,1,12.41,12.41,Card,N/A,Saturday,Dinner,Less sugar,does not report
1029,C196,2025-01-03,Takeaway,Beverage,Iced Tea,2,10.15,20.3,Cash,N/A,Friday,Dinner,Dressing on the side,does not report
1030,C215,2025-01-22,Delivery,Beverage,Mojito,3,14.28,42.84,Card,N/A,Wednesday,Dinner,Skim milk,does not report
1031,C305,2025-02-26,Takeaway,Beverage,Mineral Water,2,18.04,36.08,Cash,N/A,Wednesday,Dinner,No onions,does not report
1032,C311,2025-03-16,Delivery,Food,Pasta Alfredo,1,4.14,4.14,Card,N/A,Sunday,Lunch,Extra ice,does not report
1033,C674,2025-05-05,Delivery,Food,Grilled Chicken,2,13.75,27.5,Mobile Payment,N/A,Monday,Lunch,Extra cheese,does not report
1034,C460,2025-05-04,Dine-In,Beverage,Mineral Water,2,8.37,16.74,Mobile Payment,15,Sunday,Lunch,Less sugar,Alice
1035,C936,2025-02-11,Delivery,Beverage,Fresh Orange Juice,1,10.47,10.47,Card,N/A,Tuesday,Lunch,Dressing on the side,does not report
1036,C068,2025-03-31,Takeaway,Food,Sushi Roll,3,3.56,10.68,Cash,N/A,Monday,Dinner,Less sugar,does not report
1037,C888,2025-10-11,Delivery,Beverage,Latte,1,11.57,11.57,Card,N/A,Saturday,Dinner,Skim milk,does not report
1038,C089,2025-11-11,Dine-In,Beverage,Latte,2,13.9,27.8,Cash,6,Tuesday,Lunch,Less sugar,Daniel
1039,C520,2025-11-13,Takeaway,Food,Pasta Alfredo,1,11.79,11.79,Card,N/A,Thursday,Lunch,Extra ice,does not report
1040,C912,2025-03-28,Delivery,Beverage,Fresh Orange Juice,1,17.12,17.12,Mobile Payment,N/A,Friday,Lunch,No onions,does not report
1041,C966,2025-08-06,Dine-In,Beverage,Mineral Water,3,13.13,39.39,Card,7,Wednesday,Dinner,No onions,Alice
1042,C728,2025-11-15,Dine-In,Beverage,Fresh Orange Juice,2,7.27,14.54,Cash,7,Saturday,Lunch,Extra cheese,Michael
1043,C369,2025-05-27,Dine-In,Food,Caesar Salad,3,17.39,52.17,Card,15,Tuesday,Lunch,Extra cheese,Daniel
1044,C968,2025-05-22,Delivery,Beverage,Cappuccino,1,16.76,16.76,Cash,N/A,Thursday,Late Night,Gluten-free,does not report
1045,C371,2025-03-20,Takeaway,Beverage,Iced Tea,3,17.43,52.29,Cash,N/A,Thursday,Dinner,Skim milk,does not report
1046,C647,2025-12-06,Takeaway,Food,Grilled Chicken,3,5.57,16.71,Cash,N/A,Saturday,Late Night,Dressing on the side,does not report
1047,C487,2025-09-07,Delivery,Beverage,Cappuccino,1,8.44,8.44,Card,N/A,Sunday,Lunch,Gluten-free,does not report
1048,C264,2025-03-31,Dine-In,Beverage,Fresh Orange Juice,2,12.37,24.74,Cash,11,Monday,Lunch,No onions,Michael
1049,C766,2025-02-02,Delivery,Beverage,Mojito,3,10.43,31.29,Mobile Payment,N/A,Sunday,Lunch,Gluten-free,does not report
1050,C333,2025-10-28,Dine-In,Beverage,Latte,3,18.79,56.37,Card,13,Tuesday,Late Night,No onions,Sophia
1051,C696,2025-01-22,Dine-In,Beverage,Green Smoothie,2,10.09,20.18,Mobile Payment,5,Wednesday,Dinner,Skim milk,Michael
1052,C535,2025-09-09,Delivery,Food,Sushi Roll,2,7.19,14.38,Mobile Payment,N/A,Tuesday,Lunch,Gluten-free,does not report
1053,C732,2025-02-06,Delivery,Food,Sushi Roll,3,8.73,26.19,Card,N/A,Thursday,Lunch,No onions,does not report
1054,C057,2025-05-25,Dine-In,Food,Margherita Pizza,2,16.86,33.72,Mobile Payment,17,Sunday,Dinner,Extra cheese,Robert
1055,C205,2025-09-28,Takeaway,Beverage,Fresh Orange Juice,3,11.29,33.87,Cash,N/A,Sunday,Breakfast,None,does not report
1056,C030,2025-03-28,Delivery,Beverage,Fresh Orange Juice,1,13.62,13.62,Card,N/A,Friday,Lunch,Gluten-free,does not report
1057,C536,2025-11-25,Takeaway,Beverage,Green Smoothie,1,18.3,18.3,Card,N/A,Tuesday,Dinner,Dressing on the side,does not report
1058,C462,2025-09-08,Delivery,Beverage,Fresh Orange Juice,3,10.28,30.84,Mobile Payment,N/A,Monday,Dinner,Less sugar,does not report
1059,C032,2025-01-28,Delivery,Beverage,Mineral Water,1,3.41,3.41,Card,N/A,Tuesday,Dinner,Gluten-free,does not report
1060,C126,2025-11-21,Dine-In,Food,Veggie Sandwich,2,8.07,16.14,Card,10,Friday,Late Night,Gluten-free,Daniel
1061,C201,2025-02-13,Takeaway,Food,Grilled Chicken,2,15.37,30.74,Mobile Payment,N/A,Thursday,Dinner,No cheese,does not report
1062,C071,2025-11-27,Dine-In,Beverage,Iced Tea,3,16.66,49.98,Card,18,Thursday,Lunch,Less sugar,Alice
1063,C073,2025-11-13,Dine-In,Food,Veggie Sandwich,3,13.37,40.11,Mobile Payment,20,Thursday,Late Night,Less sugar,Daniel
1064,C061,2025-06-19,Delivery,Beverage,Iced Tea,2,18.58,37.16,Mobile Payment,N/A,Thursday,Dinner,No cheese,does not report
1065,C265,2025-11-14,Delivery,Beverage,Mojito,2,17.63,35.26,Cash,N/A,Friday,Dinner,Extra cheese,does not report
1066,C415,2025-01-28,Delivery,Food,Margherita Pizza,1,16.38,16.38,Cash,N/A,Tuesday,Lunch,None,does not report
1067,C657,2025-12-25,Dine-In,Beverage,Iced Tea,1,18.37,18.37,Card,12,Thursday,Late Night,Dressing on the side,Alice
1068,C732,2025-02-06,Delivery,Beverage,Cappuccino,1,9.95,9.95,Card,N/A,Thursday,Late Night,None,does not report
1069,C409,2025-11-29,Delivery,Beverage,Cappuccino,1,16.17,16.17,Cash,N/A,Saturday,Breakfast,No onions,does not report
1070,C834,2025-11-04,Dine-In,Beverage,Latte,2,6.53,13.06,Cash,16,Tuesday,Dinner,No onions,Michael
1071,C110,2025-06-19,Delivery,Food,Caesar Salad,3,7.83,23.49,Cash,N/A,Thursday,Breakfast,Less sugar,does not report
1072,C147,2025-01-20,Delivery,Beverage,Fresh Orange Juice,1,19.52,19.52,Mobile Payment,N/A,Monday,Late Night,No cheese,does not report
1073,C763,2025-10-14,Delivery,Food,Caesar Salad,2,11.32,22.64,Mobile Payment,N/A,Tuesday,Breakfast,No cheese,does not report
1074,C857,2025-02-11,Takeaway,Food,Beef Burger,2,7.76,15.52,Card,N/A,Tuesday,Dinner,Less sugar,does not report
1075,C962,2025-01-02,Delivery,Beverage,Green Smoothie,2,16.92,33.84,Card,N/A,Thursday,Lunch,Extra ice,does not report
1076,C476,2025-02-11,Takeaway,Beverage,Mineral Water,1,16.04,16.04,Card,N/A,Tuesday,Lunch,None,does not report
1077,C516,2025-04-13,Takeaway,Food,Sushi Roll,3,4.64,13.92,Cash,N/A,Sunday,Lunch,Extra ice,does not report
1078,C139,2025-09-18,Dine-In,Food,Sushi Roll,3,12.86,38.58,Card,1,Thursday,Late Night,No cheese,Robert
1079,C077,2025-08-01,Dine-In,Beverage,Fresh Orange Juice,2,17.17,34.34,Mobile Payment,3,Friday,Lunch,None,Sophia
1080,C461,2025-02-26,Delivery,Beverage,Latte,1,12.39,12.39,Mobile Payment,N/A,Wednesday,Lunch,No cheese,does not report
1081,C779,2025-02-19,Takeaway,Beverage,Mojito,2,8.49,16.98,Card,N/A,Wednesday,Dinner,No onions,does not report
1082,C118,2025-03-02,Delivery,Beverage,Mineral Water,1,3.48,3.48,Cash,N/A,Sunday,Dinner,Less sugar,does not report
1083,C864,2025-07-30,Delivery,Beverage,Iced Tea,2,12.67,25.34,Cash,N/A,Wednesday,Dinner,Gluten-free,does not report
1084,C725,2025-08-18,Delivery,Food,Veggie Sandwich,3,19.4,58.2,Card,N/A,Monday,Lunch,None,does not report
1085,C087,2025-06-03,Delivery,Beverage,Latte,1,10.81,10.81,Cash,N/A,Tuesday,Dinner,None,does not report
1086,C936,2025-02-11,Takeaway,Beverage,Mojito,1,5.07,5.07,Mobile Payment,N/A,Tuesday,Breakfast,Dressing on the side,does not report
1087,C970,2025-08-17,Takeaway,Beverage,Latte,1,15.54,15.54,Card,N/A,Sunday,Dinner,Gluten-free,does not report
1088,C948,2025-11-24,Dine-In,Beverage,Iced Tea,3,13.54,40.62,Cash,5,Monday,Late Night,No cheese,Robert
1089,C203,2025-09-04,Delivery,Food,Veggie Sandwich,2,9.71,19.42,Cash,N/A,Thursday,Lunch,Dressing on the side,does not report
1090,C812,2025-01-02,Delivery,Beverage,Iced Tea,3,15.02,45.06,Mobile Payment,N/A,Thursday,Lunch,Less sugar,does not report
1091,C539,2025-07-27,Delivery,Food,Beef Burger,1,7.43,7.43,Card,N/A,Sunday,Dinner,Extra cheese,does not report
1092,C009,2025-10-10,Dine-In,Beverage,Fresh Orange Juice,2,13.58,27.16,Cash,11,Friday,Late Night,Gluten-free,Daniel
1093,C273,2025-08-08,Delivery,Food,Margherita Pizza,2,7.55,15.1,Card,N/A,Friday,Lunch,Extra ice,does not report
1094,C383,2025-02-06,Delivery,Food,Caesar Salad,1,12.4,12.4,Cash,N/A,Thursday,Late Night,Skim milk,does not report
1095,C984,2025-08-11,Takeaway,Food,Beef Burger,3,4.06,12.18,Mobile Payment,N/A,Monday,Lunch,No cheese,does not report
1096,C997,2025-04-22,Dine-In,Beverage,Latte,3,8.61,25.83,Mobile Payment,15,Tuesday,Lunch,No onions,Alice
1097,C898,2025-02-25,Dine-In,Beverage,Latte,1,16.14,16.14,Card,5,Tuesday,Late Night,Dressing on the side,Alice
1098,C146,2025-12-05,Takeaway,Food,Sushi Roll,2,18.82,37.64,Card,N/A,Friday,Lunch,No cheese,does not report
1099,C493,2025-01-04,Dine-In,Beverage,Mineral Water,2,13.18,26.36,Card,17,Saturday,Lunch,Less sugar,Alice
1100,C887,2025-11-12,Dine-In,Beverage,Iced Tea,2,17.18,34.36,Cash,15,Wednesday,Breakfast,Gluten-free,Alice
1101,C040,2025-01-01,Dine-In,Food,Margherita Pizza,3,9.33,27.99,Mobile Payment,6,Wednesday,Lunch,None,Michael
1102,C965,2025-02-11,Takeaway,Beverage,Mineral Water,2,12.02,24.04,Cash,N/A,Tuesday,Dinner,Extra ice,does not report
1103,C374,2025-04-07,Delivery,Beverage,Iced Tea,2,11.52,23.04,Card,N/A,Monday,Breakfast,None,does not report
1104,C117,2025-08-29,Dine-In,Beverage,Mojito,1,14.14,14.14,Mobile Payment,10,Friday,Lunch,Extra ice,Sophia
1105,C332,2025-11-17,Takeaway,Food,Sushi Roll,3,7.46,22.38,Cash,N/A,Monday,Dinner,Dressing on the side,does not report
1106,C999,2025-08-25,Dine-In,Food,Margherita Pizza,3,10.57,31.71,Mobile Payment,19,Monday,Breakfast,No onions,Alice
1107,C127,2025-03-22,Dine-In,Food,Margherita Pizza,3,9.09,27.27,Card,2,Saturday,Lunch,No cheese,Michael
1108,C876,2025-04-20,Delivery,Beverage,Cappuccino,3,8.31,24.93,Cash,N/A,Sunday,Dinner,Dressing on the side,does not report
1109,C830,2025-07-21,Takeaway,Food,Veggie Sandwich,3,4.66,13.98,Mobile Payment,N/A,Monday,Dinner,Extra ice,does not report
1110,C808,2025-07-03,Takeaway,Food,Margherita Pizza,3,13.39,40.17,Mobile Payment,N/A,Thursday,Lunch,Skim milk,does not report
1111,C700,2025-12-07,Takeaway,Food,Caesar Salad,1,18.29,18.29,Cash,N/A,Sunday,Late Night,Dressing on the side,does not report
1112,C342,2025-01-27,Dine-In,Food,Caesar Salad,3,8.8,26.4,Cash,13,Monday,Dinner,Dressing on the side,Alice
1113,C880,2025-05-27,Delivery,Food,Margherita Pizza,3,4.98,14.94,Cash,N/A,Tuesday,Lunch,No onions,does not report
1114,C585,2025-12-08,Delivery,Beverage,Latte,3,4.35,13.05,Card,N/A,Monday,Breakfast,Gluten-free,does not report
1115,C286,2025-09-19,Delivery,Beverage,Latte,3,16.09,48.27,Cash,N/A,Friday,Dinner,Extra ice,does not report
1116,C208,2025-09-17,Takeaway,Food,Pasta Alfredo,3,14.9,44.7,Card,N/A,Wednesday,Breakfast,Extra ice,does not report
1117,C021,2025-04-02,Delivery,Food,Sushi Roll,1,19.82,19.82,Card,N/A,Wednesday,Lunch,No onions,does not report
1118,C277,2025-06-24,Dine-In,Beverage,Iced Tea,2,15.81,31.62,Mobile Payment,7,Tuesday,Dinner,Extra cheese,Sophia
1119,C654,2025-06-13,Dine-In,Food,Sushi Roll,3,9.01,27.03,Mobile Payment,20,Friday,Breakfast,Gluten-free,Daniel
1120,C660,2025-01-28,Dine-In,Beverage,Cappuccino,3,12.04,36.12,Card,7,Tuesday,Late Night,Gluten-free,Robert
1121,C540,2025-07-11,Dine-In,Food,Margherita Pizza,2,5.85,11.7,Mobile Payment,1,Friday,Lunch,Extra ice,Alice
1122,C120,2025-07-28,Delivery,Food,Margherita Pizza,2,13.78,27.56,Mobile Payment,N/A,Monday,Dinner,Extra ice,does not report
1123,C702,2025-04-20,Delivery,Beverage,Mineral Water,1,17.74,17.74,Card,N/A,Sunday,Lunch,None,does not report
1124,C904,2025-05-10,Delivery,Food,Margherita Pizza,3,14.3,42.9,Cash,N/A,Saturday,Breakfast,Extra ice,does not report
1125,C587,2025-09-02,Delivery,Food,Sushi Roll,1,17.14,17.14,Mobile Payment,N/A,Tuesday,Late Night,Gluten-free,does not report
1126,C895,2025-09-11,Delivery,Food,Caesar Salad,2,10.41,20.82,Mobile Payment,N/A,Thursday,Lunch,None,does not report
1127,C839,2025-04-20,Takeaway,Food,Veggie Sandwich,2,9.57,19.14,Card,N/A,Sunday,Dinner,None,does not report
1128,C677,2025-08-06,Takeaway,Beverage,Latte,2,8.89,17.78,Mobile Payment,N/A,Wednesday,Dinner,None,does not report
1129,C432,2025-01-03,Dine-In,Food,Beef Burger,3,9.29,27.87,Cash,20,Friday,Dinner,Gluten-free,Robert
1130,C747,2025-10-03,Delivery,Beverage,Fresh Orange Juice,2,16.8,33.6,Cash,N/A,Friday,Dinner,No cheese,does not report
1131,C060,2025-02-23,Delivery,Beverage,Iced Tea,2,16.16,32.32,Mobile Payment,N/A,Sunday,Dinner,No cheese,does not report
1132,C114,2025-04-30,Dine-In,Food,Grilled Chicken,2,6.79,13.58,Card,5,Wednesday,Lunch,None,Daniel
1133,C853,2025-07-31,Takeaway,Beverage,Iced Tea,2,17.66,35.32,Card,N/A,Thursday,Dinner,No cheese,does not report
1134,C224,2025-05-14,Dine-In,Food,Beef Burger,3,10.57,31.71,Cash,10,Wednesday,Breakfast,Gluten-free,Robert
1135,C028,2025-09-11,Delivery,Food,Veggie Sandwich,1,14.13,14.13,Card,N/A,Thursday,Late Night,Skim milk,does not report
1136,C881,2025-07-24,Delivery,Food,Pasta Alfredo,1,13.25,13.25,Card,N/A,Thursday,Lunch,Extra cheese,does not report
1137,C743,2025-11-14,Dine-In,Food,Margherita Pizza,1,18.74,18.74,Mobile Payment,3,Friday,Lunch,Dressing on the side,Daniel
1138,C668,2025-02-17,Takeaway,Beverage,Iced Tea,3,10.42,31.26,Mobile Payment,N/A,Monday,Dinner,Extra ice,does not report
1139,C235,2025-12-18,Delivery,Food,Caesar Salad,1,19.32,19.32,Cash,N/A,Thursday,Late Night,No onions,does not report
1140,C008,2025-06-09,Delivery,Food,Margherita Pizza,1,12.33,12.33,Mobile Payment,N/A,Monday,Breakfast,None,does not report
1141,C607,2025-10-13,Delivery,Beverage,Green Smoothie,2,15.5,31.0,Mobile Payment,N/A,Monday,Lunch,No cheese,does not report
1142,C607,2025-10-13,Takeaway,Beverage,Cappuccino,2,4.4,8.8,Cash,N/A,Monday,Dinner,Dressing on the side,does not report
1143,C978,2025-09-15,Dine-In,Beverage,Cappuccino,1,6.46,6.46,Card,8,Monday,Late Night,Less sugar,Sophia
1144,C029,2025-01-07,Dine-In,Food,Veggie Sandwich,3,19.38,58.14,Card,15,Tuesday,Lunch,None,Sophia
1145,C662,2025-02-15,Takeaway,Beverage,Fresh Orange Juice,2,7.03,14.06,Card,N/A,Saturday,Late Night,Less sugar,does not report
1146,C089,2025-11-11,Takeaway,Beverage,Green Smoothie,3,8.41,25.23,Mobile Payment,N/A,Tuesday,Dinner,No onions,does not report
1147,C223,2025-09-19,Dine-In,Beverage,Cappuccino,3,16.65,49.95,Mobile Payment,11,Friday,Lunch,No cheese,Robert
1148,C106,2025-03-02,Takeaway,Food,Veggie Sandwich,1,14.91,14.91,Mobile Payment,N/A,Sunday,Breakfast,None,does not report
1149,C138,2025-12-12,Takeaway,Food,Veggie Sandwich,2,4.85,9.7,Card,N/A,Friday,Breakfast,Dressing on the side,does not report
1150,C485,2025-09-28,Takeaway,Beverage,Iced Tea,1,12.61,12.61,Card,N/A,Sunday,Dinner,No cheese,does not report
1151,C812,2025-01-02,Dine-In,Food,Sushi Roll,1,15.62,15.62,Card,18,Thursday,Dinner,Extra ice,Alice
1152,C979,2025-09-28,Takeaway,Food,Grilled Chicken,3,19.41,58.23,Card,N/A,Sunday,Late Night,Extra ice,does not report
1153,C904,2025-05-10,Takeaway,Beverage,Latte,3,11.27,33.81,Mobile Payment,N/A,Saturday,Breakfast,Extra cheese,does not report
1154,C185,2025-09-08,Dine-In,Beverage,Iced Tea,3,12.45,37.35,Cash,4,Monday,Dinner,No onions,Robert
1155,C862,2025-06-10,Delivery,Food,Sushi Roll,1,13.95,13.95,Card,N/A,Tuesday,Dinner,Extra cheese,does not report
1156,C418,2025-08-03,Dine-In,Beverage,Latte,2,18.9,37.8,Card,12,Sunday,Breakfast,Extra ice,Sophia
1157,C852,2025-10-02,Delivery,Food,Beef Burger,1,3.3,3.3,Card,N/A,Thursday,Dinner,Dressing on the side,does not report
1158,C077,2025-08-01,Delivery,Food,Sushi Roll,3,13.03,39.09,Cash,N/A,Friday,Lunch,Gluten-free,does not report
1159,C871,2025-07-18,Takeaway,Food,Sushi Roll,2,16.11,32.22,Cash,N/A,Friday,Breakfast,Skim milk,does not report
1160,C421,2025-09-23,Dine-In,Food,Caesar Salad,3,15.45,46.35,Cash,4,Tuesday,Breakfast,Gluten-free,Michael
1161,C837,2025-02-26,Takeaway,Beverage,Mojito,1,15.77,15.77,Cash,N/A,Wednesday,Lunch,Less sugar,does not report
1162,C331,2025-01-27,Takeaway,Food,Margherita Pizza,2,19.03,38.06,Cash,N/A,Monday,Breakfast,Extra cheese,does not report
1163,C959,2025-05-06,Delivery,Beverage,Latte,1,3.71,3.71,Mobile Payment,N/A,Tuesday,Late Night,No cheese,does not report
1164,C840,2025-10-08,Takeaway,Beverage,Mojito,2,14.37,28.74,Card,N/A,Wednesday,Breakfast,Dressing on the side,does not report
1165,C367,2025-09-27,Delivery,Food,Veggie Sandwich,3,11.99,35.97,Mobile Payment,N/A,Saturday,Dinner,Skim milk,does not report
1166,C380,2025-07-20,Takeaway,Food,Pasta Alfredo,1,8.45,8.45,Mobile Payment,N/A,Sunday,Late Night,Extra cheese,does not report
1167,C349,2025-04-12,Dine-In,Food,Pasta Alfredo,1,13.81,13.81,Card,11,Saturday,Dinner,No cheese,Sophia
1168,C215,2025-01-22,Takeaway,Food,Grilled Chicken,1,12.25,12.25,Mobile Payment,N/A,Wednesday,Dinner,None,does not report
1169,C979,2025-09-28,Dine-In,Food,Grilled Chicken,2,6.13,12.26,Cash,19,Sunday,Lunch,Dressing on the side,Robert
1170,C025,2025-04-17,Delivery,Food,Grilled Chicken,1,15.42,15.42,Cash,N/A,Thursday,Dinner,None,does not report
1171,C859,2025-08-14,Dine-In,Beverage,Fresh Orange Juice,1,12.17,12.17,Mobile Payment,12,Thursday,Lunch,Dressing on the side,Michael
1172,C269,2025-05-08,Takeaway,Food,Margherita Pizza,2,12.08,24.16,Card,N/A,Thursday,Breakfast,Dressing on the side,does not report
1173,C502,2025-07-24,Dine-In,Food,Grilled Chicken,3,5.55,16.65,Mobile Payment,18,Thursday,Lunch,Dressing on the side,Sophia
1174,C500,2025-01-02,Dine-In,Beverage,Cappuccino,1,6.94,6.94,Card,13,Thursday,Lunch,No onions,Robert
1175,C489,2025-12-21,Delivery,Food,Pasta Alfredo,1,15.71,15.71,Card,N/A,Sunday,Dinner,No cheese,does not report
1176,C515,2025-01-07,Delivery,Food,Veggie Sandwich,2,5.21,10.42,Card,N/A,Tuesday,Lunch,Skim milk,does not report
1177,C300,2025-03-20,Takeaway,Food,Caesar Salad,1,17.78,17.78,Cash,N/A,Thursday,Lunch,Extra ice,does not report
1178,C782,2025-09-09,Delivery,Food,Caesar Salad,3,7.75,23.25,Cash,N/A,Tuesday,Late Night,Extra ice,does not report
1179,C485,2025-09-28,Dine-In,Food,Sushi Roll,1,3.81,3.81,Card,3,Sunday,Late Night,No cheese,Alice
1180,C604,2025-05-27,Takeaway,Food,Beef Burger,2,19.39,38.78,Cash,N/A,Tuesday,Lunch,Dressing on the side,does not report
1181,C119,2025-06-25,Takeaway,Food,Margherita Pizza,3,18.58,55.74,Mobile Payment,N/A,Wednesday,Lunch,Dressing on the side,does not report
1182,C722,2025-11-09,Takeaway,Beverage,Mojito,1,15.75,15.75,Card,N/A,Sunday,Lunch,None,does not report
1183,C227,2025-08-29,Dine-In,Food,Sushi Roll,3,4.22,12.66,Card,17,Friday,Dinner,Extra cheese,Alice
1184,C480,2025-07-16,Takeaway,Food,Beef Burger,3,6.34,19.02,Card,N/A,Wednesday,Lunch,Extra cheese,does not report
1185,C994,2025-07-24,Delivery,Food,Veggie Sandwich,1,4.01,4.01,Cash,N/A,Thursday,Lunch,No onions,does not report
1186,C316,2025-11-06,Dine-In,Beverage,Mojito,1,16.64,16.64,Mobile Payment,7,Thursday,Dinner,Gluten-free,Daniel
1187,C648,2025-08-05,Dine-In,Food,Beef Burger,3,19.93,59.79,Cash,12,Tuesday,Lunch,No onions,Michael
1188,C530,2025-07-27,Takeaway,Food,Beef Burger,1,4.93,4.93,Mobile Payment,N/A,Sunday,Breakfast,No cheese,does not report
1189,C778,2025-10-25,Takeaway,Food,Sushi Roll,3,18.95,56.85,Mobile Payment,N/A,Saturday,Breakfast,Gluten-free,does not report
1190,C428,2025-12-24,Dine-In,Beverage,Mineral Water,2,9.82,19.64,Mobile Payment,7,Wednesday,Dinner,None,Robert
1191,C900,2025-07-28,Delivery,Food,Veggie Sandwich,1,19.87,19.87,Cash,N/A,Monday,Late Night,Extra cheese,does not report
1192,C198,2025-03-22,Takeaway,Food,Margherita Pizza,1,11.16,11.16,Card,N/A,Saturday,Lunch,Extra ice,does not report
1193,C499,2025-08-14,Delivery,Beverage,Fresh Orange Juice,3,16.95,50.85,Cash,N/A,Thursday,Lunch,Extra cheese,does not report
1194,C975,2025-07-18,Takeaway,Food,Grilled Chicken,1,3.33,3.33,Cash,N/A,Friday,Lunch,Gluten-free,does not report
1195,C176,2025-08-28,Delivery,Food,Caesar Salad,2,16.35,32.7,Card,N/A,Thursday,Dinner,No onions,does not report
1196,C921,2025-01-03,Delivery,Food,Beef Burger,1,13.99,13.99,Mobile Payment,N/A,Friday,Dinner,No cheese,does not report
1197,C164,2025-01-02,Delivery,Food,Caesar Salad,1,8.42,8.42,Card,N/A,Thursday,Dinner,Gluten-free,does not report
1198,C036,2025-07-26,Dine-In,Beverage,Mineral Water,1,17.28,17.28,Mobile Payment,11,Saturday,Lunch,Extra ice,Sophia
1199,C745,2025-10-26,Delivery,Beverage,Iced Tea,3,5.61,16.83,Mobile Payment,N/A,Sunday,Dinner,No onions,does not report
1200,C641,2025-01-25,Takeaway,Beverage,Mojito,3,3.89,11.67,Mobile Payment,N/A,Saturday,Dinner,None,does not report
1201,C714,2025-03-08,Delivery,Food,Grilled Chicken,1,15.3,15.3,Card,N/A,Saturday,Lunch,None,does not report
1202,C264,2025-03-31,Dine-In,Beverage,Mojito,1,4.15,4.15,Mobile Payment,1,Monday,Breakfast,No cheese,Michael
1203,C299,2025-08-11,Delivery,Food,Veggie Sandwich,1,9.87,9.87,Card,N/A,Monday,Lunch,None,does not report
1204,C905,2025-03-24,Delivery,Beverage,Mineral Water,3,6.55,19.65,Cash,N/A,Monday,Dinner,Extra cheese,does not report
1205,C076,2025-06-25,Delivery,Beverage,Fresh Orange Juice,3,13.94,41.82,Mobile Payment,N/A,Wednesday,Dinner,None,does not report
1206,C469,2025-04-26,Delivery,Beverage,Cappuccino,1,14.85,14.85,Card,N/A,Saturday,Lunch,Extra cheese,does not report
1207,C285,2025-05-09,Takeaway,Food,Pasta Alfredo,1,4.17,4.17,Mobile Payment,N/A,Friday,Lunch,Extra ice,does not report
1208,C446,2025-01-28,Dine-In,Food,Sushi Roll,1,4.58,4.58,Card,12,Tuesday,Breakfast,Extra cheese,Alice
1209,C224,2025-05-14,Takeaway,Beverage,Cappuccino,3,19.07,57.21,Card,N/A,Wednesday,Lunch,No cheese,does not report
1210,C208,2025-09-17,Takeaway,Food,Beef Burger,2,19.88,39.76,Card,N/A,Wednesday,Breakfast,Skim milk,does not report
1211,C868,2025-04-10,Dine-In,Beverage,Cappuccino,1,6.77,6.77,Mobile Payment,5,Thursday,Dinner,Extra cheese,Michael
1212,C307,2025-06-02,Dine-In,Food,Sushi Roll,3,15.33,45.99,Mobile Payment,19,Monday,Breakfast,None,Alice
1213,C060,2025-02-23,Delivery,Food,Grilled Chicken,1,4.69,4.69,Mobile Payment,N/A,Sunday,Late Night,Extra cheese,does not report
1214,C750,2025-11-21,Dine-In,Beverage,Mineral Water,1,3.56,3.56,Cash,10,Friday,Dinner,Skim milk,Robert
1215,C802,2025-12-28,Dine-In,Food,Pasta Alfredo,1,12.09,12.09,Card,14,Sunday,Dinner,No onions,Daniel
1216,C699,2025-10-06,Dine-In,Beverage,Iced Tea,3,6.07,18.21,Cash,7,Monday,Dinner,None,Michael
1217,C734,2025-02-16,Dine-In,Beverage,Mojito,2,16.37,32.74,Cash,10,Sunday,Late Night,No cheese,Michael
1218,C312,2025-11-02,Delivery,Beverage,Green Smoothie,1,13.21,13.21,Mobile Payment,N/A,Sunday,Dinner,No cheese,does not report
1219,C643,2025-07-18,Takeaway,Food,Caesar Salad,3,12.88,38.64,Cash,N/A,Friday,Breakfast,None,does not report
1220,C727,2025-03-09,Dine-In,Beverage,Mineral Water,1,15.73,15.73,Card,6,Sunday,Late Night,No cheese,Sophia
1221,C366,2025-02-01,Takeaway,Beverage,Cappuccino,2,10.98,21.96,Cash,N/A,Saturday,Breakfast,No onions,does not report
1222,C187,2025-03-25,Dine-In,Beverage,Cappuccino,2,19.33,38.66,Cash,3,Tuesday,Dinner,Extra cheese,Michael
1223,C749,2025-07-02,Delivery,Beverage,Latte,2,14.89,29.78,Cash,N/A,Wednesday,Lunch,None,does not report
1224,C118,2025-03-02,Takeaway,Beverage,Latte,2,4.64,9.28,Cash,N/A,Sunday,Dinner,Less sugar,does not report
1225,C639,2025-06-14,Takeaway,Beverage,Fresh Orange Juice,3,8.34,25.02,Cash,N/A,Saturday,Breakfast,Skim milk,does not report
1226,C845,2025-10-22,Takeaway,Beverage,Iced Tea,2,11.35,22.7,Card,N/A,Wednesday,Lunch,No onions,does not report
1227,C477,2025-03-19,Delivery,Food,Grilled Chicken,2,17.76,35.52,Card,N/A,Wednesday,Dinner,Dressing on the side,does not report
1228,C502,2025-07-24,Dine-In,Beverage,Green Smoothie,1,4.99,4.99,Card,9,Thursday,Late Night,No cheese,Daniel
1229,C383,2025-02-06,Takeaway,Beverage,Mojito,2,19.22,38.44,Cash,N/A,Thursday,Lunch,Less sugar,does not report
1230,C078,2025-02-17,Dine-In,Beverage,Latte,2,17.34,34.68,Cash,14,Monday,Dinner,Extra cheese,Daniel
1231,C478,2025-05-03,Dine-In,Beverage,Latte,2,16.97,33.94,Cash,6,Saturday,Dinner,Less sugar,Sophia
1232,C787,2025-10-22,Takeaway,Food,Caesar Salad,3,19.77,59.31,Cash,N/A,Wednesday,Lunch,Less sugar,does not report
1233,C750,2025-11-21,Delivery,Food,Beef Burger,2,8.14,16.28,Cash,N/A,Friday,Breakfast,Less sugar,does not report
1234,C319,2025-07-28,Takeaway,Beverage,Green Smoothie,3,7.54,22.62,Card,N/A,Monday,Dinner,Skim milk,does not report
1235,C233,2025-09-09,Delivery,Beverage,Green Smoothie,3,4.22,12.66,Card,N/A,Tuesday,Lunch,Less sugar,does not report
1236,C781,2025-08-24,Takeaway,Beverage,Cappuccino,2,12.28,24.56,Card,N/A,Sunday,Lunch,Extra cheese,does not report
1237,C222,2025-07-13,Delivery,Beverage,Green Smoothie,2,3.91,7.82,Card,N/A,Sunday,Lunch,Extra cheese,does not report
1238,C252,2025-12-13,Takeaway,Beverage,Cappuccino,1,9.14,9.14,Cash,N/A,Saturday,Lunch,Extra cheese,does not report
1239,C505,2025-11-20,Dine-In,Food,Veggie Sandwich,2,18.04,36.08,Mobile Payment,1,Thursday,Lunch,Gluten-free,Daniel
1240,C524,2025-10-20,Delivery,Food,Beef Burger,2,7.4,14.8,Card,N/A,Monday,Lunch,Extra cheese,does not report
1241,C833,2025-11-19,Takeaway,Food,Sushi Roll,3,4.65,13.95,Mobile Payment,N/A,Wednesday,Dinner,Less sugar,does not report
1242,C332,2025-11-17,Takeaway,Food,Beef Burger,2,9.19,18.38,Cash,N/A,Monday,Lunch,No cheese,does not report
1243,C839,2025-04-20,Takeaway,Beverage,Green Smoothie,2,19.13,38.26,Card,N/A,Sunday,Dinner,Dressing on the side,does not report
1244,C067,2025-04-28,Takeaway,Beverage,Latte,2,4.06,8.12,Mobile Payment,N/A,Monday,Late Night,Dressing on the side,does not report
1245,C694,2025-10-15,Dine-In,Beverage,Green Smoothie,2,3.73,7.46,Card,15,Wednesday,Dinner,Skim milk,Robert
1246,C494,2025-11-07,Delivery,Beverage,Cappuccino,1,12.6,12.6,Card,N/A,Friday,Late Night,No cheese,does not report
1247,C964,2025-04-27,Dine-In,Food,Beef Burger,1,9.46,9.46,Cash,4,Sunday,Dinner,Gluten-free,Daniel
1248,C051,2025-10-25,Takeaway,Food,Pasta Alfredo,3,12.82,38.46,Cash,N/A,Saturday,Dinner,Gluten-free,does not report
1249,C472,2025-02-13,Takeaway,Beverage,Green Smoothie,2,6.27,12.54,Cash,N/A,Thursday,Breakfast,Skim milk,does not report
1250,C669,2025-10-31,Dine-In,Beverage,Latte,2,13.8,27.6,Mobile Payment,18,Friday,Dinner,Extra ice,Sophia
1251,C967,2025-05-06,Dine-In,Food,Caesar Salad,2,10.74,21.48,Cash,19,Tuesday,Lunch,Extra ice,Michael
1252,C154,2025-06-18,Dine-In,Food,Margherita Pizza,2,19.24,38.48,Cash,12,Wednesday,Dinner,Less sugar,Alice
1253,C517,2025-10-19,Dine-In,Beverage,Fresh Orange Juice,2,4.08,8.16,Mobile Payment,8,Sunday,Late Night,No cheese,Sophia
1254,C942,2025-07-08,Takeaway,Beverage,Iced Tea,3,17.07,51.21,Cash,N/A,Tuesday,Dinner,Extra cheese,does not report
1255,C564,2025-04-14,Dine-In,Food,Sushi Roll,1,13.2,13.2,Mobile Payment,5,Monday,Breakfast,Dressing on the side,Sophia
1256,C567,2025-09-19,Delivery,Beverage,Green Smoothie,1,11.89,11.89,Mobile Payment,N/A,Friday,Dinner,Skim milk,does not report
1257,C396,2025-06-15,Delivery,Food,Beef Burger,1,5.8,5.8,Mobile Payment,N/A,Sunday,Late Night,No cheese,does not report
1258,C830,2025-07-21,Delivery,Beverage,Mojito,1,15.65,15.65,Cash,N/A,Monday,Breakfast,Gluten-free,does not report
1259,C929,2025-12-16,Takeaway,Beverage,Cappuccino,1,16.79,16.79,Mobile Payment,N/A,Tuesday,Breakfast,Extra cheese,does not report
1260,C477,2025-03-19,Takeaway,Beverage,Mineral Water,3,4.91,14.73,Card,N/A,Wednesday,Breakfast,No cheese,does not report
1261,C622,2025-01-14,Delivery,Beverage,Mojito,1,11.63,11.63,Mobile Payment,N/A,Tuesday,Dinner,Gluten-free,does not report
1262,C458,2025-05-05,Dine-In,Beverage,Fresh Orange Juice,1,5.36,5.36,Card,3,Monday,Late Night,Extra cheese,Sophia
1263,C413,2025-07-02,Takeaway,Beverage,Green Smoothie,3,4.34,13.02,Mobile Payment,N/A,Wednesday,Lunch,None,does not report
1264,C858,2025-03-17,Dine-In,Food,Veggie Sandwich,1,13.51,13.51,Mobile Payment,9,Monday,Dinner,Gluten-free,Sophia
1265,C415,2025-01-28,Delivery,Food,Pasta Alfredo,2,7.46,14.92,Card,N/A,Tuesday,Breakfast,Extra ice,does not report
1266,C486,2025-11-26,Dine-In,Food,Caesar Salad,3,11.94,35.82,Cash,11,Wednesday,Dinner,None,Robert
1267,C830,2025-07-21,Takeaway,Food,Beef Burger,1,5.1,5.1,Card,N/A,Monday,Dinner,Dressing on the side,does not report
1268,C225,2025-01-18,Delivery,Food,Sushi Roll,1,9.88,9.88,Card,N/A,Saturday,Breakfast,No cheese,does not report
1269,C844,2025-04-28,Dine-In,Beverage,Green Smoothie,2,3.21,6.42,Card,14,Monday,Breakfast,Skim milk,Michael
1270,C855,2025-12-16,Delivery,Food,Sushi Roll,3,13.67,41.01,Mobile Payment,N/A,Tuesday,Dinner,Extra cheese,does not report
1271,C661,2025-02-12,Dine-In,Food,Caesar Salad,1,9.1,9.1,Card,3,Wednesday,Late Night,None,Daniel
1272,C222,2025-07-13,Takeaway,Food,Beef Burger,3,18.39,55.17,Card,N/A,Sunday,Breakfast,None,does not report
1273,C174,2025-12-21,Takeaway,Food,Veggie Sandwich,3,15.73,47.19,Mobile Payment,N/A,Sunday,Lunch,Extra ice,does not report
1274,C253,2025-08-18,Takeaway,Beverage,Mineral Water,2,9.98,19.96,Card,N/A,Monday,Lunch,Extra ice,does not report
1275,C950,2025-05-18,Takeaway,Food,Caesar Salad,2,9.04,18.08,Mobile Payment,N/A,Sunday,Lunch,Extra ice,does not report
1276,C1000,2025-05-15,Delivery,Food,Veggie Sandwich,2,15.38,30.76,Card,N/A,Thursday,Dinner,Gluten-free,does not report
1277,C572,2025-02-27,Dine-In,Beverage,Mineral Water,1,3.42,3.42,Cash,13,Thursday,Breakfast,Extra ice,Sophia
1278,C544,2025-08-16,Dine-In,Beverage,Mineral Water,2,9.41,18.82,Cash,10,Saturday,Dinner,Dressing on the side,Alice
1279,C979,2025-09-28,Dine-In,Food,Veggie Sandwich,2,12.31,24.62,Cash,20,Sunday,Dinner,Extra ice,Sophia
1280,C128,2025-05-24,Takeaway,Food,Pasta Alfredo,2,4.85,9.7,Mobile Payment,N/A,Saturday,Dinner,Skim milk,does not report
1281,C029,2025-01-07,Dine-In,Beverage,Mojito,1,4.17,4.17,Cash,17,Tuesday,Lunch,None,Daniel
1282,C987,2025-04-05,Delivery,Beverage,Fresh Orange Juice,3,17.42,52.26,Card,N/A,Saturday,Late Night,Less sugar,does not report
1283,C243,2025-11-09,Delivery,Beverage,Iced Tea,1,8.91,8.91,Card,N/A,Sunday,Dinner,Extra cheese,does not report
1284,C097,2025-05-05,Delivery,Beverage,Green Smoothie,2,18.54,37.08,Mobile Payment,N/A,Monday,Late Night,Skim milk,does not report
1285,C997,2025-04-22,Dine-In,Beverage,Mojito,3,14.09,42.27,Card,14,Tuesday,Lunch,None,Sophia
1286,C300,2025-03-20,Takeaway,Food,Caesar Salad,1,16.6,16.6,Cash,N/A,Thursday,Lunch,Less sugar,does not report
1287,C008,2025-06-09,Dine-In,Food,Margherita Pizza,3,19.21,57.63,Cash,18,Monday,Dinner,None,Alice
1288,C145,2025-12-07,Dine-In,Beverage,Mineral Water,3,11.46,34.38,Card,6,Sunday,Dinner,Dressing on the side,Michael
1289,C177,2025-03-28,Takeaway,Food,Margherita Pizza,3,18.94,56.82,Mobile Payment,N/A,Friday,Lunch,Extra cheese,does not report
1290,C283,2025-03-21,Delivery,Beverage,Fresh Orange Juice,1,8.91,8.91,Cash,N/A,Friday,Dinner,Extra cheese,does not report
1291,C190,2025-01-21,Dine-In,Beverage,Fresh Orange Juice,1,5.61,5.61,Card,19,Tuesday,Lunch,Dressing on the side,Michael
1292,C189,2025-04-28,Takeaway,Beverage,Mojito,1,12.34,12.34,Cash,N/A,Monday,Dinner,Skim milk,does not report
1293,C230,2025-06-24,Takeaway,Beverage,Green Smoothie,3,18.0,54.0,Mobile Payment,N/A,Tuesday,Dinner,None,does not report
1294,C408,2025-03-22,Delivery,Beverage,Mineral Water,3,17.32,51.96,Cash,N/A,Saturday,Late Night,None,does not report
1295,C373,2025-12-27,Dine-In,Beverage,Cappuccino,1,13.46,13.46,Cash,4,Saturday,Lunch,None,Sophia
1296,C373,2025-12-27,Takeaway,Beverage,Latte,2,4.73,9.46,Mobile Payment,N/A,Saturday,Lunch,Skim milk,does not report
1297,C935,2025-06-08,Delivery,Food,Grilled Chicken,3,9.97,29.91,Card,N/A,Sunday,Breakfast,Dressing on the side,does not report
1298,C526,2025-04-27,Takeaway,Food,Caesar Salad,2,11.14,22.28,Cash,N/A,Sunday,Late Night,Extra cheese,does not report
1299,C954,2025-03-27,Takeaway,Beverage,Mineral Water,2,5.28,10.56,Card,N/A,Thursday,Lunch,No cheese,does not report
1300,C678,2025-07-25,Takeaway,Food,Grilled Chicken,2,12.72,25.44,Mobile Payment,N/A,Friday,Dinner,Less sugar,does not report
1301,C666,2025-02-06,Dine-In,Beverage,Fresh Orange Juice,3,17.79,53.37,Card,7,Thursday,Dinner,No onions,Robert
1302,C388,2025-02-21,Delivery,Food,Pasta Alfredo,3,9.48,28.44,Cash,N/A,Friday,Late Night,Extra cheese,does not report
1303,C163,2025-05-07,Dine-In,Food,Beef Burger,3,17.43,52.29,Card,20,Wednesday,Lunch,Gluten-free,Alice
1304,C383,2025-02-06,Takeaway,Beverage,Mineral Water,3,9.2,27.6,Card,N/A,Thursday,Late Night,Gluten-free,does not report
1305,C461,2025-02-26,Dine-In,Food,Sushi Roll,2,11.05,22.1,Cash,17,Wednesday,Dinner,No cheese,Michael
1306,C100,2025-01-10,Dine-In,Food,Beef Burger,3,9.79,29.37,Card,7,Friday,Lunch,Skim milk,Michael
1307,C827,2025-12-05,Delivery,Beverage,Latte,3,8.03,24.09,Cash,N/A,Friday,Late Night,Extra cheese,does not report
1308,C393,2025-08-13,Takeaway,Beverage,Green Smoothie,2,18.21,36.42,Cash,N/A,Wednesday,Late Night,Extra cheese,does not report
1309,C432,2025-01-03,Dine-In,Food,Veggie Sandwich,2,9.96,19.92,Card,6,Friday,Dinner,Extra ice,Michael
1310,C464,2025-07-30,Takeaway,Beverage,Mineral Water,2,12.88,25.76,Mobile Payment,N/A,Wednesday,Lunch,Less sugar,does not report
1311,C819,2025-10-08,Delivery,Food,Sushi Roll,3,10.88,32.64,Mobile Payment,N/A,Wednesday,Dinner,No cheese,does not report
1312,C189,2025-04-28,Takeaway,Food,Pasta Alfredo,1,4.94,4.94,Cash,N/A,Monday,Breakfast,No onions,does not report
1313,C009,2025-10-10,Dine-In,Food,Caesar Salad,2,11.52,23.04,Mobile Payment,19,Friday,Lunch,Less sugar,Sophia
1314,C858,2025-03-17,Delivery,Food,Sushi Roll,3,9.85,29.55,Card,N/A,Monday,Late Night,Dressing on the side,does not report
1315,C123,2025-03-24,Dine-In,Beverage,Cappuccino,1,13.3,13.3,Card,19,Monday,Dinner,Skim milk,Michael
1316,C049,2025-03-02,Takeaway,Food,Pasta Alfredo,2,4.12,8.24,Card,N/A,Sunday,Breakfast,No onions,does not report
1317,C042,2025-12-14,Takeaway,Food,Margherita Pizza,2,12.15,24.3,Cash,N/A,Sunday,Breakfast,No cheese,does not report
1318,C332,2025-11-17,Dine-In,Beverage,Mojito,3,16.67,50.01,Mobile Payment,20,Monday,Dinner,No cheese,Michael
1319,C058,2025-06-16,Dine-In,Food,Margherita Pizza,2,5.62,11.24,Cash,2,Monday,Late Night,Less sugar,Michael
1320,C784,2025-09-24,Dine-In,Food,Sushi Roll,3,7.31,21.93,Card,17,Wednesday,Breakfast,No cheese,Daniel
1321,C439,2025-09-30,Takeaway,Beverage,Mineral Water,3,9.58,28.74,Card,N/A,Tuesday,Breakfast,Less sugar,does not report
1322,C815,2025-06-02,Dine-In,Beverage,Green Smoothie,2,10.2,20.4,Cash,11,Monday,Dinner,Gluten-free,Michael
1323,C077,2025-08-01,Takeaway,Beverage,Mineral Water,3,14.04,42.12,Card,N/A,Friday,Lunch,Extra ice,does not report
1324,C682,2025-09-20,Delivery,Beverage,Green Smoothie,3,11.78,35.34,Mobile Payment,N/A,Saturday,Late Night,Gluten-free,does not report
1325,C773,2025-01-27,Delivery,Beverage,Iced Tea,1,19.74,19.74,Card,N/A,Monday,Lunch,Extra cheese,does not report
1326,C260,2025-12-09,Delivery,Food,Grilled Chicken,1,3.05,3.05,Card,N/A,Tuesday,Lunch,Dressing on the side,does not report
1327,C030,2025-03-28,Dine-In,Beverage,Mineral Water,1,18.1,18.1,Mobile Payment,14,Friday,Lunch,Gluten-free,Robert
1328,C981,2025-08-15,Takeaway,Beverage,Iced Tea,2,17.64,35.28,Card,N/A,Friday,Breakfast,Extra cheese,does not report
1329,C985,2025-01-21,Dine-In,Beverage,Mineral Water,3,18.46,55.38,Mobile Payment,5,Tuesday,Late Night,Skim milk,Alice
1330,C777,2025-05-09,Delivery,Food,Grilled Chicken,3,13.2,39.6,Mobile Payment,N/A,Friday,Lunch,Extra cheese,does not report
1331,C873,2025-07-29,Takeaway,Food,Caesar Salad,3,11.34,34.02,Card,N/A,Tuesday,Breakfast,No cheese,does not report
1332,C890,2025-06-24,Takeaway,Beverage,Green Smoothie,1,8.38,8.38,Cash,N/A,Tuesday,Breakfast,None,does not report
1333,C928,2025-02-23,Dine-In,Beverage,Latte,2,15.21,30.42,Card,16,Sunday,Breakfast,Less sugar,Robert
1334,C838,2025-08-23,Dine-In,Beverage,Iced Tea,3,14.06,42.18,Card,12,Saturday,Breakfast,No onions,Alice
1335,C281,2025-06-26,Delivery,Beverage,Mojito,2,6.94,13.88,Mobile Payment,N/A,Thursday,Dinner,Skim milk,does not report
1336,C254,2025-10-04,Takeaway,Food,Beef Burger,2,10.08,20.16,Card,N/A,Saturday,Lunch,Gluten-free,does not report
1337,C223,2025-09-19,Dine-In,Beverage,Green Smoothie,3,7.63,22.89,Mobile Payment,10,Friday,Breakfast,Gluten-free,Michael
1338,C614,2025-06-22,Takeaway,Food,Pasta Alfredo,2,14.52,29.04,Card,N/A,Sunday,Dinner,Dressing on the side,does not report
1339,C625,2025-02-11,Delivery,Beverage,Iced Tea,2,17.44,34.88,Card,N/A,Tuesday,Lunch,Skim milk,does not report
1340,C629,2025-09-05,Dine-In,Food,Sushi Roll,3,10.97,32.91,Mobile Payment,9,Friday,Dinner,Gluten-free,Sophia
1341,C474,2025-10-28,Delivery,Food,Grilled Chicken,3,13.55,40.65,Cash,N/A,Tuesday,Dinner,No onions,does not report
1342,C697,2025-10-26,Dine-In,Food,Sushi Roll,3,11.82,35.46,Cash,3,Sunday,Lunch,None,Sophia
1343,C192,2025-08-22,Dine-In,Food,Sushi Roll,3,6.25,18.75,Mobile Payment,20,Friday,Breakfast,None,Alice
1344,C448,2025-10-08,Takeaway,Food,Caesar Salad,2,13.43,26.86,Mobile Payment,N/A,Wednesday,Lunch,No cheese,does not report
1345,C829,2025-12-14,Takeaway,Food,Caesar Salad,1,11.28,11.28,Card,N/A,Sunday,Dinner,Extra ice,does not report
1346,C743,2025-11-14,Dine-In,Beverage,Mojito,3,17.24,51.72,Mobile Payment,20,Friday,Lunch,None,Robert
1347,C015,2025-06-21,Dine-In,Beverage,Cappuccino,2,3.62,7.24,Card,10,Saturday,Lunch,Extra ice,Alice
1348,C254,2025-10-04,Delivery,Food,Pasta Alfredo,2,4.83,9.66,Cash,N/A,Saturday,Breakfast,None,does not report
1349,C237,2025-11-07,Dine-In,Beverage,Fresh Orange Juice,2,16.79,33.58,Cash,18,Friday,Late Night,Extra cheese,Daniel
1350,C918,2025-05-23,Takeaway,Food,Veggie Sandwich,3,4.11,12.33,Cash,N/A,Friday,Lunch,Less sugar,does not report
1351,C483,2025-05-06,Dine-In,Beverage,Latte,3,6.36,19.08,Mobile Payment,11,Tuesday,Breakfast,No onions,Michael
1352,C180,2025-06-01,Dine-In,Beverage,Cappuccino,1,18.61,18.61,Mobile Payment,16,Sunday,Breakfast,No onions,Sophia
1353,C014,2025-11-11,Delivery,Beverage,Latte,3,17.87,53.61,Mobile Payment,N/A,Tuesday,Breakfast,Less sugar,does not report
1354,C626,2025-07-04,Takeaway,Food,Grilled Chicken,1,7.82,7.82,Mobile Payment,N/A,Friday,Lunch,Dressing on the side,does not report
1355,C317,2025-10-07,Dine-In,Food,Margherita Pizza,2,14.72,29.44,Cash,11,Tuesday,Breakfast,Less sugar,Robert
1356,C877,2025-02-13,Takeaway,Food,Veggie Sandwich,1,4.78,4.78,Cash,N/A,Thursday,Dinner,No onions,does not report
1357,C312,2025-11-02,Delivery,Beverage,Green Smoothie,2,9.11,18.22,Cash,N/A,Sunday,Dinner,Extra ice,does not report
1358,C345,2025-04-24,Dine-In,Beverage,Iced Tea,1,7.14,7.14,Cash,7,Thursday,Breakfast,No cheese,Michael
1359,C545,2025-06-06,Dine-In,Beverage,Latte,3,5.4,16.2,Card,6,Friday,Breakfast,Dressing on the side,Robert
1360,C403,2025-04-03,Delivery,Beverage,Green Smoothie,3,12.08,36.24,Cash,N/A,Thursday,Breakfast,Extra ice,does not report
1361,C432,2025-01-03,Dine-In,Beverage,Cappuccino,2,14.18,28.36,Cash,19,Friday,Breakfast,Gluten-free,Alice
1362,C666,2025-02-06,Dine-In,Beverage,Green Smoothie,1,5.99,5.99,Mobile Payment,13,Thursday,Lunch,Dressing on the side,Robert
1363,C783,2025-10-28,Takeaway,Beverage,Fresh Orange Juice,3,12.51,37.53,Card,N/A,Tuesday,Breakfast,None,does not report
1364,C447,2025-12-08,Dine-In,Beverage,Mineral Water,1,10.92,10.92,Mobile Payment,4,Monday,Dinner,Less sugar,Robert
1365,C140,2025-08-04,Takeaway,Food,Margherita Pizza,1,17.4,17.4,Mobile Payment,N/A,Monday,Dinner,No cheese,does not report
1366,C318,2025-06-20,Dine-In,Beverage,Cappuccino,1,4.25,4.25,Card,18,Friday,Lunch,No onions,Robert
1367,C512,2025-02-04,Dine-In,Beverage,Mineral Water,2,9.51,19.02,Mobile Payment,12,Tuesday,Lunch,Extra cheese,Michael
1368,C051,2025-10-25,Dine-In,Beverage,Mojito,2,4.52,9.04,Card,13,Saturday,Lunch,Dressing on the side,Sophia
1369,C241,2025-06-10,Takeaway,Food,Sushi Roll,1,7.17,7.17,Mobile Payment,N/A,Tuesday,Late Night,None,does not report
1370,C753,2025-03-26,Delivery,Food,Pasta Alfredo,3,18.49,55.47,Card,N/A,Wednesday,Lunch,Less sugar,does not report
1371,C527,2025-06-18,Takeaway,Beverage,Mineral Water,3,18.75,56.25,Mobile Payment,N/A,Wednesday,Lunch,Skim milk,does not report
1372,C208,2025-09-17,Delivery,Food,Grilled Chicken,2,19.01,38.02,Card,N/A,Wednesday,Dinner,Dressing on the side,does not report
1373,C712,2025-06-26,Delivery,Beverage,Fresh Orange Juice,2,4.64,9.28,Cash,N/A,Thursday,Dinner,Gluten-free,does not report
1374,C207,2025-02-26,Dine-In,Food,Sushi Roll,3,19.42,58.26,Cash,19,Wednesday,Lunch,Gluten-free,Daniel
1375,C154,2025-06-18,Takeaway,Food,Beef Burger,1,7.17,7.17,Mobile Payment,N/A,Wednesday,Lunch,Skim milk,does not report
1376,C579,2025-12-10,Delivery,Beverage,Iced Tea,2,8.28,16.56,Card,N/A,Wednesday,Dinner,Extra cheese,does not report
1377,C912,2025-03-28,Dine-In,Beverage,Iced Tea,3,16.68,50.04,Cash,5,Friday,Breakfast,Dressing on the side,Alice
1378,C156,2025-01-14,Dine-In,Beverage,Mineral Water,2,9.33,18.66,Mobile Payment,3,Tuesday,Lunch,Dressing on the side,Alice
1379,C368,2025-08-24,Dine-In,Food,Margherita Pizza,2,9.05,18.1,Mobile Payment,15,Sunday,Dinner,Dressing on the side,Michael
1380,C938,2025-09-08,Delivery,Beverage,Cappuccino,1,18.98,18.98,Mobile Payment,N/A,Monday,Breakfast,Extra cheese,does not report
1381,C371,2025-03-20,Takeaway,Beverage,Green Smoothie,3,9.11,27.33,Cash,N/A,Thursday,Late Night,No cheese,does not report
1382,C525,2025-08-15,Delivery,Food,Grilled Chicken,1,14.21,14.21,Mobile Payment,N/A,Friday,Lunch,Dressing on the side,does not report
1383,C461,2025-02-26,Takeaway,Beverage,Cappuccino,2,18.67,37.34,Cash,N/A,Wednesday,Lunch,Less sugar,does not report
1384,C743,2025-11-14,Dine-In,Beverage,Latte,3,15.42,46.26,Cash,13,Friday,Breakfast,No onions,Daniel
1385,C352,2025-08-31,Dine-In,Beverage,Mojito,3,19.74,59.22,Mobile Payment,8,Sunday,Lunch,Extra cheese,Michael
1386,C267,2025-04-14,Dine-In,Beverage,Green Smoothie,3,4.71,14.13,Cash,19,Monday,Lunch,Gluten-free,Sophia
1387,C332,2025-11-17,Dine-In,Food,Caesar Salad,1,12.54,12.54,Cash,17,Monday,Late Night,Dressing on the side,Robert
1388,C499,2025-08-14,Delivery,Beverage,Mineral Water,1,8.06,8.06,Cash,N/A,Thursday,Dinner,Extra cheese,does not report
1389,C264,2025-03-31,Takeaway,Food,Caesar Salad,3,3.86,11.58,Cash,N/A,Monday,Breakfast,None,does not report
1390,C142,2025-09-27,Delivery,Beverage,Iced Tea,3,3.11,9.33,Mobile Payment,N/A,Saturday,Dinner,Skim milk,does not report
1391,C301,2025-11-10,Dine-In,Beverage,Cappuccino,2,6.32,12.64,Mobile Payment,5,Monday,Late Night,No cheese,Robert
1392,C660,2025-01-28,Delivery,Beverage,Cappuccino,3,4.4,13.2,Mobile Payment,N/A,Tuesday,Late Night,Extra cheese,does not report
1393,C504,2025-12-12,Delivery,Food,Caesar Salad,1,5.86,5.86,Mobile Payment,N/A,Friday,Dinner,No cheese,does not report
1394,C586,2025-01-30,Delivery,Food,Caesar Salad,1,10.92,10.92,Cash,N/A,Thursday,Dinner,Skim milk,does not report
1395,C923,2025-11-16,Dine-In,Food,Sushi Roll,2,13.55,27.1,Mobile Payment,2,Sunday,Late Night,No onions,Sophia
1396,C712,2025-06-26,Dine-In,Beverage,Green Smoothie,1,8.17,8.17,Card,7,Thursday,Dinner,Extra cheese,Robert
1397,C363,2025-11-04,Delivery,Food,Veggie Sandwich,3,4.48,13.44,Card,N/A,Tuesday,Dinner,No cheese,does not report
1398,C950,2025-05-18,Dine-In,Food,Veggie Sandwich,1,9.6,9.6,Card,20,Sunday,Late Night,Less sugar,Alice
1399,C831,2025-10-22,Delivery,Food,Caesar Salad,1,15.08,15.08,Card,N/A,Wednesday,Late Night,Extra cheese,does not report
1400,C047,2025-11-28,Dine-In,Food,Veggie Sandwich,3,5.17,15.51,Mobile Payment,7,Friday,Lunch,Skim milk,Michael
1401,C402,2025-02-05,Delivery,Food,Caesar Salad,3,15.92,47.76,Cash,N/A,Wednesday,Lunch,Less sugar,does not report
1402,C447,2025-12-08,Takeaway,Food,Sushi Roll,3,3.63,10.89,Card,N/A,Monday,Dinner,Less sugar,does not report
1403,C581,2025-10-31,Delivery,Food,Veggie Sandwich,1,9.0,9.0,Mobile Payment,N/A,Friday,Dinner,No cheese,does not report
1404,C877,2025-02-13,Dine-In,Beverage,Mineral Water,2,18.97,37.94,Cash,12,Thursday,Dinner,None,Robert
1405,C376,2025-03-08,Dine-In,Beverage,Cappuccino,3,10.86,32.58,Card,14,Saturday,Dinner,Less sugar,Sophia
1406,C541,2025-09-29,Dine-In,Food,Pasta Alfredo,2,5.72,11.44,Cash,5,Monday,Late Night,Gluten-free,Alice
1407,C948,2025-11-24,Dine-In,Beverage,Mojito,2,7.44,14.88,Mobile Payment,18,Monday,Lunch,Extra cheese,Sophia
1408,C958,2025-02-05,Dine-In,Beverage,Green Smoothie,3,9.32,27.96,Mobile Payment,15,Wednesday,Dinner,Dressing on the side,Alice
1409,C448,2025-10-08,Takeaway,Food,Caesar Salad,3,10.18,30.54,Mobile Payment,N/A,Wednesday,Dinner,Extra cheese,does not report
1410,C006,2025-04-18,Delivery,Food,Veggie Sandwich,2,13.32,26.64,Cash,N/A,Friday,Breakfast,Gluten-free,does not report
1411,C864,2025-07-30,Takeaway,Food,Grilled Chicken,1,12.64,12.64,Mobile Payment,N/A,Wednesday,Dinner,Extra cheese,does not report
1412,C866,2025-12-20,Takeaway,Food,Grilled Chicken,1,12.66,12.66,Cash,N/A,Saturday,Breakfast,Extra cheese,does not report
1413,C193,2025-06-11,Dine-In,Beverage,Cappuccino,1,13.51,13.51,Cash,5,Wednesday,Dinner,Extra ice,Michael
1414,C213,2025-09-26,Dine-In,Food,Grilled Chicken,3,12.25,36.75,Mobile Payment,19,Friday,Lunch,Extra cheese,Michael
1415,C894,2025-06-20,Delivery,Beverage,Iced Tea,1,7.22,7.22,Cash,N/A,Friday,Dinner,Extra ice,does not report
1416,C640,2025-05-16,Delivery,Food,Margherita Pizza,1,15.66,15.66,Mobile Payment,N/A,Friday,Dinner,Extra ice,does not report
1417,C524,2025-10-20,Delivery,Beverage,Latte,1,4.01,4.01,Mobile Payment,N/A,Monday,Lunch,Gluten-free,does not report
1418,C257,2025-09-16,Takeaway,Food,Grilled Chicken,1,18.5,18.5,Cash,N/A,Tuesday,Breakfast,Extra cheese,does not report
1419,C507,2025-08-04,Delivery,Beverage,Mineral Water,1,8.42,8.42,Card,N/A,Monday,Late Night,None,does not report
1420,C390,2025-05-11,Delivery,Beverage,Iced Tea,1,7.33,7.33,Card,N/A,Sunday,Lunch,No cheese,does not report
1421,C751,2025-08-22,Dine-In,Food,Sushi Roll,1,17.53,17.53,Card,13,Friday,Lunch,None,Sophia
1422,C871,2025-07-18,Takeaway,Food,Pasta Alfredo,3,15.56,46.68,Mobile Payment,N/A,Friday,Breakfast,Extra ice,does not report
1423,C735,2025-12-12,Takeaway,Beverage,Mineral Water,2,3.11,6.22,Card,N/A,Friday,Dinner,Less sugar,does not report
1424,C834,2025-11-04,Delivery,Beverage,Mineral Water,3,9.79,29.37,Cash,N/A,Tuesday,Late Night,Less sugar,does not report
1425,C212,2025-05-01,Delivery,Food,Pasta Alfredo,1,8.25,8.25,Mobile Payment,N/A,Thursday,Breakfast,None,does not report
1426,C272,2025-05-25,Delivery,Beverage,Iced Tea,1,5.7,5.7,Card,N/A,Sunday,Dinner,No cheese,does not report
1427,C711,2025-03-15,Dine-In,Food,Grilled Chicken,1,17.08,17.08,Mobile Payment,16,Saturday,Late Night,Skim milk,Daniel
1428,C377,2025-06-12,Dine-In,Food,Grilled Chicken,3,10.88,32.64,Mobile Payment,11,Thursday,Lunch,Extra ice,Sophia
1429,C379,2025-08-24,Delivery,Beverage,Latte,1,6.54,6.54,Mobile Payment,N/A,Sunday,Dinner,Dressing on the side,does not report
1430,C620,2025-04-23,Delivery,Food,Veggie Sandwich,3,7.15,21.45,Mobile Payment,N/A,Wednesday,Dinner,Gluten-free,does not report
1431,C343,2025-04-13,Delivery,Food,Veggie Sandwich,3,14.27,42.81,Cash,N/A,Sunday,Dinner,No cheese,does not report
1432,C440,2025-05-24,Dine-In,Beverage,Iced Tea,3,13.11,39.33,Mobile Payment,3,Saturday,Lunch,Skim milk,Daniel
1433,C911,2025-10-03,Takeaway,Food,Pasta Alfredo,1,6.83,6.83,Mobile Payment,N/A,Friday,Breakfast,Less sugar,does not report
1434,C716,2025-10-13,Takeaway,Food,Margherita Pizza,2,19.53,39.06,Cash,N/A,Monday,Breakfast,Extra cheese,does not report
1435,C807,2025-03-10,Dine-In,Beverage,Mojito,3,14.3,42.9,Card,19,Monday,Lunch,Gluten-free,Sophia
1436,C360,2025-04-15,Takeaway,Food,Grilled Chicken,2,18.13,36.26,Mobile Payment,N/A,Tuesday,Breakfast,Extra ice,does not report
1437,C815,2025-06-02,Takeaway,Food,Caesar Salad,1,17.44,17.44,Mobile Payment,N/A,Monday,Dinner,Skim milk,does not report
1438,C721,2025-03-18,Delivery,Food,Grilled Chicken,3,12.79,38.37,Mobile Payment,N/A,Tuesday,Late Night,Extra ice,does not report
1439,C721,2025-03-18,Takeaway,Beverage,Iced Tea,1,17.7,17.7,Cash,N/A,Tuesday,Lunch,Extra cheese,does not report
1440,C861,2025-03-10,Dine-In,Beverage,Cappuccino,3,8.4,25.2,Cash,12,Monday,Lunch,Extra cheese,Robert
1441,C424,2025-02-11,Takeaway,Food,Beef Burger,1,19.66,19.66,Cash,N/A,Tuesday,Breakfast,Extra ice,does not report
1442,C452,2025-04-17,Delivery,Beverage,Cappuccino,3,15.5,46.5,Cash,N/A,Thursday,Dinner,No cheese,does not report
1443,C673,2025-07-16,Delivery,Beverage,Cappuccino,3,11.05,33.15,Cash,N/A,Wednesday,Lunch,No cheese,does not report
1444,C617,2025-09-10,Dine-In,Beverage,Cappuccino,3,6.7,20.1,Card,1,Wednesday,Lunch,None,Robert
1445,C668,2025-02-17,Dine-In,Food,Caesar Salad,2,6.33,12.66,Card,14,Monday,Late Night,No cheese,Alice
1446,C003,2025-05-08,Dine-In,Food,Caesar Salad,3,19.04,57.12,Mobile Payment,18,Thursday,Dinner,No onions,Robert
1447,C700,2025-12-07,Takeaway,Beverage,Fresh Orange Juice,2,7.34,14.68,Mobile Payment,N/A,Sunday,Lunch,Extra ice,does not report
1448,C528,2025-12-15,Dine-In,Food,Margherita Pizza,1,18.88,18.88,Card,12,Monday,Dinner,Extra cheese,Michael
1449,C581,2025-10-31,Delivery,Food,Margherita Pizza,2,17.83,35.66,Cash,N/A,Friday,Lunch,No cheese,does not report
1450,C015,2025-06-21,Dine-In,Food,Pasta Alfredo,3,10.97,32.91,Cash,12,Saturday,Late Night,Less sugar,Alice
1451,C398,2025-01-25,Delivery,Food,Beef Burger,3,8.95,26.85,Cash,N/A,Saturday,Dinner,Extra cheese,does not report
1452,C138,2025-12-12,Dine-In,Food,Margherita Pizza,3,15.37,46.11,Card,3,Friday,Dinner,Skim milk,Sophia
1453,C857,2025-02-11,Dine-In,Beverage,Green Smoothie,2,5.12,10.24,Mobile Payment,20,Tuesday,Dinner,Less sugar,Michael
1454,C692,2025-04-17,Dine-In,Food,Veggie Sandwich,2,8.59,17.18,Mobile Payment,19,Thursday,Dinner,No onions,Sophia
1455,C456,2025-10-01,Delivery,Beverage,Mojito,1,9.93,9.93,Mobile Payment,N/A,Wednesday,Lunch,Gluten-free,does not report
1456,C156,2025-01-14,Dine-In,Food,Pasta Alfredo,1,14.11,14.11,Card,12,Tuesday,Late Night,None,Michael
1457,C615,2025-12-20,Dine-In,Beverage,Mineral Water,1,7.02,7.02,Cash,5,Saturday,Late Night,Less sugar,Michael
1458,C475,2025-12-21,Dine-In,Beverage,Cappuccino,1,7.21,7.21,Cash,16,Sunday,Late Night,No onions,Sophia
1459,C842,2025-01-04,Takeaway,Food,Sushi Roll,2,18.22,36.44,Card,N/A,Saturday,Lunch,Less sugar,does not report
1460,C741,2025-01-04,Delivery,Food,Veggie Sandwich,2,3.29,6.58,Cash,N/A,Saturday,Late Night,Less sugar,does not report
1461,C553,2025-07-29,Delivery,Beverage,Cappuccino,1,16.29,16.29,Card,N/A,Tuesday,Dinner,Less sugar,does not report
1462,C233,2025-09-09,Delivery,Beverage,Iced Tea,1,12.86,12.86,Mobile Payment,N/A,Tuesday,Breakfast,Less sugar,does not report
1463,C064,2025-05-09,Delivery,Food,Pasta Alfredo,1,11.38,11.38,Mobile Payment,N/A,Friday,Dinner,None,does not report
1464,C390,2025-05-11,Delivery,Beverage,Mineral Water,1,13.06,13.06,Card,N/A,Sunday,Lunch,Gluten-free,does not report
1465,C396,2025-06-15,Takeaway,Food,Veggie Sandwich,2,5.57,11.14,Mobile Payment,N/A,Sunday,Breakfast,Extra ice,does not report
1466,C283,2025-03-21,Dine-In,Beverage,Green Smoothie,3,17.26,51.78,Mobile Payment,3,Friday,Breakfast,Dressing on the side,Daniel
1467,C664,2025-04-04,Delivery,Beverage,Fresh Orange Juice,1,8.71,8.71,Cash,N/A,Friday,Late Night,Less sugar,does not report
1468,C863,2025-08-16,Dine-In,Beverage,Mojito,3,14.35,43.05,Card,4,Saturday,Breakfast,Gluten-free,Alice
1469,C783,2025-10-28,Delivery,Beverage,Green Smoothie,3,9.46,28.38,Cash,N/A,Tuesday,Breakfast,None,does not report
1470,C701,2025-01-04,Takeaway,Beverage,Fresh Orange Juice,1,11.87,11.87,Mobile Payment,N/A,Saturday,Dinner,Skim milk,does not report
1471,C921,2025-01-03,Delivery,Food,Caesar Salad,3,12.91,38.73,Card,N/A,Friday,Lunch,Extra ice,does not report
1472,C764,2025-04-06,Delivery,Food,Veggie Sandwich,2,5.24,10.48,Card,N/A,Sunday,Lunch,No onions,does not report
1473,C462,2025-09-08,Takeaway,Beverage,Iced Tea,3,15.04,45.12,Card,N/A,Monday,Dinner,Less sugar,does not report
1474,C114,2025-04-30,Dine-In,Food,Pasta Alfredo,2,9.84,19.68,Cash,2,Wednesday,Dinner,No cheese,Alice
1475,C995,2025-05-16,Delivery,Beverage,Cappuccino,3,4.95,14.85,Card,N/A,Friday,Lunch,No cheese,does not report
1476,C865,2025-09-02,Takeaway,Food,Pasta Alfredo,3,19.01,57.03,Cash,N/A,Tuesday,Dinner,Extra cheese,does not report
1477,C648,2025-08-05,Delivery,Beverage,Cappuccino,3,13.93,41.79,Card,N/A,Tuesday,Lunch,Less sugar,does not report
1478,C246,2025-12-27,Takeaway,Food,Veggie Sandwich,2,15.03,30.06,Cash,N/A,Saturday,Late Night,None,does not report
1479,C483,2025-05-06,Delivery,Food,Caesar Salad,1,4.88,4.88,Card,N/A,Tuesday,Lunch,No onions,does not report
1480,C739,2025-06-08,Delivery,Beverage,Mojito,2,4.76,9.52,Mobile Payment,N/A,Sunday,Late Night,Less sugar,does not report
1481,C116,2025-02-23,Takeaway,Beverage,Mineral Water,2,3.36,6.72,Mobile Payment,N/A,Sunday,Breakfast,No onions,does not report
1482,C845,2025-10-22,Delivery,Food,Beef Burger,1,4.4,4.4,Mobile Payment,N/A,Wednesday,Late Night,No onions,does not report
1483,C753,2025-03-26,Delivery,Beverage,Green Smoothie,2,13.81,27.62,Card,N/A,Wednesday,Dinner,Dressing on the side,does not report
1484,C768,2025-11-18,Takeaway,Beverage,Iced Tea,3,12.94,38.82,Mobile Payment,N/A,Tuesday,Dinner,Extra ice,does not report
1485,C299,2025-08-11,Delivery,Food,Sushi Roll,2,11.92,23.84,Card,N/A,Monday,Dinner,Dressing on the side,does not report
1486,C573,2025-05-26,Dine-In,Beverage,Latte,3,4.73,14.19,Card,1,Monday,Breakfast,Gluten-free,Sophia
1487,C259,2025-08-01,Takeaway,Food,Pasta Alfredo,3,14.3,42.9,Card,N/A,Friday,Dinner,No cheese,does not report
1488,C567,2025-09-19,Dine-In,Food,Beef Burger,1,9.19,9.19,Card,3,Friday,Breakfast,Extra cheese,Daniel
1489,C419,2025-06-05,Dine-In,Food,Beef Burger,3,7.85,23.55,Cash,7,Thursday,Breakfast,Less sugar,Robert
1490,C146,2025-12-05,Dine-In,Food,Veggie Sandwich,3,17.83,53.49,Card,1,Friday,Lunch,Less sugar,Alice
1491,C653,2025-08-22,Dine-In,Food,Grilled Chicken,1,13.76,13.76,Cash,15,Friday,Lunch,Gluten-free,Michael
1492,C145,2025-12-07,Delivery,Food,Margherita Pizza,1,7.49,7.49,Card,N/A,Sunday,Lunch,Skim milk,does not report
1493,C612,2025-03-11,Dine-In,Food,Margherita Pizza,1,9.71,9.71,Card,15,Tuesday,Lunch,Dressing on the side,Alice
1494,C451,2025-04-23,Delivery,Beverage,Latte,2,14.84,29.68,Cash,N/A,Wednesday,Lunch,No cheese,does not report
1495,C552,2025-10-28,Delivery,Beverage,Fresh Orange Juice,2,15.12,30.24,Cash,N/A,Tuesday,Dinner,Gluten-free,does not report
1496,C791,2025-09-01,Dine-In,Beverage,Latte,2,18.06,36.12,Card,3,Monday,Dinner,Less sugar,Daniel
1497,C082,2025-04-07,Takeaway,Food,Margherita Pizza,1,8.93,8.93,Cash,N/A,Monday,Dinner,Skim milk,does not report
1498,C694,2025-10-15,Dine-In,Beverage,Iced Tea,3,19.62,58.86,Cash,17,Wednesday,Breakfast,Dressing on the side,Sophia
1499,C524,2025-10-20,Takeaway,Beverage,Latte,1,18.13,18.13,Cash,N/A,Monday,Dinner,Gluten-free,does not report
1500,C863,2025-08-16,Dine-In,Beverage,Cappuccino,2,10.47,20.94,Cash,17,Saturday,Dinner,Less sugar,Michael
1501,C169,2025-04-21,Takeaway,Beverage,Fresh Orange Juice,3,9.63,28.89,Card,N/A,Monday,Late Night,Gluten-free,does not report
1502,C368,2025-08-24,Dine-In,Food,Margherita Pizza,2,17.48,34.96,Cash,2,Sunday,Breakfast,None,Robert
1503,C414,2025-12-14,Dine-In,Food,Sushi Roll,2,12.11,24.22,Cash,15,Sunday,Late Night,Extra ice,Alice
1504,C680,2025-07-24,Dine-In,Beverage,Mineral Water,2,17.06,34.12,Mobile Payment,2,Thursday,Lunch,Extra cheese,Alice
1505,C669,2025-10-31,Takeaway,Beverage,Fresh Orange Juice,3,19.0,57.0,Mobile Payment,N/A,Friday,Lunch,None,does not report
1506,C090,2025-01-20,Delivery,Food,Beef Burger,3,10.72,32.16,Card,N/A,Monday,Dinner,No cheese,does not report
1507,C248,2025-10-25,Delivery,Beverage,Mojito,2,12.44,24.88,Mobile Payment,N/A,Saturday,Late Night,Extra cheese,does not report
1508,C039,2025-06-20,Dine-In,Beverage,Cappuccino,1,7.98,7.98,Card,14,Friday,Late Night,Gluten-free,Alice
1509,C848,2025-03-02,Delivery,Beverage,Latte,2,9.88,19.76,Card,N/A,Sunday,Dinner,Dressing on the side,does not report
1510,C439,2025-09-30,Delivery,Beverage,Iced Tea,3,4.12,12.36,Mobile Payment,N/A,Tuesday,Lunch,Gluten-free,does not report
1511,C896,2025-05-20,Takeaway,Food,Pasta Alfredo,3,15.89,47.67,Card,N/A,Tuesday,Breakfast,Extra ice,does not report
1512,C212,2025-05-01,Delivery,Food,Pasta Alfredo,2,17.12,34.24,Card,N/A,Thursday,Late Night,None,does not report
1513,C550,2025-12-22,Takeaway,Beverage,Fresh Orange Juice,1,11.1,11.1,Cash,N/A,Monday,Breakfast,Extra cheese,does not report
1514,C235,2025-12-18,Dine-In,Beverage,Cappuccino,3,16.55,49.65,Cash,17,Thursday,Dinner,Skim milk,Sophia
1515,C060,2025-02-23,Takeaway,Food,Pasta Alfredo,1,14.91,14.91,Card,N/A,Sunday,Late Night,Skim milk,does not report
1516,C976,2025-08-16,Dine-In,Beverage,Cappuccino,1,12.65,12.65,Cash,20,Saturday,Lunch,Gluten-free,Sophia
1517,C378,2025-03-12,Takeaway,Beverage,Iced Tea,1,11.22,11.22,Cash,N/A,Wednesday,Late Night,Gluten-free,does not report
1518,C097,2025-05-05,Takeaway,Beverage,Green Smoothie,1,8.18,8.18,Cash,N/A,Monday,Lunch,Dressing on the side,does not report
1519,C358,2025-08-14,Dine-In,Food,Veggie Sandwich,3,12.53,37.59,Card,11,Thursday,Dinner,Extra ice,Robert
1520,C116,2025-02-23,Delivery,Food,Pasta Alfredo,3,8.67,26.01,Mobile Payment,N/A,Sunday,Lunch,Gluten-free,does not report
1521,C433,2025-06-16,Delivery,Food,Caesar Salad,3,15.64,46.92,Cash,N/A,Monday,Dinner,Gluten-free,does not report
1522,C860,2025-11-19,Delivery,Food,Margherita Pizza,2,5.77,11.54,Card,N/A,Wednesday,Lunch,Skim milk,does not report
1523,C224,2025-05-14,Dine-In,Beverage,Iced Tea,2,14.0,28.0,Card,6,Wednesday,Lunch,Extra cheese,Daniel
1524,C140,2025-08-04,Takeaway,Food,Grilled Chicken,3,10.79,32.37,Cash,N/A,Monday,Late Night,Extra cheese,does not report
1525,C549,2025-09-05,Takeaway,Food,Margherita Pizza,3,16.36,49.08,Cash,N/A,Friday,Dinner,Extra cheese,does not report
1526,C402,2025-02-05,Delivery,Food,Veggie Sandwich,2,4.62,9.24,Card,N/A,Wednesday,Lunch,Gluten-free,does not report
1527,C935,2025-06-08,Takeaway,Food,Pasta Alfredo,3,9.78,29.34,Mobile Payment,N/A,Sunday,Lunch,Less sugar,does not report
1528,C119,2025-06-25,Dine-In,Food,Caesar Salad,2,9.16,18.32,Cash,7,Wednesday,Dinner,No cheese,Robert
1529,C483,2025-05-06,Delivery,Beverage,Mineral Water,3,4.5,13.5,Mobile Payment,N/A,Tuesday,Breakfast,None,does not report
1530,C309,2025-03-11,Delivery,Food,Beef Burger,2,12.77,25.54,Card,N/A,Tuesday,Late Night,Less sugar,does not report
1531,C069,2025-12-07,Takeaway,Beverage,Fresh Orange Juice,3,17.49,52.47,Mobile Payment,N/A,Sunday,Dinner,Extra cheese,does not report
1532,C878,2025-04-03,Takeaway,Beverage,Cappuccino,2,3.37,6.74,Card,N/A,Thursday,Dinner,None,does not report
1533,C315,2025-12-11,Dine-In,Food,Caesar Salad,3,6.64,19.92,Cash,2,Thursday,Dinner,Dressing on the side,Daniel
1534,C652,2025-11-19,Dine-In,Food,Grilled Chicken,3,16.09,48.27,Mobile Payment,12,Wednesday,Dinner,Less sugar,Sophia
1535,C393,2025-08-13,Dine-In,Beverage,Mineral Water,3,11.18,33.54,Mobile Payment,7,Wednesday,Breakfast,Dressing on the side,Michael
1536,C076,2025-06-25,Takeaway,Food,Grilled Chicken,2,4.29,8.58,Cash,N/A,Wednesday,Lunch,Dressing on the side,does not report
1537,C309,2025-03-11,Dine-In,Food,Caesar Salad,3,5.3,15.9,Cash,10,Tuesday,Dinner,No onions,Robert
1538,C349,2025-04-12,Dine-In,Beverage,Green Smoothie,3,13.33,39.99,Cash,5,Saturday,Dinner,Extra cheese,Sophia
1539,C492,2025-09-16,Takeaway,Food,Caesar Salad,2,16.82,33.64,Card,N/A,Tuesday,Late Night,Less sugar,does not report
1540,C494,2025-11-07,Takeaway,Beverage,Mojito,2,10.25,20.5,Card,N/A,Friday,Lunch,No cheese,does not report
1541,C457,2025-01-30,Delivery,Beverage,Mojito,3,15.93,47.79,Mobile Payment,N/A,Thursday,Lunch,Dressing on the side,does not report
1542,C057,2025-05-25,Delivery,Beverage,Mojito,1,17.64,17.64,Card,N/A,Sunday,Lunch,Skim milk,does not report
1543,C100,2025-01-10,Takeaway,Beverage,Iced Tea,2,15.16,30.32,Card,N/A,Friday,Late Night,Extra ice,does not report
1544,C953,2025-10-01,Delivery,Beverage,Mojito,2,8.81,17.62,Mobile Payment,N/A,Wednesday,Late Night,Extra ice,does not report
1545,C646,2025-03-31,Dine-In,Beverage,Iced Tea,2,19.82,39.64,Cash,17,Monday,Dinner,No cheese,Alice
1546,C568,2025-10-31,Dine-In,Food,Sushi Roll,1,12.26,12.26,Card,4,Friday,Breakfast,Extra cheese,Sophia
1547,C474,2025-10-28,Takeaway,Food,Margherita Pizza,2,7.6,15.2,Cash,N/A,Tuesday,Dinner,Extra cheese,does not report
1548,C850,2025-02-19,Dine-In,Food,Beef Burger,3,10.99,32.97,Cash,9,Wednesday,Breakfast,Less sugar,Michael
1549,C678,2025-07-25,Dine-In,Food,Veggie Sandwich,2,16.52,33.04,Card,6,Friday,Lunch,Skim milk,Daniel
1550,C235,2025-12-18,Takeaway,Food,Pasta Alfredo,1,8.09,8.09,Cash,N/A,Thursday,Dinner,Less sugar,does not report
1551,C1001,2025-02-02,Dine-In,Beverage,Latte,4,17.87,71.48,Cash,12,Sunday,Dinner,Less sugar,Miguel
1552,C1001,2025-10-28,Takeaway,Food,Sushi Roll,3,11.82,35.46,Mobile Payment,N/A,Tuesday,Lunch,No onions,does not report
1553,C1001,2025-12-24,Dine-In,Beverage,Mineral Water,3,15.73,47.19,Mobile Payment,29,Wednesday,Breakfast,None,Carlos
1554,C1001,2025-11-24,Dine-In,Food,Sushi Roll,3,11.92,35.76,Cash,16,Monday,Breakfast,No onions,Miguel
1555,C1001,2025-06-06,Dine-In,Food,Grilled Chicken,4,16.09,64.36,Cash,1,Friday,Dinner,None,Miguel
1556,C1001,2025-09-22,Delivery,Beverage,Mojito,4,15.93,63.72,Mobile Payment,N/A,Monday,Dinner,Less sugar,does not report
1557,C1001,2025-05-18,Takeaway,Food,Pasta Alfredo,2,14.11,28.22,Card,N/A,Sunday,Dinner,Extra napkins,does not report
1558,C1001,2025-01-22,Delivery,Beverage,Iced Tea,4,19.62,78.48,Card,N/A,Wednesday,Lunch,No onions,does not report
1559,C1001,2025-03-13,Dine-In,Beverage,Iced Tea,4,16.16,64.64,Cash,5,Thursday,Breakfast,None,Valeria
1560,C1001,2025-07-06,Delivery,Beverage,Mineral Water,3,18.75,56.25,Cash,N/A,Sunday,Dinner,Less sugar,does not report
1561,C1001,2025-04-29,Delivery,Food,Beef Burger,3,17.43,52.29,Cash,N/A,Tuesday,Dinner,None,does not report
1562,C1001,2025-08-09,Dine-In,Beverage,Latte,3,15.54,46.62,Mobile Payment,30,Saturday,Lunch,None,Juan
1563,C1001,2025-07-20,Dine-In,Food,Pasta Alfredo,3,14.11,42.33,Mobile Payment,22,Sunday,Dinner,Less sugar,Carlos
1564,C1001,2025-02-24,Dine-In,Beverage,Fresh Orange Juice,3,19.52,58.56,Cash,28,Monday,Dinner,None,Juan
1565,C1001,2025-06-21,Takeaway,Beverage,Fresh Orange Juice,4,16.95,67.8,Card,N/A,Saturday,Breakfast,No onions,does not report
1566,C1001,2025-10-02,Delivery,Food,Pasta Alfredo,3,14.11,42.33,Mobile Payment,N/A,Thursday,Dinner,Gluten-free,does not report
1567,C1001,2025-08-18,Takeaway,Food,Grilled Chicken,2,15.42,30.84,Card,N/A,Monday,Dinner,No onions,does not report
1568,C1001,2025-04-11,Dine-In,Food,Caesar Salad,3,19.77,59.31,Card,15,Friday,Dinner,Extra napkins,Miguel
1569,C1001,2025-11-26,Delivery,Beverage,Cappuccino,3,17.14,51.42,Card,N/A,Wednesday,Lunch,None,does not report
1570,C1001,2025-06-04,Takeaway,Beverage,Latte,3,17.34,52.02,Card,N/A,Wednesday,Lunch,Extra napkins,does not report
1571,C1001,2025-01-29,Delivery,Beverage,Cappuccino,2,13.51,27.02,Mobile Payment,N/A,Wednesday,Dinner,No onions,does not report
1572,C1001,2025-12-24,Delivery,Food,Sushi Roll,4,19.42,77.68,Card,N/A,Wednesday,Breakfast,None,does not report
1573,C1001,2025-06-14,Takeaway,Beverage,Mojito,3,17.64,52.92,Mobile Payment,N/A,Saturday,Lunch,Gluten-free,does not report
1574,C1001,2025-03-09,Dine-In,Food,Margherita Pizza,3,18.74,56.22,Cash,3,Sunday,Lunch,None,Valeria
1575,C1001,2025-12-10,Takeaway,Food,Sushi Roll,4,19.42,77.68,Mobile Payment,N/A,Wednesday,Lunch,No onions,does not report
1576,C1001,2025-01-15,Dine-In,Food,Sushi Roll,4,15.62,62.48,Cash,17,Wednesday,Lunch,Less sugar,Carlos
1577,C1001,2025-06-27,Takeaway,Food,Caesar Salad,2,18.29,36.58,Card,N/A,Friday,Dinner,Less sugar,does not report
1578,C1001,2025-03-03,Dine-In,Beverage,Mineral Water,2,12.41,24.82,Cash,18,Monday,Lunch,No onions,Valeria
1579,C1001,2025-03-01,Delivery,Beverage,Mojito,3,19.22,57.66,Card,N/A,Saturday,Breakfast,No onions,does not report
1580,C1002,2025-10-07,Dine-In,Beverage,Fresh Orange Juice,2,17.12,34.24,Cash,30,Tuesday,Dinner,Less sugar,Miguel
1581,C1002,2025-08-10,Dine-In,Beverage,Mineral Water,2,17.32,34.64,Card,18,Sunday,Breakfast,No onions,Juan
1582,C1002,2025-11-19,Dine-In,Beverage,Green Smoothie,3,19.95,59.85,Cash,17,Wednesday,Dinner,Gluten-free,Juan
1583,C1002,2025-04-08,Dine-In,Beverage,Mojito,2,12.34,24.68,Mobile Payment,11,Tuesday,Lunch,None,Carlos
1584,C1002,2025-01-22,Dine-In,Food,Pasta Alfredo,3,12.09,36.27,Mobile Payment,12,Wednesday,Dinner,None,Ana
1585,C1002,2025-12-09,Dine-In,Food,Pasta Alfredo,3,14.3,42.9,Card,28,Tuesday,Dinner,None,Juan
1586,C1002,2025-09-15,Delivery,Beverage,Cappuccino,4,16.65,66.6,Card,N/A,Monday,Lunch,None,does not report
1587,C1002,2025-06-08,Dine-In,Food,Sushi Roll,4,18.95,75.8,Cash,2,Sunday,Lunch,Less sugar,Ana
1588,C1002,2025-02-05,Delivery,Food,Margherita Pizza,3,14.3,42.9,Card,N/A,Wednesday,Breakfast,Gluten-free,does not report
1589,C1002,2025-03-12,Dine-In,Beverage,Iced Tea,4,16.68,66.72,Card,17,Wednesday,Dinner,None,Juan
1590,C1002,2025-05-15,Takeaway,Beverage,Latte,3,12.39,37.17,Mobile Payment,N/A,Thursday,Breakfast,Less sugar,does not report
1591,C1002,2025-07-19,Takeaway,Beverage,Mojito,4,12.44,49.76,Mobile Payment,N/A,Saturday,Lunch,Gluten-free,does not report
1592,C1002,2025-06-23,Dine-In,Beverage,Mojito,3,12.44,37.32,Card,5,Monday,Breakfast,None,Ana
1593,C1002,2025-10-11,Delivery,Food,Margherita Pizza,4,13.39,53.56,Card,N/A,Saturday,Dinner,Less sugar,does not report
1594,C1002,2025-01-26,Delivery,Beverage,Iced Tea,4,16.68,66.72,Card,N/A,Sunday,Dinner,Gluten-free,does not report
1595,C1002,2025-12-18,Dine-In,Food,Margherita Pizza,4,16.38,65.52,Card,2,Thursday,Breakfast,None,Miguel
1596,C1002,2025-07-29,Takeaway,Beverage,Mojito,3,14.35,43.05,Mobile Payment,N/A,Tuesday,Breakfast,Gluten-free,does not report
1597,C1002,2025-06-06,Delivery,Food,Margherita Pizza,2,13.78,27.56,Cash,N/A,Friday,Dinner,None,does not report
1598,C1002,2025-02-19,Dine-In,Food,Grilled Chicken,3,13.76,41.28,Card,3,Wednesday,Dinner,None,Carlos
1599,C1002,2025-10-11,Dine-In,Beverage,Green Smoothie,3,19.95,59.85,Cash,25,Saturday,Breakfast,Less sugar,Ana
1600,C1002,2025-11-10,Takeaway,Food,Veggie Sandwich,2,11.99,23.98,Mobile Payment,N/A,Monday,Lunch,No onions,does not report
1601,C1002,2025-07-07,Dine-In,Beverage,Mojito,3,19.22,57.66,Card,25,Monday,Dinner,None,Miguel
1602,C1002,2025-09-21,Takeaway,Beverage,Fresh Orange Juice,4,12.37,49.48,Mobile Payment,N/A,Sunday,Dinner,None,does not report
1603,C1002,2025-12-02,Delivery,Beverage,Fresh Orange Juice,3,16.8,50.4,Cash,N/A,Tuesday,Dinner,None,does not report
1604,C1002,2025-10-17,Delivery,Food,Veggie Sandwich,2,15.03,30.06,Cash,N/A,Friday,Dinner,Less sugar,does not report
1605,C1002,2025-05-21,Delivery,Food,Caesar Salad,3,12.54,37.62,Cash,N/A,Wednesday,Dinner,Gluten-free,does not report
1606,C1002,2025-02-17,Dine-In,Food,Caesar Salad,4,15.64,62.56,Mobile Payment,19,Monday,Dinner,Less sugar,Juan
1607,C1002,2025-05-07,Dine-In,Beverage,Cappuccino,2,13.51,27.02,Card,13,Wednesday,Dinner,Gluten-free,Juan
1608,C1002,2025-10-26,Dine-In,Beverage,Mineral Water,2,12.41,24.82,Mobile Payment,28,Sunday,Lunch,None,Ana
1609,C1002,2025-06-22,Dine-In,Beverage,Iced Tea,3,17.66,52.98,Mobile Payment,14,Sunday,Breakfast,None,Ana
1610,C1002,2025-12-05,Delivery,Food,Sushi Roll,3,13.2,39.6,Mobile Payment,N/A,Friday,Dinner,None,does not report
1611,C1002,2025-04-14,Dine-In,Beverage,Latte,3,15.42,46.26,Cash,27,Monday,Dinner,Gluten-free,Ana
1612,C1002,2025-06-15,Takeaway,Beverage,Iced Tea,3,19.82,59.46,Card,N/A,Sunday,Dinner,None,does not report
1613,C1003,2025-06-21,Delivery,Food,Margherita Pizza,3,19.21,57.63,Mobile Payment,N/A,Saturday,Dinner,None,does not report
1614,C1003,2025-01-01,Dine-In,Beverage,Fresh Orange Juice,2,15.12,30.24,Cash,18,Wednesday,Breakfast,Extra napkins,Juan
1615,C1003,2025-08-11,Delivery,Food,Veggie Sandwich,2,19.38,38.76,Cash,N/A,Monday,Breakfast,Extra napkins,does not report
1616,C1003,2025-07-06,Takeaway,Beverage,Cappuccino,3,18.67,56.01,Card,N/A,Sunday,Breakfast,None,does not report
1617,C1003,2025-11-20,Delivery,Food,Veggie Sandwich,4,19.4,77.6,Cash,N/A,Thursday,Lunch,None,does not report
1618,C1003,2025-02-21,Delivery,Beverage,Green Smoothie,2,18.54,37.08,Card,N/A,Friday,Dinner,None,does not report
1619,C1003,2025-12-10,Takeaway,Food,Beef Burger,2,18.39,36.78,Cash,N/A,Wednesday,Breakfast,Gluten-free,does not report
1620,C1003,2025-04-06,Takeaway,Beverage,Green Smoothie,4,12.08,48.32,Cash,N/A,Sunday,Breakfast,None,does not report
1621,C1003,2025-03-10,Dine-In,Beverage,Mineral Water,3,12.41,37.23,Cash,26,Monday,Dinner,Gluten-free,Juan
1622,C1003,2025-09-12,Takeaway,Beverage,Cappuccino,2,13.46,26.92,Mobile Payment,N/A,Friday,Lunch,None,does not report
1623,C1003,2025-05-16,Takeaway,Food,Margherita Pizza,3,12.08,36.24,Mobile Payment,N/A,Friday,Dinner,None,does not report
1624,C1003,2025-10-26,Takeaway,Beverage,Mineral Water,4,16.04,64.16,Card,N/A,Sunday,Breakfast,None,does not report
1625,C1003,2025-07-13,Delivery,Beverage,Iced Tea,2,12.67,25.34,Cash,N/A,Sunday,Lunch,No onions,does not report
1626,C1003,2025-10-04,Dine-In,Beverage,Iced Tea,4,12.86,51.44,Mobile Payment,11,Saturday,Lunch,No onions,Miguel
1627,C1003,2025-05-18,Takeaway,Beverage,Green Smoothie,2,13.81,27.62,Mobile Payment,N/A,Sunday,Lunch,None,does not report
1628,C1003,2025-11-04,Dine-In,Beverage,Green Smoothie,4,13.33,53.32,Mobile Payment,30,Tuesday,Dinner,Less sugar,Miguel
1629,C1003,2025-03-09,Dine-In,Food,Margherita Pizza,3,17.83,53.49,Card,21,Sunday,Lunch,Gluten-free,Carlos
1630,C1003,2025-07-22,Takeaway,Beverage,Mineral Water,2,16.04,32.08,Cash,N/A,Tuesday,Dinner,None,does not report
1631,C1003,2025-09-29,Dine-In,Food,Margherita Pizza,4,19.24,76.96,Cash,2,Monday,Breakfast,No onions,Miguel
1632,C1003,2025-01-08,Delivery,Food,Veggie Sandwich,3,19.38,58.14,Mobile Payment,N/A,Wednesday,Lunch,Extra napkins,does not report
1633,C1003,2025-04-05,Dine-In,Food,Sushi Roll,3,13.2,39.6,Card,15,Saturday,Dinner,Less sugar,Juan
1634,C1003,2025-04-14,Dine-In,Food,Grilled Chicken,3,19.01,57.03,Cash,16,Monday,Breakfast,None,Miguel
1635,C1003,2025-08-20,Delivery,Beverage,Mineral Water,3,12.88,38.64,Mobile Payment,N/A,Wednesday,Breakfast,Less sugar,does not report
1636,C1003,2025-08-10,Dine-In,Food,Caesar Salad,3,12.4,37.2,Cash,9,Sunday,Dinner,None,Carlos
1637,C1003,2025-08-20,Takeaway,Food,Margherita Pizza,2,15.66,31.32,Card,N/A,Wednesday,Lunch,None,does not report
1638,C1003,2025-01-08,Dine-In,Food,Sushi Roll,2,18.95,37.9,Mobile Payment,6,Wednesday,Dinner,None,Ana
1639,C1003,2025-07-24,Dine-In,Food,Caesar Salad,4,15.64,62.56,Mobile Payment,6,Thursday,Lunch,None,Juan
1640,C1003,2025-06-24,Delivery,Food,Margherita Pizza,4,18.58,74.32,Cash,N/A,Tuesday,Lunch,None,does not report
1641,C1003,2025-09-13,Dine-In,Food,Grilled Chicken,2,17.76,35.52,Mobile Payment,7,Saturday,Breakfast,None,Ana
1642,C1003,2025-11-26,Delivery,Food,Sushi Roll,4,16.11,64.44,Mobile Payment,N/A,Wednesday,Lunch,Extra napkins,does not report
1643,C1003,2025-10-13,Delivery,Food,Beef Burger,4,18.39,73.56,Mobile Payment,N/A,Monday,Dinner,Extra napkins,does not report
1644,C1003,2025-03-28,Takeaway,Food,Margherita Pizza,3,18.58,55.74,Card,N/A,Friday,Dinner,None,does not report
1645,C1003,2025-10-06,Dine-In,Beverage,Latte,3,14.84,44.52,Cash,16,Monday,Dinner,None,Juan
1646,C1003,2025-06-23,Delivery,Food,Margherita Pizza,2,19.24,38.48,Card,N/A,Monday,Lunch,No onions,does not report
1647,C1004,2025-06-12,Takeaway,Beverage,Latte,3,16.09,48.27,Mobile Payment,N/A,Thursday,Breakfast,None,does not report
1648,C1004,2025-07-27,Dine-In,Food,Margherita Pizza,4,17.4,69.6,Mobile Payment,20,Sunday,Lunch,None,Carlos
1649,C1004,2025-01-01,Dine-In,Food,Pasta Alfredo,3,15.56,46.68,Card,13,Wednesday,Dinner,No onions,Valeria
1650,C1004,2025-10-07,Takeaway,Food,Grilled Chicken,2,15.3,30.6,Cash,N/A,Tuesday,Dinner,Gluten-free,does not report
1651,C1004,2025-03-26,Dine-In,Food,Grilled Chicken,2,13.2,26.4,Mobile Payment,21,Wednesday,Dinner,Extra napkins,Miguel
1652,C1004,2025-09-27,Dine-In,Food,Sushi Roll,2,18.82,37.64,Cash,30,Saturday,Dinner,No onions,Carlos
1653,C1004,2025-12-10,Dine-In,Food,Margherita Pizza,4,18.74,74.96,Mobile Payment,18,Wednesday,Breakfast,Less sugar,Carlos
1654,C1004,2025-02-01,Delivery,Beverage,Mojito,3,14.28,42.84,Card,N/A,Saturday,Breakfast,No onions,does not report
1655,C1004,2025-04-17,Dine-In,Food,Grilled Chicken,4,14.21,56.84,Mobile Payment,18,Thursday,Lunch,No onions,Juan
1656,C1004,2025-11-01,Dine-In,Food,Grilled Chicken,2,15.37,30.74,Mobile Payment,14,Saturday,Lunch,Gluten-free,Valeria
1657,C1004,2025-08-19,Takeaway,Food,Pasta Alfredo,3,12.82,38.46,Cash,N/A,Tuesday,Breakfast,Less sugar,does not report
1658,C1004,2025-05-06,Dine-In,Beverage,Cappuccino,2,18.74,37.48,Mobile Payment,12,Tuesday,Dinner,None,Miguel
1659,C1004,2025-04-22,Dine-In,Food,Pasta Alfredo,3,14.91,44.73,Card,2,Tuesday,Dinner,Less sugar,Ana
1660,C1004,2025-06-11,Takeaway,Food,Sushi Roll,4,13.67,54.68,Mobile Payment,N/A,Wednesday,Dinner,None,does not report
1661,C1004,2025-11-24,Delivery,Beverage,Fresh Orange Juice,4,13.58,54.32,Card,N/A,Monday,Dinner,Extra napkins,does not report
1662,C1004,2025-01-13,Dine-In,Beverage,Latte,2,13.8,27.6,Cash,30,Monday,Dinner,None,Carlos
1663,C1004,2025-06-15,Takeaway,Food,Grilled Chicken,4,19.41,77.64,Mobile Payment,N/A,Sunday,Dinner,No onions,does not report
1664,C1004,2025-11-13,Dine-In,Food,Veggie Sandwich,3,19.87,59.61,Mobile Payment,20,Thursday,Dinner,Extra napkins,Valeria
1665,C1004,2025-10-15,Dine-In,Food,Veggie Sandwich,3,14.27,42.81,Mobile Payment,26,Wednesday,Dinner,Less sugar,Miguel
1666,C1004,2025-10-31,Dine-In,Beverage,Mojito,4,15.77,63.08,Cash,17,Friday,Lunch,No onions,Carlos
1667,C1004,2025-07-31,Takeaway,Food,Sushi Roll,2,12.86,25.72,Cash,N/A,Thursday,Dinner,None,does not report
1668,C1004,2025-07-05,Takeaway,Beverage,Mojito,4,14.14,56.56,Cash,N/A,Saturday,Dinner,None,does not report
1669,C1004,2025-11-27,Takeaway,Food,Margherita Pizza,2,18.74,37.48,Cash,N/A,Thursday,Lunch,Less sugar,does not report
1670,C1004,2025-04-12,Dine-In,Food,Margherita Pizza,4,17.95,71.8,Cash,25,Saturday,Lunch,None,Ana
1671,C1004,2025-11-27,Dine-In,Beverage,Mojito,2,15.77,31.54,Card,28,Thursday,Dinner,None,Valeria
1672,C1004,2025-12-24,Dine-In,Food,Veggie Sandwich,4,15.03,60.12,Mobile Payment,14,Wednesday,Lunch,None,Valeria
1673,C1004,2025-01-21,Takeaway,Food,Grilled Chicken,3,15.42,46.26,Card,N/A,Tuesday,Breakfast,Extra napkins,does not report
1674,C1004,2025-08-01,Dine-In,Beverage,Cappuccino,4,13.51,54.04,Cash,3,Friday,Dinner,Extra napkins,Valeria
1675,C1004,2025-03-27,Delivery,Food,Sushi Roll,3,11.82,35.46,Cash,N/A,Thursday,Dinner,No onions,does not report
1676,C1004,2025-01-18,Dine-In,Food,Sushi Roll,2,13.55,27.1,Mobile Payment,19,Saturday,Lunch,None,Juan
1677,C1004,2025-12-26,Delivery,Food,Veggie Sandwich,2,19.87,39.74,Card,N/A,Friday,Breakfast,Less sugar,does not report
1678,C1004,2025-11-06,Takeaway,Beverage,Fresh Orange Juice,4,17.17,68.68,Mobile Payment,N/A,Thursday,Lunch,None,does not report
1679,C1004,2025-03-25,Dine-In,Beverage,Mineral Water,4,15.73,62.92,Mobile Payment,12,Tuesday,Dinner,No onions,Carlos
1680,C1004,2025-05-25,Dine-In,Food,Grilled Chicken,2,15.3,30.6,Card,1,Sunday,Dinner,None,Carlos
1681,C1004,2025-10-08,Takeaway,Beverage,Iced Tea,3,15.16,45.48,Card,N/A,Wednesday,Lunch,Gluten-free,does not report
1682,C1004,2025-08-14,Takeaway,Beverage,Cappuccino,4,18.98,75.92,Cash,N/A,Thursday,Dinner,None,does not report
1683,C1004,2025-09-09,Dine-In,Food,Margherita Pizza,3,19.53,58.59,Cash,18,Tuesday,Dinner,None,Carlos
1684,C1005,2025-07-08,Dine-In,Food,Veggie Sandwich,2,15.73,31.46,Card,5,Tuesday,Dinner,Less sugar,Ana
1685,C1005,2025-09-09,Dine-In,Beverage,Mineral Water,4,17.06,68.24,Mobile Payment,16,Tuesday,Breakfast,None,Juan
1686,C1005,2025-03-31,Delivery,Beverage,Fresh Orange Juice,2,16.8,33.6,Cash,N/A,Monday,Dinner,None,does not report
1687,C1005,2025-06-12,Dine-In,Beverage,Green Smoothie,2,13.21,26.42,Card,30,Thursday,Dinner,No onions,Juan
1688,C1005,2025-02-04,Takeaway,Beverage,Mojito,3,15.65,46.95,Card,N/A,Tuesday,Breakfast,None,does not report
1689,C1005,2025-10-15,Dine-In,Beverage,Cappuccino,3,15.8,47.4,Mobile Payment,28,Wednesday,Lunch,None,Miguel
1690,C1005,2025-11-27,Takeaway,Food,Veggie Sandwich,4,14.27,57.08,Card,N/A,Thursday,Breakfast,No onions,does not report
1691,C1005,2025-08-09,Delivery,Food,Veggie Sandwich,4,13.32,53.28,Cash,N/A,Saturday,Breakfast,Extra napkins,does not report
1692,C1005,2025-01-08,Takeaway,Beverage,Mineral Water,4,18.75,75.0,Card,N/A,Wednesday,Dinner,Gluten-free,does not report
1693,C1005,2025-12-08,Dine-In,Food,Caesar Salad,2,12.88,25.76,Card,29,Monday,Lunch,None,Carlos
1694,C1005,2025-05-21,Dine-In,Food,Caesar Salad,4,19.04,76.16,Mobile Payment,29,Wednesday,Lunch,None,Valeria
1695,C1005,2025-04-06,Delivery,Food,Sushi Roll,3,12.26,36.78,Mobile Payment,N/A,Sunday,Lunch,Gluten-free,does not report
1696,C1005,2025-05-02,Delivery,Beverage,Latte,3,15.13,45.39,Card,N/A,Friday,Dinner,No onions,does not report
1697,C1005,2025-12-27,Dine-In,Beverage,Iced Tea,3,17.43,52.29,Cash,29,Saturday,Lunch,None,Valeria
1698,C1005,2025-09-05,Dine-In,Food,Veggie Sandwich,3,16.52,49.56,Mobile Payment,16,Friday,Dinner,None,Juan
1699,C1005,2025-10-11,Dine-In,Food,Pasta Alfredo,4,15.56,62.24,Cash,7,Saturday,Lunch,Less sugar,Valeria
1700,C1005,2025-04-19,Dine-In,Food,Caesar Salad,4,12.88,51.52,Cash,11,Saturday,Dinner,No onions,Miguel
1701,C1005,2025-07-24,Takeaway,Beverage,Mojito,3,15.75,47.25,Cash,N/A,Thursday,Dinner,No onions,does not report
1702,C1005,2025-09-22,Takeaway,Beverage,Cappuccino,4,16.17,64.68,Card,N/A,Monday,Lunch,No onions,does not report
1703,C1005,2025-06-07,Takeaway,Beverage,Cappuccino,3,18.98,56.94,Cash,N/A,Saturday,Lunch,Extra napkins,does not report
1704,C1005,2025-11-03,Dine-In,Beverage,Fresh Orange Juice,2,12.37,24.74,Card,10,Monday,Dinner,Gluten-free,Juan
1705,C1005,2025-01-30,Dine-In,Food,Pasta Alfredo,2,13.81,27.62,Card,22,Thursday,Lunch,None,Miguel
1706,C1005,2025-05-25,Dine-In,Food,Caesar Salad,2,18.29,36.58,Cash,1,Sunday,Dinner,None,Juan
1707,C1005,2025-02-16,Takeaway,Food,Margherita Pizza,3,19.03,57.09,Mobile Payment,N/A,Sunday,Lunch,None,does not report
1708,C1005,2025-07-21,Dine-In,Beverage,Mojito,3,19.74,59.22,Card,15,Monday,Dinner,Gluten-free,Juan
1709,C1005,2025-01-18,Dine-In,Food,Beef Burger,2,18.39,36.78,Mobile Payment,13,Saturday,Lunch,None,Carlos
1710,C1005,2025-02-08,Dine-In,Beverage,Iced Tea,3,17.66,52.98,Mobile Payment,2,Saturday,Breakfast,Gluten-free,Valeria
1711,C1005,2025-10-08,Dine-In,Beverage,Green Smoothie,2,19.95,39.9,Cash,29,Wednesday,Lunch,Extra napkins,Ana
1712,C1005,2025-03-13,Delivery,Beverage,Iced Tea,3,19.82,59.46,Card,N/A,Thursday,Dinner,None,does not report
1713,C1005,2025-04-28,Takeaway,Beverage,Fresh Orange Juice,4,17.79,71.16,Card,N/A,Monday,Dinner,No onions,does not report
1714,C1006,2025-12-20,Delivery,Food,Grilled Chicken,2,18.13,36.26,Card,N/A,Saturday,Dinner,Less sugar,does not report
1715,C1006,2025-11-14,Dine-In,Beverage,Mineral Water,4,18.46,73.84,Mobile Payment,17,Friday,Lunch,None,Carlos
1716,C1006,2025-09-23,Delivery,Food,Sushi Roll,2,17.14,34.28,Card,N/A,Tuesday,Dinner,None,does not report
1717,C1006,2025-04-28,Dine-In,Beverage,Mojito,3,19.74,59.22,Cash,18,Monday,Breakfast,None,Valeria
1718,C1006,2025-06-21,Dine-In,Food,Margherita Pizza,3,17.48,52.44,Cash,7,Saturday,Breakfast,None,Carlos
1719,C1006,2025-01-31,Delivery,Food,Margherita Pizza,3,18.94,56.82,Mobile Payment,N/A,Friday,Dinner,None,does not report
1720,C1006,2025-03-22,Dine-In,Food,Caesar Salad,2,19.77,39.54,Cash,16,Saturday,Breakfast,Gluten-free,Carlos
1721,C1006,2025-07-01,Delivery,Food,Margherita Pizza,2,18.94,37.88,Mobile Payment,N/A,Tuesday,Dinner,Gluten-free,does not report
1722,C1006,2025-10-27,Dine-In,Food,Caesar Salad,4,16.82,67.28,Mobile Payment,5,Monday,Breakfast,Less sugar,Miguel
1723,C1006,2025-02-18,Takeaway,Food,Pasta Alfredo,2,15.71,31.42,Cash,N/A,Tuesday,Lunch,Extra napkins,does not report
1724,C1006,2025-08-09,Delivery,Food,Margherita Pizza,2,16.36,32.72,Mobile Payment,N/A,Saturday,Dinner,Gluten-free,does not report
1725,C1006,2025-05-11,Takeaway,Beverage,Mineral Water,2,18.04,36.08,Mobile Payment,N/A,Sunday,Breakfast,Less sugar,does not report
1726,C1006,2025-02-10,Dine-In,Food,Sushi Roll,2,15.33,30.66,Card,23,Monday,Lunch,None,Juan
1727,C1006,2025-11-29,Dine-In,Beverage,Cappuccino,2,18.74,37.48,Cash,13,Saturday,Lunch,None,Miguel
1728,C1006,2025-11-15,Takeaway,Beverage,Cappuccino,3,13.51,40.53,Mobile Payment,N/A,Saturday,Dinner,None,does not report
1729,C1006,2025-07-20,Dine-In,Beverage,Latte,4,15.21,60.84,Mobile Payment,25,Sunday,Breakfast,Extra napkins,Carlos
1730,C1006,2025-03-22,Takeaway,Beverage,Mojito,3,12.46,37.38,Cash,N/A,Saturday,Dinner,No onions,does not report
1731,C1006,2025-07-30,Dine-In,Beverage,Cappuccino,4,17.14,68.56,Mobile Payment,10,Wednesday,Lunch,None,Miguel
1732,C1007,2025-01-27,Delivery,Food,Margherita Pizza,2,16.38,32.76,Card,N/A,Monday,Lunch,None,does not report
1733,C1007,2025-11-18,Delivery,Food,Margherita Pizza,4,15.66,62.64,Card,N/A,Tuesday,Dinner,None,does not report
1734,C1007,2025-05-09,Delivery,Beverage,Mojito,2,15.75,31.5,Card,N/A,Friday,Lunch,Gluten-free,does not report
1735,C1007,2025-04-06,Takeaway,Food,Grilled Chicken,3,13.55,40.65,Cash,N/A,Sunday,Dinner,None,does not report
1736,C1007,2025-07-07,Dine-In,Beverage,Cappuccino,2,13.3,26.6,Cash,6,Monday,Lunch,None,Carlos
1737,C1007,2025-09-27,Dine-In,Beverage,Fresh Orange Juice,4,17.49,69.96,Mobile Payment,9,Saturday,Dinner,None,Carlos
1738,C1007,2025-03-05,Delivery,Beverage,Cappuccino,3,12.28,36.84,Card,N/A,Wednesday,Dinner,Gluten-free,does not report
1739,C1007,2025-10-09,Dine-In,Beverage,Mineral Water,4,18.1,72.4,Card,22,Thursday,Lunch,Extra napkins,Juan
1740,C1007,2025-06-19,Dine-In,Beverage,Iced Tea,3,15.81,47.43,Mobile Payment,24,Thursday,Dinner,None,Carlos
1741,C1007,2025-12-23,Dine-In,Food,Margherita Pizza,4,19.53,78.12,Cash,24,Tuesday,Dinner,Less sugar,Carlos
1742,C1007,2025-02-23,Dine-In,Beverage,Fresh Orange Juice,2,16.95,33.9,Cash,28,Sunday,Breakfast,None,Valeria
1743,C1007,2025-08-05,Takeaway,Beverage,Cappuccino,4,15.8,63.2,Mobile Payment,N/A,Tuesday,Lunch,Extra napkins,does not report
1744,C1007,2025-03-07,Delivery,Beverage,Latte,2,18.13,36.26,Cash,N/A,Friday,Lunch,No onions,does not report
1745,C1007,2025-09-04,Delivery,Beverage,Latte,2,13.9,27.8,Cash,N/A,Thursday,Dinner,None,does not report
1746,C1007,2025-04-18,Delivery,Food,Veggie Sandwich,2,18.04,36.08,Mobile Payment,N/A,Friday,Breakfast,Extra napkins,does not report
1747,C1007,2025-10-11,Dine-In,Beverage,Fresh Orange Juice,4,17.12,68.48,Card,11,Saturday,Dinner,None,Valeria
1748,C1007,2025-09-24,Dine-In,Food,Grilled Chicken,2,19.01,38.02,Card,22,Wednesday,Breakfast,None,Valeria
1749,C1007,2025-01-12,Dine-In,Food,Caesar Salad,3,19.32,57.96,Card,2,Sunday,Lunch,None,Juan
1750,C1007,2025-07-27,Delivery,Food,Caesar Salad,4,11.94,47.76,Cash,N/A,Sunday,Breakfast,None,does not report
1751,C1007,2025-07-25,Delivery,Beverage,Latte,3,16.14,48.42,Cash,N/A,Friday,Dinner,Gluten-free,does not report
1752,C1007,2025-12-08,Dine-In,Beverage,Cappuccino,4,16.65,66.6,Cash,7,Monday,Lunch,No onions,Miguel
1753,C1007,2025-10-05,Delivery,Beverage,Fresh Orange Juice,3,13.94,41.82,Mobile Payment,N/A,Sunday,Dinner,None,does not report
1754,C1007,2025-03-07,Dine-In,Food,Veggie Sandwich,2,12.53,25.06,Mobile Payment,3,Friday,Lunch,None,Ana
1755,C1008,2025-12-15,Delivery,Food,Pasta Alfredo,4,18.53,74.12,Card,N/A,Monday,Dinner,Less sugar,does not report
1756,C1008,2025-09-18,Delivery,Beverage,Cappuccino,3,13.51,40.53,Mobile Payment,N/A,Thursday,Breakfast,No onions,does not report
1757,C1008,2025-10-02,Dine-In,Food,Beef Burger,4,19.88,79.52,Cash,13,Thursday,Breakfast,Extra napkins,Ana
1758,C1008,2025-11-22,Dine-In,Food,Margherita Pizza,4,15.66,62.64,Cash,29,Saturday,Breakfast,Gluten-free,Carlos
1759,C1008,2025-07-31,Dine-In,Food,Margherita Pizza,4,19.53,78.12,Card,5,Thursday,Breakfast,Extra napkins,Valeria
1760,C1008,2025-08-15,Dine-In,Food,Veggie Sandwich,3,16.52,49.56,Mobile Payment,1,Friday,Lunch,None,Juan
1761,C1008,2025-06-10,Takeaway,Beverage,Mojito,4,12.44,49.76,Mobile Payment,N/A,Tuesday,Lunch,None,does not report
1762,C1008,2025-02-15,Dine-In,Food,Caesar Salad,4,16.82,67.28,Mobile Payment,12,Saturday,Dinner,None,Miguel
1763,C1008,2025-03-31,Delivery,Beverage,Cappuccino,4,17.14,68.56,Cash,N/A,Monday,Lunch,Less sugar,does not report
1764,C1008,2025-04-19,Delivery,Beverage,Mineral Water,4,13.96,55.84,Cash,N/A,Saturday,Lunch,No onions,does not report
1765,C1008,2025-05-29,Dine-In,Beverage,Green Smoothie,4,18.54,74.16,Card,23,Thursday,Dinner,Less sugar,Valeria
1766,C1008,2025-01-08,Dine-In,Beverage,Mojito,2,12.46,24.92,Card,22,Wednesday,Dinner,Extra napkins,Juan
1767,C1008,2025-01-24,Delivery,Food,Caesar Salad,3,16.6,49.8,Mobile Payment,N/A,Friday,Lunch,Gluten-free,does not report
1768,C1008,2025-02-24,Delivery,Beverage,Latte,2,14.84,29.68,Cash,N/A,Monday,Dinner,Gluten-free,does not report
1769,C1008,2025-01-04,Takeaway,Food,Caesar Salad,4,17.39,69.56,Mobile Payment,N/A,Saturday,Lunch,None,does not report
1770,C1008,2025-10-18,Dine-In,Beverage,Latte,2,18.9,37.8,Mobile Payment,7,Saturday,Breakfast,Less sugar,Ana
1771,C1008,2025-01-13,Dine-In,Beverage,Cappuccino,4,15.8,63.2,Card,8,Monday,Dinner,Extra napkins,Juan
1772,C1008,2025-04-11,Delivery,Beverage,Latte,4,14.89,59.56,Mobile Payment,N/A,Friday,Dinner,Gluten-free,does not report
1773,C1008,2025-12-20,Dine-In,Beverage,Green Smoothie,4,17.26,69.04,Card,14,Saturday,Lunch,None,Ana
1774,C1008,2025-05-05,Dine-In,Beverage,Mojito,3,16.64,49.92,Card,12,Monday,Breakfast,None,Miguel
1775,C1008,2025-07-24,Dine-In,Food,Grilled Chicken,2,13.76,27.52,Cash,1,Thursday,Lunch,None,Carlos
1776,C1008,2025-04-25,Dine-In,Beverage,Cappuccino,4,13.46,53.84,Card,13,Friday,Dinner,None,Miguel
1777,C1008,2025-06-15,Delivery,Food,Sushi Roll,4,13.2,52.8,Mobile Payment,N/A,Sunday,Lunch,None,does not report
1778,C1008,2025-12-18,Takeaway,Food,Grilled Chicken,3,13.75,41.25,Card,N/A,Thursday,Dinner,Extra napkins,does not report
1779,C1009,2025-07-09,Delivery,Beverage,Cappuccino,4,13.46,53.84,Cash,N/A,Wednesday,Lunch,None,does not report
1780,C1009,2025-05-13,Dine-In,Food,Margherita Pizza,4,17.95,71.8,Mobile Payment,15,Tuesday,Lunch,No onions,Carlos
1781,C1009,2025-06-22,Dine-In,Beverage,Mojito,3,14.09,42.27,Card,16,Sunday,Lunch,Less sugar,Carlos
1782,C1009,2025-02-04,Dine-In,Food,Pasta Alfredo,2,18.53,37.06,Cash,28,Tuesday,Dinner,No onions,Carlos
1783,C1009,2025-04-18,Delivery,Food,Pasta Alfredo,3,12.82,38.46,Cash,N/A,Friday,Dinner,Extra napkins,does not report
1784,C1009,2025-08-31,Dine-In,Food,Margherita Pizza,2,18.94,37.88,Mobile Payment,15,Sunday,Lunch,None,Valeria
1785,C1009,2025-10-18,Dine-In,Beverage,Mojito,3,19.22,57.66,Mobile Payment,21,Saturday,Lunch,None,Juan
1786,C1009,2025-09-06,Delivery,Beverage,Fresh Orange Juice,4,19.52,78.08,Mobile Payment,N/A,Saturday,Dinner,None,does not report
1787,C1009,2025-01-28,Dine-In,Beverage,Fresh Orange Juice,2,16.79,33.58,Cash,22,Tuesday,Lunch,No onions,Carlos
1788,C1009,2025-12-28,Dine-In,Beverage,Green Smoothie,3,13.81,41.43,Mobile Payment,8,Sunday,Dinner,No onions,Miguel
1789,C1009,2025-03-27,Dine-In,Food,Pasta Alfredo,2,14.3,28.6,Cash,24,Thursday,Dinner,Less sugar,Ana
1790,C1009,2025-11-06,Delivery,Food,Grilled Chicken,3,19.01,57.03,Cash,N/A,Thursday,Lunch,No onions,does not report
1791,C1009,2025-06-16,Delivery,Food,Margherita Pizza,4,14.3,57.2,Cash,N/A,Monday,Dinner,Extra napkins,does not report
1792,C1009,2025-10-06,Takeaway,Beverage,Latte,3,13.8,41.4,Cash,N/A,Monday,Dinner,Extra napkins,does not report
1793,C1009,2025-06-12,Dine-In,Food,Caesar Salad,2,19.77,39.54,Card,18,Thursday,Breakfast,None,Carlos
1794,C1009,2025-10-13,Dine-In,Food,Caesar Salad,4,17.78,71.12,Cash,3,Monday,Dinner,None,Carlos
1795,C1009,2025-12-23,Dine-In,Food,Caesar Salad,2,17.39,34.78,Mobile Payment,9,Tuesday,Dinner,Gluten-free,Ana
1796,C1009,2025-10-08,Dine-In,Beverage,Cappuccino,4,18.67,74.68,Card,9,Wednesday,Breakfast,None,Miguel
1797,C1009,2025-06-23,Delivery,Food,Pasta Alfredo,4,18.53,74.12,Cash,N/A,Monday,Lunch,None,does not report
1798,C1009,2025-09-22,Dine-In,Beverage,Iced Tea,2,16.8,33.6,Card,7,Monday,Lunch,None,Ana
1799,C1009,2025-07-29,Delivery,Beverage,Cappuccino,4,18.67,74.68,Mobile Payment,N/A,Tuesday,Dinner,None,does not report
1800,C1009,2025-07-31,Takeaway,Beverage,Mojito,2,19.22,38.44,Mobile Payment,N/A,Thursday,Dinner,Extra napkins,does not report
1801,C1009,2025-05-28,Dine-In,Beverage,Mojito,4,14.35,57.4,Cash,21,Wednesday,Dinner,Extra napkins,Miguel
1802,C1009,2025-11-01,Dine-In,Food,Veggie Sandwich,4,19.38,77.52,Card,25,Saturday,Breakfast,Extra napkins,Valeria
1803,C1009,2025-01-27,Delivery,Food,Grilled Chicken,3,15.42,46.26,Mobile Payment,N/A,Monday,Lunch,No onions,does not report
1804,C1009,2025-09-16,Delivery,Beverage,Mineral Water,3,18.75,56.25,Cash,N/A,Tuesday,Lunch,None,does not report
1805,C1009,2025-08-18,Delivery,Food,Veggie Sandwich,3,16.52,49.56,Mobile Payment,N/A,Monday,Lunch,No onions,does not report
1806,C1009,2025-04-05,Takeaway,Beverage,Latte,4,18.13,72.52,Cash,N/A,Saturday,Lunch,No onions,does not report
1807,C1009,2025-07-21,Delivery,Food,Margherita Pizza,2,12.74,25.48,Cash,N/A,Monday,Dinner,None,does not report
1808,C1009,2025-10-22,Takeaway,Beverage,Fresh Orange Juice,2,15.12,30.24,Mobile Payment,N/A,Wednesday,Lunch,Gluten-free,does not report
1809,C1009,2025-10-05,Dine-In,Beverage,Mineral Water,3,13.06,39.18,Mobile Payment,26,Sunday,Dinner,None,Carlos
1810,C1010,2025-06-15,Dine-In,Beverage,Iced Tea,2,19.62,39.24,Mobile Payment,10,Sunday,Lunch,None,Carlos
1811,C1010,2025-03-29,Dine-In,Food,Margherita Pizza,2,18.74,37.48,Card,1,Saturday,Dinner,None,Valeria
1812,C1010,2025-10-16,Delivery,Beverage,Cappuccino,4,14.18,56.72,Mobile Payment,N/A,Thursday,Lunch,None,does not report
1813,C1010,2025-07-08,Dine-In,Beverage,Iced Tea,2,13.11,26.22,Mobile Payment,17,Tuesday,Lunch,None,Miguel
1814,C1010,2025-09-22,Delivery,Beverage,Latte,3,18.06,54.18,Cash,N/A,Monday,Lunch,Extra napkins,does not report
1815,C1010,2025-08-12,Dine-In,Food,Caesar Salad,2,17.39,34.78,Mobile Payment,17,Tuesday,Dinner,None,Juan
1816,C1010,2025-12-09,Takeaway,Beverage,Mineral Water,4,15.73,62.92,Card,N/A,Tuesday,Dinner,Extra napkins,does not report
1817,C1010,2025-02-16,Dine-In,Beverage,Cappuccino,4,18.67,74.68,Mobile Payment,19,Sunday,Dinner,None,Carlos
1818,C1010,2025-04-06,Dine-In,Food,Sushi Roll,3,18.22,54.66,Mobile Payment,17,Sunday,Breakfast,Gluten-free,Valeria
1819,C1010,2025-05-07,Dine-In,Food,Pasta Alfredo,3,14.3,42.9,Cash,22,Wednesday,Lunch,Less sugar,Carlos
1820,C1010,2025-11-22,Delivery,Food,Margherita Pizza,4,15.37,61.48,Cash,N/A,Saturday,Dinner,None,does not report
1821,C1010,2025-01-16,Delivery,Beverage,Mojito,3,17.64,52.92,Cash,N/A,Thursday,Lunch,None,does not report
1822,C1010,2025-11-09,Dine-In,Beverage,Mineral Water,4,14.04,56.16,Card,16,Sunday,Breakfast,Gluten-free,Juan
1823,C1010,2025-12-08,Takeaway,Beverage,Cappuccino,2,19.33,38.66,Card,N/A,Monday,Breakfast,Gluten-free,does not report
1824,C1010,2025-06-10,Takeaway,Beverage,Cappuccino,2,18.98,37.96,Mobile Payment,N/A,Tuesday,Dinner,Gluten-free,does not report
1825,C1010,2025-04-09,Takeaway,Food,Grilled Chicken,3,14.21,42.63,Card,N/A,Wednesday,Dinner,No onions,does not report
1826,C1010,2025-09-07,Delivery,Food,Margherita Pizza,2,12.08,24.16,Cash,N/A,Sunday,Breakfast,Gluten-free,does not report
1827,C1010,2025-02-11,Delivery,Food,Margherita Pizza,3,19.21,57.63,Cash,N/A,Tuesday,Dinner,None,does not report
1828,C1010,2025-12-01,Delivery,Food,Pasta Alfredo,2,14.3,28.6,Mobile Payment,N/A,Monday,Lunch,No onions,does not report
1829,C1010,2025-04-24,Dine-In,Food,Caesar Salad,2,15.45,30.9,Card,1,Thursday,Dinner,None,Miguel
1830,C1010,2025-04-19,Delivery,Food,Caesar Salad,2,19.77,39.54,Mobile Payment,N/A,Saturday,Dinner,None,does not report
1831,C1010,2025-10-08,Dine-In,Food,Veggie Sandwich,3,16.52,49.56,Cash,29,Wednesday,Breakfast,None,Ana
1832,C1010,2025-01-01,Dine-In,Food,Caesar Salad,2,19.32,38.64,Mobile Payment,5,Wednesday,Dinner,Less sugar,Carlos
1833,C1010,2025-01-27,Dine-In,Food,Caesar Salad,4,15.08,60.32,Mobile Payment,18,Monday,Dinner,Extra napkins,Ana
1834,C1011,2025-04-08,Delivery,Beverage,Cappuccino,4,16.55,66.2,Card,N/A,Tuesday,Lunch,Gluten-free,does not report
1835,C1011,2025-09-11,Delivery,Food,Pasta Alfredo,2,15.89,31.78,Mobile Payment,N/A,Thursday,Dinner,Gluten-free,does not report
1836,C1011,2025-03-08,Takeaway,Beverage,Mineral Water,3,13.18,39.54,Cash,N/A,Saturday,Lunch,No onions,does not report
1837,C1011,2025-01-31,Delivery,Beverage,Cappuccino,2,17.14,34.28,Card,N/A,Friday,Breakfast,Less sugar,does not report
1838,C1011,2025-05-06,Dine-In,Beverage,Fresh Orange Juice,2,13.94,27.88,Card,27,Tuesday,Lunch,None,Ana
1839,C1011,2025-06-07,Dine-In,Food,Pasta Alfredo,2,14.91,29.82,Cash,12,Saturday,Dinner,No onions,Carlos
1840,C1011,2025-08-24,Dine-In,Beverage,Latte,4,16.09,64.36,Mobile Payment,20,Sunday,Breakfast,Gluten-free,Valeria
1841,C1011,2025-07-29,Dine-In,Food,Grilled Chicken,4,17.08,68.32,Card,18,Tuesday,Lunch,None,Juan
1842,C1011,2025-02-09,Dine-In,Food,Sushi Roll,4,17.14,68.56,Card,4,Sunday,Dinner,Extra napkins,Valeria
1843,C1011,2025-12-19,Delivery,Beverage,Iced Tea,4,19.74,78.96,Cash,N/A,Friday,Dinner,Less sugar,does not report
1844,C1011,2025-10-12,Dine-In,Beverage,Cappuccino,3,12.65,37.95,Cash,12,Sunday,Lunch,Extra napkins,Juan
1845,C1011,2025-11-02,Dine-In,Beverage,Fresh Orange Juice,3,17.49,52.47,Card,8,Sunday,Lunch,Gluten-free,Carlos
1846,C1011,2025-08-01,Dine-In,Beverage,Mineral Water,4,18.1,72.4,Mobile Payment,27,Friday,Dinner,None,Juan
1847,C1011,2025-11-28,Dine-In,Beverage,Latte,4,17.34,69.36,Card,4,Friday,Breakfast,None,Carlos
1848,C1011,2025-04-26,Takeaway,Beverage,Iced Tea,2,15.81,31.62,Card,N/A,Saturday,Lunch,None,does not report
1849,C1011,2025-05-12,Delivery,Beverage,Green Smoothie,3,17.26,51.78,Card,N/A,Monday,Breakfast,None,does not report
1850,C1011,2025-11-08,Takeaway,Beverage,Cappuccino,4,13.51,54.04,Cash,N/A,Saturday,Dinner,Extra napkins,does not report
1851,C1011,2025-03-16,Dine-In,Food,Pasta Alfredo,3,14.11,42.33,Cash,1,Sunday,Lunch,None,Ana
1852,C1011,2025-05-06,Delivery,Beverage,Fresh Orange Juice,2,17.49,34.98,Card,N/A,Tuesday,Breakfast,None,does not report
1853,C1011,2025-05-28,Dine-In,Beverage,Cappuccino,3,16.76,50.28,Card,9,Wednesday,Dinner,Extra napkins,Miguel
1854,C1011,2025-05-31,Delivery,Beverage,Iced Tea,4,17.07,68.28,Cash,N/A,Saturday,Lunch,None,does not report
1855,C1011,2025-02-28,Delivery,Beverage,Iced Tea,2,12.86,25.72,Mobile Payment,N/A,Friday,Dinner,None,does not report
1856,C1011,2025-10-03,Delivery,Beverage,Cappuccino,2,13.68,27.36,Mobile Payment,N/A,Friday,Breakfast,Gluten-free,does not report
1857,C1011,2025-08-06,Dine-In,Food,Grilled Chicken,3,19.01,57.03,Cash,19,Wednesday,Breakfast,Extra napkins,Carlos
1858,C1012,2025-04-29,Dine-In,Beverage,Fresh Orange Juice,3,13.94,41.82,Cash,14,Tuesday,Dinner,Gluten-free,Ana
1859,C1012,2025-03-06,Delivery,Food,Margherita Pizza,2,12.33,24.66,Card,N/A,Thursday,Lunch,None,does not report
1860,C1012,2025-09-07,Delivery,Beverage,Latte,3,16.97,50.91,Cash,N/A,Sunday,Breakfast,No onions,does not report
1861,C1012,2025-10-20,Delivery,Beverage,Cappuccino,4,13.51,54.04,Cash,N/A,Monday,Lunch,Less sugar,does not report
1862,C1012,2025-02-17,Dine-In,Food,Veggie Sandwich,4,11.99,47.96,Cash,26,Monday,Dinner,None,Ana
1863,C1012,2025-05-04,Dine-In,Beverage,Green Smoothie,3,16.92,50.76,Cash,14,Sunday,Dinner,None,Valeria
1864,C1012,2025-06-05,Delivery,Food,Veggie Sandwich,2,15.38,30.76,Mobile Payment,N/A,Thursday,Lunch,None,does not report
1865,C1012,2025-08-16,Delivery,Food,Caesar Salad,3,12.88,38.64,Card,N/A,Saturday,Breakfast,Gluten-free,does not report
1866,C1012,2025-11-09,Dine-In,Food,Caesar Salad,2,16.82,33.64,Cash,9,Sunday,Lunch,None,Miguel
1867,C1012,2025-07-07,Dine-In,Beverage,Mineral Water,3,16.04,48.12,Mobile Payment,6,Monday,Lunch,No onions,Miguel
1868,C1012,2025-01-02,Takeaway,Beverage,Mojito,3,14.09,42.27,Mobile Payment,N/A,Thursday,Lunch,Gluten-free,does not report
1869,C1012,2025-12-09,Dine-In,Food,Margherita Pizza,3,17.4,52.2,Mobile Payment,3,Tuesday,Dinner,Extra napkins,Carlos
1870,C1012,2025-05-03,Dine-In,Beverage,Fresh Orange Juice,3,13.62,40.86,Mobile Payment,28,Saturday,Lunch,None,Ana
1871,C1012,2025-12-29,Takeaway,Beverage,Iced Tea,3,19.62,58.86,Cash,N/A,Monday,Dinner,No onions,does not report
1872,C1012,2025-10-26,Delivery,Food,Sushi Roll,3,13.95,41.85,Mobile Payment,N/A,Sunday,Dinner,None,does not report
1873,C1012,2025-05-31,Dine-In,Food,Margherita Pizza,3,16.86,50.58,Card,2,Saturday,Lunch,Gluten-free,Valeria
1874,C1012,2025-09-30,Dine-In,Beverage,Iced Tea,3,17.64,52.92,Mobile Payment,25,Tuesday,Breakfast,Gluten-free,Ana
1875,C1012,2025-09-16,Dine-In,Beverage,Mojito,2,12.46,24.92,Cash,30,Tuesday,Dinner,None,Miguel
1876,C1012,2025-07-18,Delivery,Food,Sushi Roll,4,15.62,62.48,Card,N/A,Friday,Breakfast,None,does not report
1877,C1012,2025-11-06,Delivery,Food,Beef Burger,3,19.93,59.79,Card,N/A,Thursday,Lunch,No onions,does not report
1878,C1012,2025-02-12,Delivery,Beverage,Mojito,4,15.75,63.0,Card,N/A,Wednesday,Lunch,Extra napkins,does not report
1879,C1012,2025-06-27,Dine-In,Beverage,Mojito,4,15.65,62.6,Card,8,Friday,Breakfast,Extra napkins,Carlos
1880,C1012,2025-10-24,Dine-In,Beverage,Latte,3,15.13,45.39,Mobile Payment,20,Friday,Lunch,Gluten-free,Ana
1881,C1012,2025-04-22,Dine-In,Food,Margherita Pizza,2,18.8,37.6,Cash,29,Tuesday,Dinner,No onions,Miguel
1882,C1012,2025-08-22,Dine-In,Beverage,Fresh Orange Juice,3,12.17,36.51,Card,8,Friday,Dinner,Less sugar,Ana
1883,C1012,2025-08-13,Delivery,Food,Veggie Sandwich,4,11.99,47.96,Mobile Payment,N/A,Wednesday,Lunch,None,does not report
1884,C1012,2025-12-10,Takeaway,Food,Pasta Alfredo,3,18.49,55.47,Cash,N/A,Wednesday,Lunch,None,does not report
1885,C1012,2025-12-29,Delivery,Beverage,Latte,4,15.54,62.16,Cash,N/A,Monday,Lunch,Extra napkins,does not report
1886,C1012,2025-10-21,Dine-In,Food,Sushi Roll,2,11.92,23.84,Mobile Payment,29,Tuesday,Lunch,None,Juan
1887,C1012,2025-10-07,Dine-In,Food,Margherita Pizza,4,18.74,74.96,Cash,6,Tuesday,Dinner,Less sugar,Valeria
1888,C1012,2025-03-19,Dine-In,Beverage,Latte,2,12.39,24.78,Card,7,Wednesday,Lunch,None,Miguel
1889,C1012,2025-04-25,Dine-In,Food,Veggie Sandwich,3,15.38,46.14,Cash,28,Friday,Dinner,None,Juan
1890,C1012,2025-04-09,Delivery,Food,Sushi Roll,2,11.82,23.64,Mobile Payment,N/A,Wednesday,Lunch,None,does not report
1891,C1012,2025-12-23,Dine-In,Food,Caesar Salad,3,12.54,37.62,Mobile Payment,30,Tuesday,Dinner,Less sugar,Miguel
1892,C1012,2025-12-10,Dine-In,Beverage,Mineral Water,3,18.04,54.12,Cash,1,Wednesday,Dinner,None,Juan
1893,C1013,2025-05-26,Dine-In,Beverage,Mineral Water,4,15.73,62.92,Card,28,Monday,Breakfast,None,Ana
1894,C1013,2025-04-24,Dine-In,Food,Margherita Pizza,4,14.72,58.88,Mobile Payment,12,Thursday,Lunch,No onions,Juan
1895,C1013,2025-08-03,Delivery,Food,Pasta Alfredo,2,14.91,29.82,Card,N/A,Sunday,Breakfast,None,does not report
1896,C1013,2025-06-15,Dine-In,Food,Veggie Sandwich,4,17.83,71.32,Card,1,Sunday,Dinner,Extra napkins,Juan
1897,C1013,2025-02-08,Takeaway,Beverage,Mojito,2,17.63,35.26,Cash,N/A,Saturday,Lunch,Gluten-free,does not report
1898,C1013,2025-09-22,Delivery,Food,Grilled Chicken,2,12.79,25.58,Mobile Payment,N/A,Monday,Dinner,No onions,does not report
1899,C1013,2025-11-29,Takeaway,Beverage,Green Smoothie,3,16.92,50.76,Mobile Payment,N/A,Saturday,Dinner,None,does not report
1900,C1013,2025-07-01,Dine-In,Food,Caesar Salad,3,12.4,37.2,Card,5,Tuesday,Dinner,Extra napkins,Carlos
1901,C1013,2025-10-20,Delivery,Beverage,Iced Tea,3,14.0,42.0,Card,N/A,Monday,Dinner,None,does not report
1902,C1013,2025-03-07,Dine-In,Beverage,Cappuccino,4,15.8,63.2,Mobile Payment,25,Friday,Dinner,Less sugar,Juan
1903,C1013,2025-12-28,Dine-In,Food,Pasta Alfredo,3,15.71,47.13,Card,19,Sunday,Dinner,None,Juan
1904,C1013,2025-01-03,Delivery,Beverage,Cappuccino,3,13.93,41.79,Card,N/A,Friday,Lunch,None,does not report
1905,C1013,2025-11-29,Dine-In,Food,Grilled Chicken,3,12.79,38.37,Cash,20,Saturday,Dinner,Extra napkins,Ana
1906,C1013,2025-08-16,Takeaway,Food,Margherita Pizza,3,12.08,36.24,Card,N/A,Saturday,Dinner,Extra napkins,does not report
1907,C1013,2025-03-08,Delivery,Beverage,Fresh Orange Juice,2,13.62,27.24,Cash,N/A,Saturday,Lunch,Extra napkins,does not report
1908,C1013,2025-09-21,Dine-In,Food,Sushi Roll,3,12.26,36.78,Mobile Payment,19,Sunday,Dinner,None,Juan
1909,C1013,2025-02-27,Takeaway,Beverage,Green Smoothie,2,13.21,26.42,Cash,N/A,Thursday,Lunch,Extra napkins,does not report
1910,C1013,2025-12-25,Dine-In,Beverage,Iced Tea,2,17.66,35.32,Card,16,Thursday,Dinner,Gluten-free,Juan
1911,C1013,2025-08-15,Takeaway,Beverage,Fresh Orange Juice,2,16.79,33.58,Mobile Payment,N/A,Friday,Dinner,Less sugar,does not report
1912,C1013,2025-09-19,Takeaway,Food,Sushi Roll,3,19.42,58.26,Cash,N/A,Friday,Dinner,Gluten-free,does not report
1913,C1013,2025-01-20,Dine-In,Food,Grilled Chicken,2,12.25,24.5,Mobile Payment,12,Monday,Breakfast,Extra napkins,Valeria
1914,C1013,2025-11-15,Delivery,Food,Caesar Salad,3,15.45,46.35,Card,N/A,Saturday,Dinner,None,does not report
1915,C1013,2025-10-22,Delivery,Beverage,Latte,3,18.79,56.37,Mobile Payment,N/A,Wednesday,Lunch,None,does not report
1916,C1013,2025-08-20,Delivery,Beverage,Iced Tea,3,12.86,38.58,Mobile Payment,N/A,Wednesday,Dinner,Gluten-free,does not report
1917,C1013,2025-01-04,Delivery,Beverage,Mojito,3,17.63,52.89,Cash,N/A,Saturday,Dinner,None,does not report
1918,C1013,2025-08-03,Dine-In,Food,Grilled Chicken,4,15.3,61.2,Cash,17,Sunday,Breakfast,None,Carlos
1919,C1013,2025-11-16,Dine-In,Beverage,Mojito,4,19.74,78.96,Mobile Payment,22,Sunday,Dinner,Less sugar,Miguel
1920,C1013,2025-01-11,Delivery,Food,Caesar Salad,4,17.78,71.12,Card,N/A,Saturday,Breakfast,Extra napkins,does not report
1921,C1013,2025-07-17,Dine-In,Beverage,Iced Tea,3,13.11,39.33,Mobile Payment,23,Thursday,Dinner,None,Miguel
1922,C1013,2025-09-23,Delivery,Beverage,Iced Tea,2,12.86,25.72,Mobile Payment,N/A,Tuesday,Breakfast,None,does not report
1923,C1013,2025-09-11,Dine-In,Food,Sushi Roll,3,16.11,48.33,Cash,2,Thursday,Lunch,No onions,Carlos
1924,C1014,2025-09-11,Takeaway,Beverage,Iced Tea,4,17.07,68.28,Mobile Payment,N/A,Thursday,Dinner,None,does not report
1925,C1014,2025-02-04,Takeaway,Food,Caesar Salad,3,15.92,47.76,Mobile Payment,N/A,Tuesday,Lunch,No onions,does not report
1926,C1014,2025-08-31,Dine-In,Beverage,Fresh Orange Juice,4,16.95,67.8,Mobile Payment,21,Sunday,Dinner,Less sugar,Valeria
1927,C1014,2025-10-29,Dine-In,Food,Margherita Pizza,2,17.95,35.9,Card,4,Wednesday,Dinner,None,Carlos
1928,C1014,2025-04-23,Takeaway,Beverage,Iced Tea,2,12.86,25.72,Cash,N/A,Wednesday,Lunch,Gluten-free,does not report
1929,C1014,2025-12-12,Delivery,Food,Beef Burger,3,13.99,41.97,Mobile Payment,N/A,Friday,Lunch,Gluten-free,does not report
1930,C1014,2025-06-20,Dine-In,Beverage,Cappuccino,4,13.3,53.2,Mobile Payment,23,Friday,Dinner,None,Ana
1931,C1014,2025-01-11,Dine-In,Food,Sushi Roll,2,18.95,37.9,Cash,6,Saturday,Lunch,No onions,Valeria
1932,C1014,2025-05-12,Dine-In,Beverage,Mojito,2,12.46,24.92,Card,9,Monday,Dinner,Less sugar,Juan
1933,C1014,2025-03-03,Dine-In,Beverage,Iced Tea,4,17.43,69.72,Card,29,Monday,Dinner,Less sugar,Carlos
1934,C1014,2025-07-08,Dine-In,Beverage,Mineral Water,3,13.96,41.88,Mobile Payment,13,Tuesday,Dinner,Gluten-free,Carlos
1935,C1014,2025-11-14,Dine-In,Food,Sushi Roll,3,17.14,51.42,Cash,6,Friday,Lunch,No onions,Ana
1936,C1014,2025-11-02,Delivery,Beverage,Iced Tea,2,15.02,30.04,Cash,N/A,Sunday,Lunch,No onions,does not report
1937,C1014,2025-08-15,Dine-In,Beverage,Iced Tea,4,16.66,66.64,Cash,26,Friday,Dinner,None,Miguel
1938,C1014,2025-10-04,Takeaway,Beverage,Fresh Orange Juice,3,13.62,40.86,Mobile Payment,N/A,Saturday,Breakfast,Less sugar,does not report
1939,C1014,2025-09-05,Dine-In,Beverage,Iced Tea,4,17.7,70.8,Cash,20,Friday,Breakfast,Extra napkins,Carlos
1940,C1014,2025-08-21,Dine-In,Beverage,Iced Tea,4,17.07,68.28,Mobile Payment,13,Thursday,Breakfast,None,Ana
1941,C1014,2025-02-08,Delivery,Food,Beef Burger,3,18.39,55.17,Cash,N/A,Saturday,Dinner,Less sugar,does not report
1942,C1015,2025-07-15,Dine-In,Food,Sushi Roll,4,11.92,47.68,Mobile Payment,26,Tuesday,Dinner,None,Juan
1943,C1015,2025-01-31,Dine-In,Beverage,Mineral Water,4,13.96,55.84,Cash,13,Friday,Breakfast,None,Miguel
1944,C1015,2025-12-22,Dine-In,Food,Margherita Pizza,3,18.58,55.74,Cash,17,Monday,Dinner,None,Carlos
1945,C1015,2025-05-11,Delivery,Beverage,Cappuccino,2,18.61,37.22,Card,N/A,Sunday,Breakfast,None,does not report
1946,C1015,2025-02-14,Delivery,Beverage,Mineral Water,2,18.97,37.94,Card,N/A,Friday,Lunch,Extra napkins,does not report
1947,C1015,2025-09-15,Delivery,Beverage,Iced Tea,2,12.86,25.72,Cash,N/A,Monday,Dinner,None,does not report
1948,C1015,2025-08-01,Delivery,Beverage,Mojito,3,19.22,57.66,Mobile Payment,N/A,Friday,Dinner,None,does not report
1949,C1015,2025-10-24,Dine-In,Food,Veggie Sandwich,4,12.31,49.24,Card,28,Friday,Dinner,None,Miguel
1950,C1015,2025-04-13,Dine-In,Beverage,Mineral Water,2,17.28,34.56,Mobile Payment,20,Sunday,Dinner,Extra napkins,Valeria
1951,C1015,2025-06-05,Dine-In,Food,Caesar Salad,4,17.78,71.12,Card,16,Thursday,Dinner,None,Valeria
1952,C1015,2025-11-13,Dine-In,Beverage,Iced Tea,3,18.37,55.11,Mobile Payment,23,Thursday,Breakfast,Less sugar,Juan
1953,C1015,2025-03-29,Dine-In,Beverage,Mojito,4,15.93,63.72,Card,15,Saturday,Dinner,None,Ana
1954,C1015,2025-12-14,Takeaway,Food,Margherita Pizza,4,19.21,76.84,Card,N/A,Sunday,Breakfast,Less sugar,does not report
1955,C1015,2025-02-02,Takeaway,Food,Caesar Salad,2,13.43,26.86,Mobile Payment,N/A,Sunday,Dinner,No onions,does not report
1956,C1015,2025-11-12,Takeaway,Beverage,Mineral Water,3,14.04,42.12,Cash,N/A,Wednesday,Dinner,None,does not report
1957,C1015,2025-06-02,Dine-In,Food,Veggie Sandwich,4,14.27,57.08,Mobile Payment,12,Monday,Lunch,None,Valeria
1958,C1015,2025-06-03,Dine-In,Beverage,Cappuccino,4,16.17,64.68,Cash,17,Tuesday,Dinner,Less sugar,Miguel
1959,C1015,2025-09-26,Dine-In,Food,Beef Burger,3,19.39,58.17,Card,12,Friday,Breakfast,None,Juan
1960,C1015,2025-11-04,Dine-In,Beverage,Latte,3,15.13,45.39,Card,17,Tuesday,Breakfast,None,Juan
1961,C1015,2025-12-03,Dine-In,Food,Sushi Roll,3,13.03,39.09,Mobile Payment,9,Wednesday,Breakfast,None,Juan
1962,C1015,2025-04-01,Dine-In,Beverage,Latte,4,14.89,59.56,Card,3,Tuesday,Dinner,None,Juan
1963,C1015,2025-01-11,Dine-In,Food,Grilled Chicken,4,13.75,55.0,Card,23,Saturday,Lunch,Gluten-free,Carlos
1964,C1015,2025-12-29,Delivery,Beverage,Iced Tea,3,12.45,37.35,Mobile Payment,N/A,Monday,Dinner,Less sugar,does not report
1965,C1015,2025-07-31,Dine-In,Food,Margherita Pizza,4,15.37,61.48,Cash,22,Thursday,Dinner,None,Juan
1966,C1016,2025-06-19,Takeaway,Food,Sushi Roll,3,13.2,39.6,Mobile Payment,N/A,Thursday,Lunch,Less sugar,does not report
1967,C1016,2025-09-10,Dine-In,Food,Sushi Roll,4,13.2,52.8,Mobile Payment,15,Wednesday,Dinner,Less sugar,Miguel
1968,C1016,2025-11-16,Dine-In,Beverage,Mineral Water,2,12.02,24.04,Mobile Payment,16,Sunday,Dinner,None,Valeria
1969,C1016,2025-02-14,Dine-In,Food,Veggie Sandwich,3,12.31,36.93,Cash,21,Friday,Dinner,None,Carlos
1970,C1016,2025-04-22,Delivery,Food,Sushi Roll,4,15.62,62.48,Card,N/A,Tuesday,Dinner,None,does not report
1971,C1016,2025-05-19,Dine-In,Beverage,Mojito,4,17.24,68.96,Card,28,Monday,Dinner,Less sugar,Ana
1972,C1016,2025-10-14,Dine-In,Beverage,Iced Tea,2,12.45,24.9,Mobile Payment,29,Tuesday,Lunch,None,Carlos
1973,C1016,2025-08-17,Dine-In,Beverage,Iced Tea,2,15.02,30.04,Cash,13,Sunday,Lunch,None,Ana
1974,C1016,2025-03-04,Takeaway,Beverage,Iced Tea,2,16.16,32.32,Cash,N/A,Tuesday,Dinner,None,does not report
1975,C1016,2025-12-10,Dine-In,Beverage,Iced Tea,3,12.45,37.35,Mobile Payment,30,Wednesday,Dinner,Extra napkins,Miguel
1976,C1016,2025-07-29,Dine-In,Food,Sushi Roll,3,12.26,36.78,Mobile Payment,16,Tuesday,Dinner,Extra napkins,Valeria
1977,C1016,2025-01-03,Dine-In,Food,Margherita Pizza,3,12.33,36.99,Card,23,Friday,Lunch,None,Ana
1978,C1016,2025-11-16,Dine-In,Beverage,Fresh Orange Juice,2,16.95,33.9,Cash,14,Sunday,Lunch,None,Valeria
1979,C1016,2025-04-12,Dine-In,Food,Margherita Pizza,3,14.3,42.9,Mobile Payment,22,Saturday,Breakfast,Less sugar,Miguel
1980,C1016,2025-05-14,Delivery,Beverage,Iced Tea,2,17.07,34.14,Card,N/A,Wednesday,Dinner,None,does not report
1981,C1016,2025-09-26,Takeaway,Food,Grilled Chicken,4,19.01,76.04,Card,N/A,Friday,Lunch,None,does not report
1982,C1017,2025-04-14,Dine-In,Beverage,Cappuccino,4,18.98,75.92,Mobile Payment,14,Monday,Dinner,None,Ana
1983,C1017,2025-10-12,Delivery,Food,Grilled Chicken,3,18.13,54.39,Card,N/A,Sunday,Lunch,Gluten-free,does not report
1984,C1017,2025-08-18,Delivery,Food,Grilled Chicken,3,12.79,38.37,Card,N/A,Monday,Dinner,None,does not report
1985,C1017,2025-07-30,Dine-In,Beverage,Green Smoothie,2,13.33,26.66,Cash,8,Wednesday,Lunch,None,Juan
1986,C1017,2025-11-01,Takeaway,Beverage,Mineral Water,3,12.88,38.64,Card,N/A,Saturday,Dinner,Less sugar,does not report
1987,C1017,2025-09-05,Dine-In,Beverage,Green Smoothie,3,18.0,54.0,Mobile Payment,26,Friday,Breakfast,Gluten-free,Carlos
1988,C1017,2025-05-19,Dine-In,Beverage,Iced Tea,3,16.68,50.04,Card,9,Monday,Lunch,Less sugar,Carlos
1989,C1017,2025-02-16,Dine-In,Food,Margherita Pizza,2,12.15,24.3,Card,4,Sunday,Dinner,Less sugar,Miguel
1990,C1017,2025-06-18,Dine-In,Beverage,Iced Tea,4,17.43,69.72,Card,30,Wednesday,Dinner,None,Ana
1991,C1017,2025-03-03,Delivery,Food,Grilled Chicken,2,13.75,27.5,Card,N/A,Monday,Dinner,Gluten-free,does not report
1992,C1017,2025-01-28,Dine-In,Food,Sushi Roll,4,18.82,75.28,Cash,1,Tuesday,Dinner,No onions,Carlos
1993,C1017,2025-12-05,Dine-In,Beverage,Mojito,2,14.28,28.56,Card,22,Friday,Breakfast,None,Miguel
1994,C1017,2025-11-08,Dine-In,Food,Grilled Chicken,2,12.25,24.5,Card,27,Saturday,Breakfast,Gluten-free,Juan
1995,C1017,2025-02-18,Dine-In,Food,Veggie Sandwich,2,13.37,26.74,Card,4,Tuesday,Lunch,No onions,Valeria
1996,C1017,2025-04-21,Takeaway,Beverage,Fresh Orange Juice,2,12.17,24.34,Card,N/A,Monday,Dinner,None,does not report
1997,C1017,2025-07-27,Dine-In,Food,Sushi Roll,4,16.11,64.44,Cash,9,Sunday,Lunch,No onions,Valeria
1998,C1017,2025-02-11,Delivery,Food,Grilled Chicken,2,18.5,37.0,Cash,N/A,Tuesday,Lunch,Less sugar,does not report
1999,C1017,2025-03-05,Delivery,Food,Caesar Salad,4,15.92,63.68,Mobile Payment,N/A,Wednesday,Lunch,None,does not report
2000,C1017,2025-05-20,Dine-In,Beverage,Latte,2,18.9,37.8,Mobile Payment,10,Tuesday,Lunch,Less sugar,Ana
2001,C1017,2025-07-18,Dine-In,Beverage,Cappuccino,2,13.46,26.92,Cash,24,Friday,Dinner,None,Juan
2002,C1017,2025-01-13,Delivery,Beverage,Cappuccino,4,13.3,53.2,Mobile Payment,N/A,Monday,Dinner,No onions,does not report
2003,C1017,2025-06-22,Dine-In,Food,Beef Burger,4,18.39,73.56,Card,20,Sunday,Lunch,Less sugar,Carlos
2004,C1017,2025-02-06,Dine-In,Beverage,Iced Tea,2,15.16,30.32,Card,24,Thursday,Lunch,No onions,Juan
2005,C1017,2025-04-06,Dine-In,Food,Pasta Alfredo,2,15.56,31.12,Cash,6,Sunday,Dinner,Extra napkins,Carlos
2006,C1017,2025-08-02,Dine-In,Beverage,Mineral Water,2,18.46,36.92,Mobile Payment,30,Saturday,Dinner,None,Ana
2007,C1017,2025-11-20,Takeaway,Food,Margherita Pizza,4,18.58,74.32,Mobile Payment,N/A,Thursday,Lunch,No onions,does not report
2008,C1017,2025-01-13,Delivery,Food,Caesar Salad,2,12.91,25.82,Card,N/A,Monday,Breakfast,None,does not report
2009,C1017,2025-11-12,Delivery,Food,Grilled Chicken,4,16.09,64.36,Cash,N/A,Wednesday,Breakfast,Less sugar,does not report
2010,C1017,2025-10-25,Dine-In,Food,Veggie Sandwich,2,14.91,29.82,Card,3,Saturday,Dinner,Extra napkins,Miguel
2011,C1017,2025-02-07,Dine-In,Food,Margherita Pizza,4,18.74,74.96,Cash,3,Friday,Dinner,Less sugar,Valeria
2012,C1017,2025-05-22,Dine-In,Beverage,Mineral Water,3,16.04,48.12,Mobile Payment,11,Thursday,Breakfast,Gluten-free,Ana
2013,C1017,2025-07-15,Dine-In,Food,Grilled Chicken,4,18.13,72.52,Mobile Payment,25,Tuesday,Breakfast,None,Ana
2014,C1018,2025-07-27,Dine-In,Food,Veggie Sandwich,2,17.83,35.66,Mobile Payment,11,Sunday,Breakfast,None,Ana
2015,C1018,2025-10-24,Dine-In,Food,Veggie Sandwich,2,15.38,30.76,Mobile Payment,30,Friday,Dinner,Gluten-free,Juan
2016,C1018,2025-02-28,Dine-In,Beverage,Cappuccino,3,13.51,40.53,Card,16,Friday,Lunch,Less sugar,Valeria
2017,C1018,2025-11-02,Dine-In,Food,Caesar Salad,4,12.91,51.64,Mobile Payment,26,Sunday,Lunch,Extra napkins,Ana
2018,C1018,2025-01-19,Dine-In,Beverage,Fresh Orange Juice,2,13.58,27.16,Cash,21,Sunday,Dinner,None,Juan
2019,C1018,2025-03-17,Dine-In,Food,Caesar Salad,3,16.82,50.46,Mobile Payment,12,Monday,Lunch,None,Valeria
2020,C1018,2025-06-15,Dine-In,Beverage,Cappuccino,2,12.65,25.3,Mobile Payment,13,Sunday,Dinner,Gluten-free,Valeria
2021,C1018,2025-09-01,Delivery,Beverage,Iced Tea,4,16.66,66.64,Mobile Payment,N/A,Monday,Dinner,Gluten-free,does not report
2022,C1018,2025-12-18,Takeaway,Beverage,Cappuccino,2,15.8,31.6,Mobile Payment,N/A,Thursday,Dinner,None,does not report
2023,C1018,2025-05-26,Dine-In,Beverage,Latte,4,16.97,67.88,Mobile Payment,7,Monday,Lunch,No onions,Carlos
2024,C1018,2025-08-31,Dine-In,Beverage,Green Smoothie,2,17.26,34.52,Cash,23,Sunday,Lunch,Less sugar,Carlos
2025,C1018,2025-04-20,Delivery,Beverage,Iced Tea,4,16.66,66.64,Cash,N/A,Sunday,Lunch,No onions,does not report
2026,C1018,2025-10-01,Dine-In,Food,Sushi Roll,4,13.2,52.8,Mobile Payment,18,Wednesday,Dinner,No onions,Valeria
2027,C1018,2025-09-23,Dine-In,Beverage,Cappuccino,3,12.6,37.8,Mobile Payment,25,Tuesday,Lunch,Gluten-free,Valeria
2028,C1018,2025-11-29,Delivery,Food,Veggie Sandwich,2,18.04,36.08,Card,N/A,Saturday,Dinner,Extra napkins,does not report
2029,C1018,2025-01-10,Dine-In,Beverage,Mineral Water,3,12.02,36.06,Mobile Payment,28,Friday,Dinner,Extra napkins,Valeria
2030,C1018,2025-09-19,Dine-In,Food,Pasta Alfredo,3,18.53,55.59,Cash,15,Friday,Dinner,Less sugar,Valeria
2031,C1018,2025-02-15,Dine-In,Food,Pasta Alfredo,2,14.11,28.22,Card,15,Saturday,Lunch,None,Carlos
2032,C1019,2025-08-03,Dine-In,Beverage,Green Smoothie,2,19.13,38.26,Mobile Payment,2,Sunday,Dinner,No onions,Miguel
2033,C1019,2025-11-23,Takeaway,Beverage,Green Smoothie,4,13.33,53.32,Cash,N/A,Sunday,Lunch,No onions,does not report
2034,C1019,2025-09-20,Dine-In,Beverage,Latte,4,16.14,64.56,Cash,28,Saturday,Lunch,None,Ana
2035,C1019,2025-07-15,Delivery,Food,Beef Burger,3,17.43,52.29,Mobile Payment,N/A,Tuesday,Breakfast,Gluten-free,does not report
2036,C1019,2025-03-26,Takeaway,Food,Caesar Salad,2,11.94,23.88,Card,N/A,Wednesday,Lunch,None,does not report
2037,C1019,2025-12-23,Takeaway,Food,Margherita Pizza,4,12.15,48.6,Cash,N/A,Tuesday,Breakfast,Extra napkins,does not report
2038,C1019,2025-02-06,Dine-In,Food,Sushi Roll,4,12.26,49.04,Mobile Payment,12,Thursday,Dinner,None,Juan
2039,C1019,2025-06-19,Dine-In,Food,Grilled Chicken,2,13.55,27.1,Card,23,Thursday,Dinner,Less sugar,Juan
2040,C1019,2025-01-02,Delivery,Beverage,Mineral Water,2,18.04,36.08,Mobile Payment,N/A,Thursday,Dinner,No onions,does not report
2041,C1019,2025-05-27,Dine-In,Food,Sushi Roll,2,19.42,38.84,Mobile Payment,12,Tuesday,Dinner,None,Valeria
2042,C1019,2025-04-26,Dine-In,Food,Sushi Roll,3,12.86,38.58,Card,11,Saturday,Breakfast,No onions,Carlos
2043,C1019,2025-10-02,Takeaway,Beverage,Iced Tea,4,13.54,54.16,Cash,N/A,Thursday,Dinner,Gluten-free,does not report
2044,C1019,2025-03-16,Dine-In,Food,Grilled Chicken,2,12.79,25.58,Mobile Payment,21,Sunday,Breakfast,None,Miguel
2045,C1019,2025-02-03,Dine-In,Beverage,Iced Tea,3,13.54,40.62,Cash,30,Monday,Breakfast,Gluten-free,Miguel
2046,C1019,2025-08-21,Dine-In,Beverage,Latte,2,15.13,30.26,Cash,8,Thursday,Dinner,Extra napkins,Ana
2047,C1019,2025-11-21,Takeaway,Food,Caesar Salad,2,17.44,34.88,Mobile Payment,N/A,Friday,Breakfast,Less sugar,does not report
2048,C1019,2025-07-06,Dine-In,Beverage,Mojito,2,16.64,33.28,Mobile Payment,9,Sunday,Dinner,Extra napkins,Juan
2049,C1019,2025-02-02,Dine-In,Beverage,Mojito,4,14.14,56.56,Cash,25,Sunday,Dinner,Less sugar,Carlos
2050,C1019,2025-01-04,Delivery,Beverage,Mojito,3,14.3,42.9,Cash,N/A,Saturday,Dinner,No onions,does not report
2051,C1019,2025-03-31,Delivery,Beverage,Latte,3,14.89,44.67,Cash,N/A,Monday,Dinner,None,does not report
2052,C1019,2025-12-30,Dine-In,Food,Grilled Chicken,3,15.3,45.9,Card,3,Tuesday,Lunch,None,Carlos
2053,C1019,2025-11-03,Delivery,Food,Grilled Chicken,3,19.41,58.23,Card,N/A,Monday,Dinner,None,does not report
2054,C1019,2025-10-16,Dine-In,Food,Margherita Pizza,3,14.3,42.9,Mobile Payment,11,Thursday,Dinner,None,Carlos
2055,C1019,2025-01-29,Dine-In,Beverage,Cappuccino,3,12.65,37.95,Mobile Payment,1,Wednesday,Breakfast,None,Juan
2056,C1019,2025-03-14,Delivery,Beverage,Mineral Water,2,12.88,25.76,Cash,N/A,Friday,Breakfast,Gluten-free,does not report
2057,C1019,2025-11-23,Delivery,Beverage,Latte,4,14.89,59.56,Cash,N/A,Sunday,Dinner,Less sugar,does not report
2058,C1019,2025-03-28,Dine-In,Beverage,Fresh Orange Juice,3,17.12,51.36,Card,8,Friday,Lunch,Less sugar,Carlos
2059,C1019,2025-08-13,Dine-In,Food,Margherita Pizza,3,16.38,49.14,Mobile Payment,27,Wednesday,Dinner,Extra napkins,Carlos
2060,C1020,2025-03-13,Dine-In,Food,Grilled Chicken,4,12.25,49.0,Cash,25,Thursday,Dinner,Less sugar,Valeria
2061,C1020,2025-11-13,Delivery,Beverage,Mineral Water,4,13.06,52.24,Mobile Payment,N/A,Thursday,Dinner,Gluten-free,does not report
2062,C1020,2025-10-31,Takeaway,Food,Grilled Chicken,4,13.75,55.0,Card,N/A,Friday,Breakfast,None,does not report
2063,C1020,2025-01-18,Dine-In,Food,Caesar Salad,4,17.44,69.76,Card,14,Saturday,Dinner,Extra napkins,Valeria
2064,C1020,2025-09-30,Delivery,Beverage,Mojito,2,17.64,35.28,Mobile Payment,N/A,Tuesday,Breakfast,None,does not report
2065,C1020,2025-04-11,Delivery,Beverage,Mojito,2,12.44,24.88,Mobile Payment,N/A,Friday,Dinner,None,does not report
2066,C1020,2025-07-25,Delivery,Food,Grilled Chicken,4,14.21,56.84,Card,N/A,Friday,Lunch,Gluten-free,does not report
2067,C1020,2025-02-22,Takeaway,Beverage,Iced Tea,2,12.61,25.22,Cash,N/A,Saturday,Dinner,None,does not report
2068,C1020,2025-08-24,Dine-In,Food,Pasta Alfredo,3,12.09,36.27,Mobile Payment,17,Sunday,Breakfast,Less sugar,Miguel
2069,C1020,2025-12-10,Dine-In,Food,Caesar Salad,3,12.54,37.62,Cash,29,Wednesday,Breakfast,None,Carlos
2070,C1020,2025-05-05,Takeaway,Beverage,Iced Tea,4,14.06,56.24,Card,N/A,Monday,Dinner,None,does not report
2071,C1020,2025-06-09,Delivery,Food,Margherita Pizza,2,15.66,31.32,Cash,N/A,Monday,Lunch,None,does not report
2072,C1020,2025-01-12,Delivery,Food,Caesar Salad,2,17.78,35.56,Cash,N/A,Sunday,Dinner,Less sugar,does not report
2073,C1020,2025-01-24,Dine-In,Food,Grilled Chicken,2,12.72,25.44,Mobile Payment,22,Friday,Lunch,Gluten-free,Juan
2074,C1020,2025-09-02,Takeaway,Beverage,Mojito,2,17.24,34.48,Cash,N/A,Tuesday,Lunch,No onions,does not report
2075,C1020,2025-04-22,Dine-In,Beverage,Mineral Water,2,16.04,32.08,Card,13,Tuesday,Lunch,None,Miguel
2076,C1020,2025-07-19,Delivery,Food,Margherita Pizza,2,13.39,26.78,Mobile Payment,N/A,Saturday,Lunch,No onions,does not report
2077,C1020,2025-04-22,Delivery,Beverage,Cappuccino,4,16.65,66.6,Card,N/A,Tuesday,Lunch,None,does not report
2078,C1021,2025-05-25,Dine-In,Food,Margherita Pizza,4,13.78,55.12,Mobile Payment,10,Sunday,Lunch,Gluten-free,Carlos
2079,C1021,2025-06-22,Dine-In,Beverage,Cappuccino,3,16.29,48.87,Mobile Payment,2,Sunday,Dinner,Extra napkins,Ana
2080,C1021,2025-02-21,Delivery,Beverage,Fresh Orange Juice,2,19.52,39.04,Mobile Payment,N/A,Friday,Lunch,Extra napkins,does not report
2081,C1021,2025-07-26,Dine-In,Beverage,Mineral Water,2,16.04,32.08,Mobile Payment,26,Saturday,Breakfast,No onions,Carlos
2082,C1021,2025-08-06,Delivery,Food,Grilled Chicken,2,19.01,38.02,Card,N/A,Wednesday,Breakfast,No onions,does not report
2083,C1021,2025-09-23,Dine-In,Beverage,Fresh Orange Juice,2,12.51,25.02,Card,6,Tuesday,Dinner,None,Carlos
2084,C1021,2025-12-24,Dine-In,Food,Margherita Pizza,4,19.03,76.12,Cash,15,Wednesday,Dinner,None,Valeria
2085,C1021,2025-03-05,Dine-In,Food,Grilled Chicken,4,14.21,56.84,Cash,30,Wednesday,Dinner,None,Carlos
2086,C1021,2025-11-07,Dine-In,Food,Grilled Chicken,3,13.55,40.65,Mobile Payment,16,Friday,Dinner,Less sugar,Carlos
2087,C1021,2025-01-13,Dine-In,Beverage,Cappuccino,3,18.98,56.94,Cash,15,Monday,Dinner,Gluten-free,Ana
2088,C1021,2025-10-09,Delivery,Beverage,Mineral Water,2,18.75,37.5,Card,N/A,Thursday,Dinner,None,does not report
2089,C1021,2025-04-21,Delivery,Beverage,Fresh Orange Juice,2,16.8,33.6,Cash,N/A,Monday,Lunch,None,does not report
2090,C1021,2025-12-05,Dine-In,Beverage,Iced Tea,4,12.45,49.8,Card,17,Friday,Lunch,Less sugar,Valeria
2091,C1021,2025-05-05,Dine-In,Beverage,Mojito,4,12.34,49.36,Card,25,Monday,Dinner,None,Juan
2092,C1021,2025-06-15,Dine-In,Food,Caesar Salad,4,12.54,50.16,Card,20,Sunday,Dinner,Extra napkins,Miguel
2093,C1021,2025-10-14,Delivery,Beverage,Mojito,4,19.74,78.96,Cash,N/A,Tuesday,Dinner,Extra napkins,does not report
2094,C1021,2025-12-26,Dine-In,Beverage,Mineral Water,2,12.41,24.82,Card,11,Friday,Lunch,Extra napkins,Carlos
2095,C1021,2025-03-16,Dine-In,Food,Beef Burger,4,13.99,55.96,Mobile Payment,2,Sunday,Dinner,Less sugar,Juan
2096,C1021,2025-03-05,Dine-In,Food,Pasta Alfredo,2,18.53,37.06,Mobile Payment,7,Wednesday,Breakfast,Gluten-free,Valeria
2097,C1021,2025-08-28,Dine-In,Food,Veggie Sandwich,4,14.27,57.08,Card,2,Thursday,Dinner,None,Juan
2098,C1021,2025-11-29,Delivery,Food,Veggie Sandwich,2,16.52,33.04,Cash,N/A,Saturday,Dinner,None,does not report
2099,C1021,2025-08-04,Dine-In,Beverage,Latte,3,15.42,46.26,Cash,21,Monday,Lunch,Less sugar,Ana
2100,C1021,2025-06-03,Dine-In,Food,Caesar Salad,3,16.35,49.05,Mobile Payment,9,Tuesday,Lunch,Less sugar,Miguel
2101,C1021,2025-07-08,Dine-In,Food,Sushi Roll,4,19.82,79.28,Cash,21,Tuesday,Lunch,None,Valeria
2102,C1021,2025-02-06,Takeaway,Beverage,Mojito,3,17.64,52.92,Card,N/A,Thursday,Dinner,None,does not report
2103,C1021,2025-07-11,Dine-In,Food,Margherita Pizza,4,12.08,48.32,Cash,26,Friday,Dinner,None,Miguel
2104,C1021,2025-04-10,Dine-In,Food,Sushi Roll,4,12.86,51.44,Mobile Payment,30,Thursday,Breakfast,Gluten-free,Valeria
2105,C1021,2025-02-24,Dine-In,Beverage,Cappuccino,3,14.85,44.55,Cash,28,Monday,Dinner,None,Juan
2106,C1021,2025-07-17,Dine-In,Beverage,Iced Tea,3,12.67,38.01,Cash,16,Thursday,Dinner,No onions,Valeria
2107,C1021,2025-12-20,Dine-In,Food,Beef Burger,4,19.93,79.72,Card,18,Saturday,Dinner,Extra napkins,Miguel
2108,C1021,2025-01-12,Dine-In,Food,Pasta Alfredo,4,15.89,63.56,Mobile Payment,9,Sunday,Breakfast,None,Valeria
2109,C1021,2025-05-30,Dine-In,Beverage,Mineral Water,4,18.75,75.0,Card,19,Friday,Dinner,Extra napkins,Valeria
2110,C1021,2025-12-26,Dine-In,Beverage,Latte,3,18.79,56.37,Card,23,Friday,Dinner,No onions,Ana
2111,C1021,2025-09-14,Dine-In,Food,Sushi Roll,3,18.82,56.46,Cash,17,Sunday,Dinner,None,Ana
2112,C1021,2025-05-27,Takeaway,Beverage,Green Smoothie,3,18.3,54.9,Cash,N/A,Tuesday,Lunch,No onions,does not report
2113,C1021,2025-01-06,Delivery,Beverage,Fresh Orange Juice,4,16.95,67.8,Mobile Payment,N/A,Monday,Dinner,Gluten-free,does not report
2114,C1021,2025-02-18,Dine-In,Food,Veggie Sandwich,3,13.37,40.11,Cash,13,Tuesday,Dinner,Extra napkins,Ana
2115,C1021,2025-04-19,Dine-In,Beverage,Iced Tea,3,15.04,45.12,Mobile Payment,11,Saturday,Breakfast,None,Juan
2116,C1022,2025-10-11,Delivery,Food,Caesar Salad,4,12.4,49.6,Card,N/A,Saturday,Dinner,None,does not report
2117,C1022,2025-07-29,Dine-In,Food,Veggie Sandwich,2,12.53,25.06,Card,4,Tuesday,Dinner,None,Valeria
2118,C1022,2025-03-03,Takeaway,Food,Sushi Roll,3,11.82,35.46,Card,N/A,Monday,Lunch,No onions,does not report
2119,C1022,2025-04-25,Dine-In,Food,Veggie Sandwich,4,14.13,56.52,Card,2,Friday,Dinner,None,Valeria
2120,C1022,2025-12-03,Delivery,Food,Beef Burger,3,13.99,41.97,Card,N/A,Wednesday,Lunch,Less sugar,does not report
2121,C1022,2025-08-26,Dine-In,Food,Sushi Roll,4,12.86,51.44,Card,8,Tuesday,Lunch,None,Juan
2122,C1022,2025-02-14,Dine-In,Food,Veggie Sandwich,3,16.52,49.56,Mobile Payment,11,Friday,Dinner,No onions,Ana
2123,C1022,2025-11-16,Dine-In,Beverage,Iced Tea,3,16.8,50.4,Card,12,Sunday,Lunch,None,Ana
2124,C1022,2025-06-26,Dine-In,Food,Caesar Salad,2,11.94,23.88,Mobile Payment,6,Thursday,Dinner,None,Miguel
2125,C1022,2025-05-09,Dine-In,Beverage,Green Smoothie,3,18.54,55.62,Mobile Payment,9,Friday,Breakfast,Extra napkins,Ana
2126,C1022,2025-09-15,Delivery,Food,Sushi Roll,4,13.95,55.8,Card,N/A,Monday,Lunch,None,does not report
2127,C1022,2025-01-18,Dine-In,Beverage,Fresh Orange Juice,2,16.8,33.6,Cash,7,Saturday,Lunch,Extra napkins,Carlos
2128,C1022,2025-02-17,Takeaway,Food,Sushi Roll,4,11.82,47.28,Card,N/A,Monday,Lunch,Gluten-free,does not report
2129,C1022,2025-05-02,Dine-In,Beverage,Mineral Water,3,17.28,51.84,Card,18,Friday,Lunch,None,Ana
2130,C1022,2025-09-17,Takeaway,Beverage,Mojito,4,14.3,57.2,Mobile Payment,N/A,Wednesday,Lunch,None,does not report
2131,C1022,2025-02-06,Delivery,Food,Margherita Pizza,2,18.8,37.6,Card,N/A,Thursday,Breakfast,None,does not report
2132,C1022,2025-11-29,Delivery,Food,Pasta Alfredo,4,15.56,62.24,Card,N/A,Saturday,Breakfast,None,does not report
2133,C1022,2025-12-01,Delivery,Beverage,Iced Tea,3,16.8,50.4,Mobile Payment,N/A,Monday,Dinner,No onions,does not report
2134,C1022,2025-02-19,Delivery,Food,Grilled Chicken,2,19.01,38.02,Mobile Payment,N/A,Wednesday,Breakfast,Less sugar,does not report
2135,C1022,2025-09-11,Dine-In,Beverage,Iced Tea,3,16.66,49.98,Mobile Payment,23,Thursday,Dinner,None,Juan
2136,C1022,2025-04-03,Dine-In,Food,Pasta Alfredo,3,18.53,55.59,Cash,21,Thursday,Dinner,Gluten-free,Carlos
2137,C1023,2025-06-20,Dine-In,Beverage,Mineral Water,4,13.13,52.52,Mobile Payment,23,Friday,Breakfast,Extra napkins,Carlos
2138,C1023,2025-08-14,Delivery,Food,Pasta Alfredo,3,18.49,55.47,Mobile Payment,N/A,Thursday,Dinner,None,does not report
2139,C1023,2025-05-29,Delivery,Beverage,Cappuccino,2,12.65,25.3,Card,N/A,Thursday,Dinner,None,does not report
2140,C1023,2025-12-25,Dine-In,Food,Caesar Salad,2,17.78,35.56,Mobile Payment,9,Thursday,Lunch,Gluten-free,Ana
2141,C1023,2025-07-10,Dine-In,Food,Pasta Alfredo,4,14.11,56.44,Mobile Payment,11,Thursday,Breakfast,None,Miguel
2142,C1023,2025-10-14,Dine-In,Beverage,Latte,3,18.79,56.37,Cash,7,Tuesday,Breakfast,None,Juan
2143,C1023,2025-01-18,Dine-In,Food,Margherita Pizza,4,19.24,76.96,Mobile Payment,7,Saturday,Lunch,None,Miguel
2144,C1023,2025-11-19,Takeaway,Beverage,Mojito,3,15.93,47.79,Cash,N/A,Wednesday,Lunch,Less sugar,does not report
2145,C1023,2025-04-29,Delivery,Beverage,Latte,3,15.21,45.63,Mobile Payment,N/A,Tuesday,Dinner,Extra napkins,does not report
2146,C1023,2025-09-10,Dine-In,Food,Caesar Salad,4,17.39,69.56,Cash,2,Wednesday,Lunch,None,Ana
2147,C1023,2025-02-14,Dine-In,Beverage,Cappuccino,4,19.07,76.28,Mobile Payment,9,Friday,Lunch,None,Miguel
2148,C1023,2025-03-19,Dine-In,Beverage,Latte,2,17.87,35.74,Mobile Payment,29,Wednesday,Dinner,No onions,Ana
2149,C1023,2025-11-15,Dine-In,Beverage,Mojito,2,12.46,24.92,Card,8,Saturday,Dinner,None,Juan
2150,C1023,2025-12-13,Dine-In,Beverage,Fresh Orange Juice,4,13.58,54.32,Cash,12,Saturday,Breakfast,Less sugar,Juan
2151,C1023,2025-04-13,Takeaway,Beverage,Cappuccino,2,16.29,32.58,Mobile Payment,N/A,Sunday,Breakfast,None,does not report
2152,C1023,2025-06-07,Dine-In,Food,Caesar Salad,3,17.78,53.34,Cash,18,Saturday,Dinner,No onions,Juan
2153,C1023,2025-10-06,Dine-In,Food,Caesar Salad,4,16.82,67.28,Mobile Payment,13,Monday,Lunch,Extra napkins,Carlos
2154,C1023,2025-05-18,Takeaway,Food,Veggie Sandwich,3,19.4,58.2,Mobile Payment,N/A,Sunday,Lunch,No onions,does not report
2155,C1023,2025-09-06,Dine-In,Food,Beef Burger,3,19.88,59.64,Cash,18,Saturday,Dinner,None,Juan
2156,C1023,2025-05-06,Dine-In,Food,Sushi Roll,4,18.82,75.28,Card,11,Tuesday,Lunch,Extra napkins,Miguel
2157,C1023,2025-12-21,Delivery,Beverage,Iced Tea,3,12.61,37.83,Mobile Payment,N/A,Sunday,Lunch,None,does not report
2158,C1023,2025-03-19,Takeaway,Beverage,Cappuccino,4,13.3,53.2,Mobile Payment,N/A,Wednesday,Dinner,None,does not report
2159,C1023,2025-02-15,Delivery,Beverage,Cappuccino,4,18.74,74.96,Cash,N/A,Saturday,Lunch,None,does not report
2160,C1023,2025-05-20,Dine-In,Beverage,Green Smoothie,4,18.0,72.0,Mobile Payment,6,Tuesday,Lunch,Extra napkins,Juan
2161,C1023,2025-02-14,Delivery,Beverage,Mojito,4,16.67,66.68,Mobile Payment,N/A,Friday,Dinner,None,does not report
2162,C1023,2025-06-09,Dine-In,Beverage,Mineral Water,4,17.32,69.28,Card,3,Monday,Dinner,None,Juan
2163,C1023,2025-09-16,Takeaway,Food,Pasta Alfredo,3,18.49,55.47,Cash,N/A,Tuesday,Breakfast,Extra napkins,does not report
2164,C1023,2025-07-23,Delivery,Beverage,Green Smoothie,3,19.13,57.39,Mobile Payment,N/A,Wednesday,Lunch,Gluten-free,does not report
2165,C1023,2025-04-06,Delivery,Beverage,Green Smoothie,4,17.26,69.04,Cash,N/A,Sunday,Dinner,None,does not report
2166,C1023,2025-07-14,Delivery,Beverage,Iced Tea,2,15.02,30.04,Cash,N/A,Monday,Dinner,None,does not report
2167,C1023,2025-02-23,Takeaway,Beverage,Green Smoothie,4,13.21,52.84,Cash,N/A,Sunday,Dinner,None,does not report
2168,C1023,2025-08-08,Delivery,Beverage,Fresh Orange Juice,4,17.79,71.16,Card,N/A,Friday,Dinner,None,does not report
2169,C1023,2025-05-22,Takeaway,Food,Grilled Chicken,4,12.64,50.56,Cash,N/A,Thursday,Lunch,None,does not report
2170,C1023,2025-10-14,Dine-In,Beverage,Green Smoothie,2,18.21,36.42,Cash,3,Tuesday,Breakfast,None,Ana
2171,C1023,2025-04-17,Delivery,Food,Margherita Pizza,2,13.39,26.78,Mobile Payment,N/A,Thursday,Dinner,Gluten-free,does not report
2172,C1024,2025-11-01,Takeaway,Food,Pasta Alfredo,2,18.49,36.98,Cash,N/A,Saturday,Dinner,No onions,does not report
2173,C1024,2025-06-07,Delivery,Food,Pasta Alfredo,4,14.9,59.6,Card,N/A,Saturday,Lunch,Gluten-free,does not report
2174,C1024,2025-04-06,Takeaway,Food,Sushi Roll,4,15.62,62.48,Mobile Payment,N/A,Sunday,Dinner,Gluten-free,does not report
2175,C1024,2025-05-29,Dine-In,Beverage,Cappuccino,2,13.46,26.92,Mobile Payment,10,Thursday,Dinner,No onions,Miguel
2176,C1024,2025-12-12,Takeaway,Food,Grilled Chicken,2,13.2,26.4,Cash,N/A,Friday,Breakfast,None,does not report
2177,C1024,2025-02-23,Dine-In,Beverage,Cappuccino,4,13.51,54.04,Cash,24,Sunday,Lunch,Less sugar,Valeria
2178,C1024,2025-08-24,Takeaway,Beverage,Fresh Orange Juice,2,11.87,23.74,Mobile Payment,N/A,Sunday,Dinner,None,does not report
2179,C1024,2025-07-05,Delivery,Food,Pasta Alfredo,2,18.49,36.98,Mobile Payment,N/A,Saturday,Dinner,None,does not report
2180,C1024,2025-03-14,Dine-In,Food,Sushi Roll,2,13.95,27.9,Cash,17,Friday,Lunch,None,Carlos
2181,C1024,2025-09-12,Delivery,Beverage,Cappuccino,4,13.68,54.72,Cash,N/A,Friday,Dinner,Extra napkins,does not report
2182,C1024,2025-01-02,Takeaway,Beverage,Mojito,2,12.44,24.88,Cash,N/A,Thursday,Dinner,None,does not report
2183,C1024,2025-10-30,Dine-In,Beverage,Green Smoothie,4,18.0,72.0,Mobile Payment,18,Thursday,Lunch,Extra napkins,Carlos
2184,C1024,2025-05-16,Takeaway,Beverage,Latte,4,16.97,67.88,Cash,N/A,Friday,Breakfast,None,does not report
2185,C1024,2025-01-26,Dine-In,Beverage,Green Smoothie,3,17.26,51.78,Cash,10,Sunday,Breakfast,None,Juan
2186,C1024,2025-08-18,Dine-In,Food,Sushi Roll,2,13.55,27.1,Cash,13,Monday,Lunch,None,Valeria
2187,C1024,2025-04-06,Dine-In,Beverage,Mineral Water,3,16.04,48.12,Cash,7,Sunday,Breakfast,None,Juan
2188,C1024,2025-06-01,Takeaway,Food,Sushi Roll,4,13.2,52.8,Card,N/A,Sunday,Dinner,Gluten-free,does not report
2189,C1024,2025-06-05,Dine-In,Food,Caesar Salad,3,15.08,45.24,Card,3,Thursday,Breakfast,Less sugar,Valeria
2190,C1024,2025-05-25,Dine-In,Beverage,Mojito,2,14.35,28.7,Cash,29,Sunday,Dinner,Extra napkins,Miguel
2191,C1024,2025-12-04,Takeaway,Beverage,Iced Tea,4,12.45,49.8,Card,N/A,Thursday,Lunch,None,does not report
2192,C1024,2025-08-18,Delivery,Food,Beef Burger,3,12.77,38.31,Cash,N/A,Monday,Dinner,Gluten-free,does not report
2193,C1024,2025-06-30,Takeaway,Food,Grilled Chicken,2,17.76,35.52,Cash,N/A,Monday,Breakfast,None,does not report
2194,C1024,2025-06-05,Takeaway,Food,Margherita Pizza,4,15.66,62.64,Card,N/A,Thursday,Breakfast,None,does not report
2195,C1025,2025-06-14,Takeaway,Food,Margherita Pizza,4,19.53,78.12,Card,N/A,Saturday,Lunch,None,does not report
2196,C1025,2025-05-08,Dine-In,Beverage,Mineral Water,4,17.32,69.28,Cash,15,Thursday,Breakfast,None,Carlos
2197,C1025,2025-09-10,Takeaway,Food,Grilled Chicken,2,13.55,27.1,Mobile Payment,N/A,Wednesday,Dinner,Extra napkins,does not report
2198,C1025,2025-01-16,Dine-In,Food,Veggie Sandwich,3,19.4,58.2,Card,10,Thursday,Dinner,Extra napkins,Miguel
2199,C1025,2025-11-23,Dine-In,Food,Grilled Chicken,2,15.3,30.6,Mobile Payment,11,Sunday,Dinner,Less sugar,Carlos
2200,C1025,2025-03-07,Delivery,Food,Grilled Chicken,3,17.08,51.24,Cash,N/A,Friday,Lunch,None,does not report
2201,C1025,2025-08-16,Delivery,Beverage,Fresh Orange Juice,4,17.17,68.68,Cash,N/A,Saturday,Dinner,None,does not report
2202,C1025,2025-04-09,Dine-In,Food,Pasta Alfredo,4,17.12,68.48,Card,25,Wednesday,Dinner,No onions,Ana
2203,C1025,2025-12-04,Takeaway,Food,Margherita Pizza,3,13.39,40.17,Card,N/A,Thursday,Dinner,None,does not report
2204,C1025,2025-10-10,Dine-In,Food,Pasta Alfredo,2,14.52,29.04,Cash,10,Friday,Breakfast,None,Carlos
2205,C1025,2025-02-25,Delivery,Food,Grilled Chicken,2,13.75,27.5,Card,N/A,Tuesday,Dinner,None,does not report
2206,C1025,2025-07-13,Delivery,Food,Veggie Sandwich,3,13.51,40.53,Card,N/A,Sunday,Lunch,None,does not report
2207,C1025,2025-12-13,Delivery,Food,Grilled Chicken,3,19.41,58.23,Mobile Payment,N/A,Saturday,Lunch,None,does not report
2208,C1025,2025-10-22,Dine-In,Food,Caesar Salad,2,17.39,34.78,Mobile Payment,9,Wednesday,Breakfast,None,Ana
2209,C1025,2025-12-13,Dine-In,Beverage,Fresh Orange Juice,2,17.79,35.58,Cash,14,Saturday,Breakfast,None,Ana
2210,C1025,2025-05-22,Takeaway,Food,Grilled Chicken,2,15.37,30.74,Mobile Payment,N/A,Thursday,Breakfast,None,does not report
2211,C1025,2025-02-06,Takeaway,Beverage,Mineral Water,3,14.04,42.12,Cash,N/A,Thursday,Dinner,None,does not report
2212,C1026,2025-01-21,Takeaway,Beverage,Mojito,3,17.24,51.72,Cash,N/A,Tuesday,Dinner,None,does not report
2213,C1026,2025-02-10,Dine-In,Beverage,Mojito,3,15.75,47.25,Card,4,Monday,Lunch,Gluten-free,Valeria
2214,C1026,2025-08-01,Dine-In,Food,Beef Burger,4,19.88,79.52,Card,19,Friday,Dinner,None,Juan
2215,C1026,2025-04-25,Takeaway,Beverage,Mojito,3,15.75,47.25,Cash,N/A,Friday,Lunch,None,does not report
2216,C1026,2025-06-23,Takeaway,Beverage,Mojito,3,12.44,37.32,Card,N/A,Monday,Lunch,None,does not report
2217,C1026,2025-05-02,Takeaway,Food,Pasta Alfredo,3,13.25,39.75,Mobile Payment,N/A,Friday,Dinner,Extra napkins,does not report
2218,C1026,2025-12-29,Dine-In,Food,Caesar Salad,2,17.39,34.78,Mobile Payment,25,Monday,Breakfast,None,Miguel
2219,C1026,2025-11-18,Delivery,Beverage,Fresh Orange Juice,3,15.12,45.36,Card,N/A,Tuesday,Dinner,None,does not report
2220,C1026,2025-09-14,Delivery,Beverage,Fresh Orange Juice,4,13.62,54.48,Mobile Payment,N/A,Sunday,Lunch,Less sugar,does not report
2221,C1026,2025-07-17,Dine-In,Beverage,Iced Tea,3,19.82,59.46,Card,6,Thursday,Breakfast,Gluten-free,Miguel
2222,C1026,2025-03-30,Delivery,Beverage,Latte,3,13.8,41.4,Cash,N/A,Sunday,Lunch,None,does not report
2223,C1026,2025-10-16,Takeaway,Food,Grilled Chicken,3,12.72,38.16,Mobile Payment,N/A,Thursday,Dinner,Gluten-free,does not report
2224,C1026,2025-12-02,Delivery,Beverage,Green Smoothie,4,11.89,47.56,Cash,N/A,Tuesday,Breakfast,No onions,does not report
2225,C1026,2025-06-27,Dine-In,Beverage,Fresh Orange Juice,4,16.8,67.2,Cash,2,Friday,Lunch,Less sugar,Carlos
2226,C1027,2025-07-14,Dine-In,Beverage,Mineral Water,3,18.97,56.91,Cash,22,Monday,Dinner,Gluten-free,Carlos
2227,C1027,2025-11-07,Delivery,Beverage,Iced Tea,4,16.16,64.64,Cash,N/A,Friday,Dinner,No onions,does not report
2228,C1027,2025-12-13,Delivery,Food,Caesar Salad,3,19.77,59.31,Card,N/A,Saturday,Dinner,Extra napkins,does not report
2229,C1027,2025-04-18,Dine-In,Beverage,Cappuccino,2,12.04,24.08,Card,7,Friday,Dinner,Less sugar,Valeria
2230,C1027,2025-05-27,Takeaway,Beverage,Fresh Orange Juice,2,13.62,27.24,Mobile Payment,N/A,Tuesday,Dinner,None,does not report
2231,C1027,2025-06-17,Dine-In,Beverage,Mojito,2,15.75,31.5,Cash,16,Tuesday,Dinner,No onions,Valeria
2232,C1027,2025-02-19,Delivery,Beverage,Fresh Orange Juice,2,15.12,30.24,Cash,N/A,Wednesday,Lunch,None,does not report
2233,C1027,2025-10-10,Dine-In,Beverage,Cappuccino,3,13.93,41.79,Card,18,Friday,Breakfast,Gluten-free,Ana
2234,C1027,2025-08-04,Takeaway,Beverage,Iced Tea,2,16.16,32.32,Cash,N/A,Monday,Lunch,None,does not report
2235,C1027,2025-03-21,Dine-In,Food,Pasta Alfredo,4,12.09,48.36,Mobile Payment,7,Friday,Dinner,None,Valeria
2236,C1027,2025-09-16,Takeaway,Beverage,Cappuccino,3,12.04,36.12,Card,N/A,Tuesday,Dinner,None,does not report
2237,C1027,2025-01-25,Dine-In,Food,Margherita Pizza,3,14.3,42.9,Mobile Payment,10,Saturday,Dinner,None,Ana
2238,C1027,2025-06-16,Delivery,Beverage,Latte,3,18.79,56.37,Cash,N/A,Monday,Dinner,Extra napkins,does not report
2239,C1027,2025-12-26,Delivery,Beverage,Cappuccino,2,16.76,33.52,Card,N/A,Friday,Dinner,Gluten-free,does not report
2240,C1027,2025-04-05,Takeaway,Beverage,Latte,4,18.9,75.6,Card,N/A,Saturday,Lunch,Less sugar,does not report
2241,C1027,2025-07-24,Delivery,Beverage,Mineral Water,3,13.96,41.88,Mobile Payment,N/A,Thursday,Dinner,Extra napkins,does not report
2242,C1027,2025-07-28,Delivery,Beverage,Fresh Orange Juice,2,16.79,33.58,Mobile Payment,N/A,Monday,Dinner,None,does not report
2243,C1028,2025-07-24,Dine-In,Food,Sushi Roll,2,12.86,25.72,Card,27,Thursday,Dinner,No onions,Miguel
2244,C1028,2025-04-07,Dine-In,Beverage,Latte,2,18.13,36.26,Cash,30,Monday,Lunch,No onions,Ana
2245,C1028,2025-05-20,Dine-In,Food,Pasta Alfredo,4,18.49,73.96,Mobile Payment,19,Tuesday,Dinner,None,Ana
2246,C1028,2025-11-23,Dine-In,Beverage,Cappuccino,3,18.98,56.94,Cash,28,Sunday,Dinner,Gluten-free,Valeria
2247,C1028,2025-06-18,Dine-In,Beverage,Mineral Water,2,17.28,34.56,Cash,17,Wednesday,Breakfast,Extra napkins,Miguel
2248,C1028,2025-09-12,Takeaway,Food,Grilled Chicken,4,13.55,54.2,Card,N/A,Friday,Lunch,None,does not report
2249,C1028,2025-12-01,Delivery,Food,Margherita Pizza,2,14.72,29.44,Cash,N/A,Monday,Breakfast,No onions,does not report
2250,C1028,2025-01-02,Delivery,Beverage,Latte,2,18.13,36.26,Mobile Payment,N/A,Thursday,Breakfast,Gluten-free,does not report
2251,C1028,2025-10-20,Delivery,Beverage,Cappuccino,3,13.93,41.79,Cash,N/A,Monday,Lunch,Extra napkins,does not report
2252,C1028,2025-02-14,Takeaway,Beverage,Latte,3,15.21,45.63,Cash,N/A,Friday,Lunch,Less sugar,does not report
2253,C1028,2025-03-20,Dine-In,Food,Pasta Alfredo,3,15.71,47.13,Cash,19,Thursday,Breakfast,Less sugar,Valeria
2254,C1028,2025-08-03,Delivery,Food,Margherita Pizza,2,19.24,38.48,Card,N/A,Sunday,Breakfast,Extra napkins,does not report
2255,C1028,2025-06-18,Delivery,Food,Sushi Roll,2,13.2,26.4,Mobile Payment,N/A,Wednesday,Dinner,No onions,does not report
2256,C1028,2025-05-13,Dine-In,Beverage,Iced Tea,2,19.74,39.48,Card,7,Tuesday,Lunch,None,Juan
2257,C1028,2025-08-24,Dine-In,Beverage,Fresh Orange Juice,4,17.42,69.68,Card,4,Sunday,Dinner,None,Valeria
2258,C1028,2025-09-02,Dine-In,Beverage,Fresh Orange Juice,2,16.8,33.6,Mobile Payment,26,Tuesday,Breakfast,None,Miguel
2259,C1028,2025-03-11,Dine-In,Beverage,Cappuccino,3,13.46,40.38,Card,22,Tuesday,Dinner,None,Ana
2260,C1028,2025-11-06,Dine-In,Beverage,Latte,3,15.54,46.62,Card,19,Thursday,Dinner,Gluten-free,Juan
2261,C1029,2025-11-24,Dine-In,Food,Beef Burger,4,19.93,79.72,Card,11,Monday,Dinner,Less sugar,Juan
2262,C1029,2025-10-21,Dine-In,Beverage,Green Smoothie,4,19.95,79.8,Card,21,Tuesday,Dinner,None,Juan
2263,C1029,2025-05-25,Delivery,Food,Veggie Sandwich,2,19.87,39.74,Card,N/A,Sunday,Lunch,Less sugar,does not report
2264,C1029,2025-12-04,Dine-In,Beverage,Green Smoothie,3,17.26,51.78,Mobile Payment,11,Thursday,Breakfast,None,Miguel
2265,C1029,2025-09-06,Dine-In,Food,Sushi Roll,2,13.95,27.9,Card,23,Saturday,Dinner,No onions,Valeria
2266,C1029,2025-04-25,Takeaway,Beverage,Cappuccino,4,19.33,77.32,Card,N/A,Friday,Dinner,Extra napkins,does not report
2267,C1029,2025-08-26,Delivery,Beverage,Cappuccino,2,17.14,34.28,Cash,N/A,Tuesday,Lunch,Gluten-free,does not report
2268,C1029,2025-07-23,Dine-In,Beverage,Cappuccino,3,13.3,39.9,Mobile Payment,11,Wednesday,Dinner,No onions,Miguel
2269,C1029,2025-06-09,Takeaway,Beverage,Fresh Orange Juice,2,11.87,23.74,Mobile Payment,N/A,Monday,Breakfast,Gluten-free,does not report
2270,C1029,2025-01-18,Takeaway,Beverage,Latte,4,16.97,67.88,Mobile Payment,N/A,Saturday,Dinner,Gluten-free,does not report
2271,C1029,2025-02-02,Delivery,Food,Sushi Roll,4,19.82,79.28,Card,N/A,Sunday,Lunch,No onions,does not report
2272,C1029,2025-03-05,Dine-In,Food,Grilled Chicken,4,13.2,52.8,Card,7,Wednesday,Dinner,Extra napkins,Carlos
2273,C1029,2025-04-16,Dine-In,Beverage,Mojito,2,15.93,31.86,Card,22,Wednesday,Lunch,None,Valeria
2274,C1029,2025-02-24,Dine-In,Food,Pasta Alfredo,2,13.25,26.5,Cash,2,Monday,Dinner,Less sugar,Carlos
2275,C1029,2025-09-07,Takeaway,Beverage,Iced Tea,4,12.61,50.44,Card,N/A,Sunday,Dinner,None,does not report
2276,C1029,2025-07-30,Takeaway,Beverage,Green Smoothie,2,18.21,36.42,Card,N/A,Wednesday,Dinner,None,does not report
2277,C1029,2025-02-24,Takeaway,Beverage,Cappuccino,2,17.14,34.28,Card,N/A,Monday,Lunch,Less sugar,does not report
2278,C1030,2025-11-14,Dine-In,Food,Pasta Alfredo,3,17.12,51.36,Card,1,Friday,Breakfast,None,Juan
2279,C1030,2025-08-07,Dine-In,Beverage,Cappuccino,2,16.17,32.34,Mobile Payment,27,Thursday,Breakfast,None,Juan
2280,C1030,2025-09-28,Delivery,Food,Margherita Pizza,4,17.95,71.8,Cash,N/A,Sunday,Dinner,None,does not report
2281,C1030,2025-07-27,Takeaway,Beverage,Cappuccino,4,13.68,54.72,Cash,N/A,Sunday,Dinner,None,does not report
2282,C1030,2025-01-24,Dine-In,Beverage,Green Smoothie,3,13.81,41.43,Cash,20,Friday,Lunch,None,Valeria
2283,C1030,2025-04-17,Delivery,Food,Caesar Salad,4,16.35,65.4,Cash,N/A,Thursday,Breakfast,None,does not report
2284,C1030,2025-03-24,Dine-In,Food,Margherita Pizza,2,17.4,34.8,Cash,14,Monday,Breakfast,None,Ana
2285,C1030,2025-05-16,Dine-In,Food,Grilled Chicken,4,12.25,49.0,Card,30,Friday,Dinner,Extra napkins,Valeria
2286,C1030,2025-12-20,Dine-In,Food,Pasta Alfredo,3,14.52,43.56,Mobile Payment,8,Saturday,Lunch,None,Carlos
2287,C1030,2025-06-27,Takeaway,Food,Veggie Sandwich,3,13.37,40.11,Card,N/A,Friday,Dinner,Less sugar,does not report
2288,C1030,2025-02-06,Delivery,Beverage,Mojito,4,17.63,70.52,Card,N/A,Thursday,Dinner,Extra napkins,does not report
2289,C1030,2025-10-13,Dine-In,Beverage,Fresh Orange Juice,4,16.95,67.8,Cash,4,Monday,Dinner,None,Valeria
2290,C1030,2025-07-07,Delivery,Food,Veggie Sandwich,3,14.27,42.81,Card,N/A,Monday,Breakfast,None,does not report
2291,C1030,2025-06-02,Takeaway,Food,Caesar Salad,3,15.92,47.76,Mobile Payment,N/A,Monday,Breakfast,None,does not report
2292,C1030,2025-07-14,Delivery,Food,Grilled Chicken,2,15.42,30.84,Cash,N/A,Monday,Breakfast,None,does not report
2293,C1030,2025-07-09,Dine-In,Beverage,Latte,2,14.89,29.78,Mobile Payment,28,Wednesday,Lunch,None,Miguel
2294,C1030,2025-05-11,Delivery,Beverage,Cappuccino,2,17.14,34.28,Cash,N/A,Sunday,Lunch,Extra napkins,does not report
2295,C1030,2025-10-21,Delivery,Food,Grilled Chicken,3,13.75,41.25,Cash,N/A,Tuesday,Breakfast,Gluten-free,does not report
2296,C1030,2025-10-30,Delivery,Beverage,Mineral Water,4,16.04,64.16,Cash,N/A,Thursday,Dinner,No onions,does not report
2297,C1030,2025-09-05,Delivery,Beverage,Latte,3,13.8,41.4,Card,N/A,Friday,Dinner,None,does not report
2298,C1030,2025-02-02,Delivery,Beverage,Mineral Water,2,17.06,34.12,Cash,N/A,Sunday,Lunch,None,does not report
2299,C1030,2025-08-20,Takeaway,Beverage,Fresh Orange Juice,3,16.8,50.4,Mobile Payment,N/A,Wednesday,Lunch,Less sugar,does not report
2300,C1030,2025-12-06,Delivery,Food,Grilled Chicken,3,12.79,38.37,Mobile Payment,N/A,Saturday,Lunch,Extra napkins,does not report
2301,C1030,2025-12-28,Delivery,Beverage,Green Smoothie,3,13.21,39.63,Mobile Payment,N/A,Sunday,Dinner,Gluten-free,does not report
2302,C1030,2025-12-07,Dine-In,Beverage,Mineral Water,2,13.96,27.92,Mobile Payment,23,Sunday,Dinner,None,Ana
2303,C1030,2025-07-14,Dine-In,Beverage,Iced Tea,2,12.94,25.88,Card,19,Monday,Lunch,Gluten-free,Miguel
2304,C1030,2025-10-19,Delivery,Food,Veggie Sandwich,4,14.91,59.64,Mobile Payment,N/A,Sunday,Dinner,Gluten-free,does not report
2305,C067,2025-10-18,Delivery,Beverage,Fresh Orange Juice,2,16.95,33.9,Cash,N/A,Saturday,Lunch,None,does not report
2306,C067,2025-07-10,Dine-In,Beverage,Mineral Water,4,15.73,62.92,Card,17,Thursday,Dinner,Gluten-free,Carlos
2307,C067,2025-01-24,Delivery,Food,Pasta Alfredo,2,15.89,31.78,Cash,N/A,Friday,Dinner,Extra napkins,does not report
2308,C067,2025-06-24,Delivery,Beverage,Latte,4,17.87,71.48,Mobile Payment,N/A,Tuesday,Dinner,None,does not report
2309,C067,2025-08-25,Delivery,Beverage,Cappuccino,3,16.79,50.37,Cash,N/A,Monday,Dinner,None,does not report
2310,C067,2025-12-18,Dine-In,Food,Pasta Alfredo,2,12.09,24.18,Card,20,Thursday,Dinner,None,Miguel
2311,C067,2025-03-27,Dine-In,Beverage,Latte,2,15.54,31.08,Mobile Payment,30,Thursday,Lunch,Less sugar,Miguel
2312,C067,2025-02-03,Dine-In,Beverage,Mineral Water,3,15.73,47.19,Card,7,Monday,Dinner,Extra napkins,Carlos
2313,C067,2025-09-20,Dine-In,Food,Veggie Sandwich,3,15.03,45.09,Card,8,Saturday,Breakfast,Extra napkins,Juan
2314,C067,2025-11-16,Dine-In,Beverage,Mojito,3,14.09,42.27,Mobile Payment,5,Sunday,Dinner,Extra napkins,Valeria
2315,C067,2025-05-30,Dine-In,Food,Margherita Pizza,3,15.66,46.98,Mobile Payment,14,Friday,Lunch,None,Juan
2316,C067,2025-09-01,Takeaway,Beverage,Iced Tea,4,12.94,51.76,Mobile Payment,N/A,Monday,Dinner,Extra napkins,does not report
2317,C067,2025-01-19,Dine-In,Beverage,Cappuccino,4,16.76,67.04,Cash,28,Sunday,Breakfast,Extra napkins,Carlos
2318,C067,2025-07-27,Dine-In,Beverage,Mojito,2,19.74,39.48,Cash,8,Sunday,Dinner,Less sugar,Miguel
2319,C067,2025-06-21,Takeaway,Beverage,Cappuccino,2,15.5,31.0,Cash,N/A,Saturday,Dinner,Less sugar,does not report
2320,C067,2025-10-13,Delivery,Beverage,Cappuccino,4,13.93,55.72,Card,N/A,Monday,Dinner,None,does not report
2321,C067,2025-09-27,Takeaway,Beverage,Mineral Water,3,12.88,38.64,Mobile Payment,N/A,Saturday,Lunch,None,does not report
2322,C068,2025-04-03,Delivery,Food,Sushi Roll,2,12.26,24.52,Mobile Payment,N/A,Thursday,Breakfast,None,does not report
2323,C068,2025-08-05,Delivery,Beverage,Cappuccino,3,16.29,48.87,Mobile Payment,N/A,Tuesday,Lunch,Gluten-free,does not report
2324,C068,2025-05-01,Dine-In,Beverage,Iced Tea,2,17.64,35.28,Mobile Payment,2,Thursday,Lunch,No onions,Juan
2325,C068,2025-11-30,Delivery,Food,Pasta Alfredo,2,15.56,31.12,Card,N/A,Sunday,Dinner,None,does not report
2326,C068,2025-12-31,Dine-In,Food,Sushi Roll,4,13.95,55.8,Cash,25,Wednesday,Dinner,None,Juan
2327,C068,2025-07-14,Delivery,Beverage,Mojito,4,14.14,56.56,Mobile Payment,N/A,Monday,Dinner,None,does not report
2328,C068,2025-01-14,Dine-In,Beverage,Iced Tea,4,17.44,69.76,Card,13,Tuesday,Breakfast,Extra napkins,Ana
2329,C068,2025-09-05,Dine-In,Beverage,Iced Tea,2,18.58,37.16,Mobile Payment,30,Friday,Dinner,Gluten-free,Juan
2330,C068,2025-10-28,Dine-In,Food,Veggie Sandwich,3,14.27,42.81,Cash,10,Tuesday,Dinner,Extra napkins,Valeria
2331,C068,2025-02-05,Dine-In,Beverage,Iced Tea,4,17.07,68.28,Cash,16,Wednesday,Lunch,Extra napkins,Ana
2332,C068,2025-06-13,Dine-In,Beverage,Mojito,2,15.65,31.3,Cash,18,Friday,Lunch,None,Carlos
2333,C068,2025-03-22,Delivery,Food,Caesar Salad,2,17.39,34.78,Mobile Payment,N/A,Saturday,Dinner,None,does not report
2334,C068,2025-07-02,Delivery,Beverage,Iced Tea,2,16.66,33.32,Cash,N/A,Wednesday,Lunch,None,does not report
2335,C068,2025-07-02,Dine-In,Beverage,Mojito,2,16.37,32.74,Mobile Payment,18,Wednesday,Dinner,None,Juan
2336,C068,2025-03-06,Delivery,Food,Margherita Pizza,2,19.53,39.06,Cash,N/A,Thursday,Breakfast,None,does not report
2337,C068,2025-04-26,Delivery,Food,Margherita Pizza,3,13.39,40.17,Mobile Payment,N/A,Saturday,Breakfast,Extra napkins,does not report
2338,C068,2025-01-25,Delivery,Food,Sushi Roll,3,19.42,58.26,Mobile Payment,N/A,Saturday,Breakfast,None,does not report
2339,C068,2025-10-26,Delivery,Food,Grilled Chicken,4,15.37,61.48,Mobile Payment,N/A,Sunday,Lunch,None,does not report
2340,C068,2025-12-31,Takeaway,Food,Margherita Pizza,2,12.33,24.66,Mobile Payment,N/A,Wednesday,Dinner,No onions,does not report
2341,C068,2025-02-03,Delivery,Beverage,Fresh Orange Juice,4,16.79,67.16,Card,N/A,Monday,Dinner,None,does not report
2342,C068,2025-06-27,Takeaway,Food,Margherita Pizza,3,12.33,36.99,Card,N/A,Friday,Dinner,None,does not report
2343,C068,2025-01-23,Dine-In,Beverage,Mojito,3,12.34,37.02,Cash,13,Thursday,Lunch,None,Juan
2344,C068,2025-09-20,Delivery,Food,Margherita Pizza,3,13.78,41.34,Cash,N/A,Saturday,Lunch,None,does not report
2345,C068,2025-06-03,Takeaway,Food,Veggie Sandwich,2,13.51,27.02,Mobile Payment,N/A,Tuesday,Breakfast,None,does not report
2346,C068,2025-05-27,Takeaway,Beverage,Iced Tea,2,14.06,28.12,Cash,N/A,Tuesday,Lunch,Gluten-free,does not report
2347,C068,2025-02-23,Takeaway,Beverage,Mojito,4,14.35,57.4,Card,N/A,Sunday,Dinner,None,does not report
2348,C068,2025-10-25,Delivery,Beverage,Iced Tea,4,17.7,70.8,Card,N/A,Saturday,Lunch,Less sugar,does not report
2349,C068,2025-08-09,Takeaway,Beverage,Latte,2,18.9,37.8,Cash,N/A,Saturday,Lunch,None,does not report
2350,C068,2025-04-13,Dine-In,Food,Veggie Sandwich,3,15.03,45.09,Mobile Payment,2,Sunday,Dinner,No onions,Miguel
2351,C068,2025-10-13,Dine-In,Food,Caesar Salad,2,19.77,39.54,Cash,4,Monday,Breakfast,Gluten-free,Miguel
2352,C069,2025-08-07,Dine-In,Beverage,Mineral Water,3,17.32,51.96,Mobile Payment,30,Thursday,Lunch,None,Valeria
2353,C069,2025-09-30,Dine-In,Beverage,Fresh Orange Juice,4,16.8,67.2,Mobile Payment,13,Tuesday,Dinner,None,Ana
2354,C069,2025-03-03,Delivery,Beverage,Latte,3,16.14,48.42,Cash,N/A,Monday,Dinner,None,does not report
2355,C069,2025-06-24,Takeaway,Beverage,Latte,2,14.89,29.78,Cash,N/A,Tuesday,Lunch,None,does not report
2356,C069,2025-02-14,Takeaway,Food,Veggie Sandwich,3,14.91,44.73,Mobile Payment,N/A,Friday,Breakfast,No onions,does not report
2357,C069,2025-07-05,Dine-In,Food,Grilled Chicken,2,12.25,24.5,Cash,3,Saturday,Lunch,None,Valeria
2358,C069,2025-10-05,Dine-In,Beverage,Iced Tea,2,19.82,39.64,Cash,10,Sunday,Dinner,Less sugar,Miguel
2359,C069,2025-11-07,Dine-In,Beverage,Iced Tea,3,19.82,59.46,Cash,7,Friday,Lunch,None,Carlos
2360,C069,2025-04-03,Dine-In,Beverage,Iced Tea,2,17.43,34.86,Cash,24,Thursday,Dinner,Less sugar,Miguel
2361,C069,2025-05-12,Dine-In,Food,Pasta Alfredo,3,15.71,47.13,Card,5,Monday,Dinner,Gluten-free,Carlos
2362,C069,2025-01-26,Takeaway,Beverage,Latte,3,14.89,44.67,Card,N/A,Sunday,Lunch,Gluten-free,does not report
2363,C069,2025-06-02,Dine-In,Food,Grilled Chicken,2,12.66,25.32,Cash,9,Monday,Breakfast,None,Valeria
2364,C069,2025-05-01,Takeaway,Beverage,Fresh Orange Juice,3,11.87,35.61,Card,N/A,Thursday,Lunch,None,does not report
2365,C069,2025-11-09,Dine-In,Food,Grilled Chicken,2,12.79,25.58,Cash,4,Sunday,Dinner,Less sugar,Miguel
2366,C069,2025-12-25,Takeaway,Beverage,Cappuccino,3,12.6,37.8,Mobile Payment,N/A,Thursday,Breakfast,Extra napkins,does not report
2367,C069,2025-11-16,Takeaway,Beverage,Iced Tea,3,12.86,38.58,Cash,N/A,Sunday,Dinner,None,does not report
2368,C069,2025-03-25,Delivery,Food,Pasta Alfredo,4,18.49,73.96,Card,N/A,Tuesday,Dinner,Gluten-free,does not report
2369,C069,2025-08-26,Dine-In,Food,Sushi Roll,4,13.03,52.12,Cash,19,Tuesday,Lunch,None,Miguel
2370,C069,2025-08-19,Dine-In,Beverage,Iced Tea,2,16.8,33.6,Mobile Payment,24,Tuesday,Dinner,No onions,Valeria
2371,C069,2025-06-21,Dine-In,Food,Margherita Pizza,3,19.24,57.72,Mobile Payment,7,Saturday,Dinner,None,Miguel
2372,C069,2025-02-13,Dine-In,Food,Veggie Sandwich,2,13.32,26.64,Cash,27,Thursday,Dinner,Gluten-free,Carlos
2373,C069,2025-05-26,Dine-In,Food,Sushi Roll,4,12.86,51.44,Cash,22,Monday,Lunch,Less sugar,Valeria
2374,C069,2025-05-26,Dine-In,Beverage,Iced Tea,3,16.68,50.04,Mobile Payment,23,Monday,Breakfast,None,Juan
2375,C069,2025-07-30,Takeaway,Beverage,Mineral Water,3,12.41,37.23,Card,N/A,Wednesday,Dinner,No onions,does not report
2376,C071,2025-05-10,Dine-In,Beverage,Mineral Water,2,13.13,26.26,Card,28,Saturday,Dinner,Gluten-free,Juan
2377,C071,2025-03-13,Dine-In,Food,Beef Burger,4,12.77,51.08,Cash,1,Thursday,Lunch,None,Carlos
2378,C071,2025-08-27,Delivery,Food,Veggie Sandwich,4,15.73,62.92,Cash,N/A,Wednesday,Dinner,None,does not report
2379,C071,2025-04-22,Dine-In,Beverage,Mojito,2,15.77,31.54,Card,26,Tuesday,Breakfast,No onions,Juan
2380,C071,2025-06-28,Delivery,Beverage,Mojito,4,12.46,49.84,Cash,N/A,Saturday,Lunch,None,does not report
2381,C071,2025-07-30,Takeaway,Beverage,Mojito,2,12.44,24.88,Mobile Payment,N/A,Wednesday,Dinner,Less sugar,does not report
2382,C071,2025-10-04,Dine-In,Beverage,Mojito,4,19.74,78.96,Card,8,Saturday,Dinner,Extra napkins,Ana
2383,C071,2025-12-17,Delivery,Beverage,Iced Tea,3,14.06,42.18,Cash,N/A,Wednesday,Lunch,Extra napkins,does not report
2384,C071,2025-01-23,Dine-In,Beverage,Iced Tea,2,12.45,24.9,Card,3,Thursday,Dinner,No onions,Valeria
2385,C071,2025-09-21,Dine-In,Beverage,Green Smoothie,4,19.13,76.52,Card,8,Sunday,Dinner,Extra napkins,Ana
2386,C071,2025-02-26,Dine-In,Food,Pasta Alfredo,3,14.3,42.9,Mobile Payment,18,Wednesday,Dinner,Extra napkins,Ana
2387,C071,2025-12-01,Delivery,Food,Pasta Alfredo,4,15.89,63.56,Cash,N/A,Monday,Dinner,None,does not report
2388,C071,2025-10-29,Dine-In,Beverage,Iced Tea,4,14.0,56.0,Mobile Payment,27,Wednesday,Breakfast,None,Juan
2389,C071,2025-01-28,Delivery,Food,Caesar Salad,2,19.32,38.64,Mobile Payment,N/A,Tuesday,Breakfast,None,does not report
2390,C071,2025-10-12,Dine-In,Beverage,Cappuccino,4,16.65,66.6,Mobile Payment,22,Sunday,Dinner,No onions,Miguel
2391,C071,2025-04-08,Dine-In,Beverage,Mineral Water,2,18.1,36.2,Mobile Payment,28,Tuesday,Lunch,None,Valeria
2392,C071,2025-12-10,Takeaway,Food,Grilled Chicken,3,13.55,40.65,Mobile Payment,N/A,Wednesday,Lunch,None,does not report
2393,C071,2025-04-11,Takeaway,Food,Veggie Sandwich,2,16.52,33.04,Card,N/A,Friday,Dinner,Extra napkins,does not report
2394,C071,2025-02-05,Delivery,Beverage,Fresh Orange Juice,2,12.51,25.02,Mobile Payment,N/A,Wednesday,Breakfast,No onions,does not report
2395,C071,2025-02-21,Takeaway,Food,Beef Burger,4,18.39,73.56,Mobile Payment,N/A,Friday,Breakfast,Extra napkins,does not report
2396,C071,2025-06-27,Delivery,Food,Grilled Chicken,3,15.42,46.26,Card,N/A,Friday,Lunch,None,does not report
2397,C071,2025-04-19,Takeaway,Food,Pasta Alfredo,4,14.52,58.08,Card,N/A,Saturday,Breakfast,No onions,does not report
2398,C071,2025-01-04,Dine-In,Beverage,Latte,3,13.9,41.7,Mobile Payment,24,Saturday,Dinner,None,Valeria
2399,C071,2025-10-01,Delivery,Beverage,Mojito,2,15.75,31.5,Card,N/A,Wednesday,Breakfast,No onions,does not report
2400,C071,2025-02-04,Dine-In,Food,Sushi Roll,2,15.62,31.24,Card,5,Tuesday,Breakfast,Gluten-free,Ana
2401,C071,2025-10-03,Takeaway,Beverage,Mojito,2,15.93,31.86,Mobile Payment,N/A,Friday,Lunch,No onions,does not report
2402,C071,2025-11-18,Delivery,Food,Sushi Roll,2,13.2,26.4,Card,N/A,Tuesday,Dinner,None,does not report
2403,C071,2025-03-11,Takeaway,Beverage,Cappuccino,2,13.68,27.36,Cash,N/A,Tuesday,Breakfast,None,does not report
2404,C071,2025-10-18,Delivery,Beverage,Latte,4,17.34,69.36,Cash,N/A,Saturday,Breakfast,None,does not report
2405,C071,2025-09-18,Dine-In,Food,Grilled Chicken,3,19.41,58.23,Card,27,Thursday,Dinner,Extra napkins,Ana
2406,C073,2025-05-03,Dine-In,Beverage,Latte,2,16.14,32.28,Mobile Payment,19,Saturday,Lunch,Extra napkins,Miguel
2407,C073,2025-12-29,Dine-In,Food,Sushi Roll,4,12.26,49.04,Card,4,Monday,Dinner,None,Valeria
2408,C073,2025-01-21,Delivery,Beverage,Green Smoothie,2,13.81,27.62,Card,N/A,Tuesday,Dinner,Extra napkins,does not report
2409,C073,2025-10-18,Dine-In,Beverage,Fresh Orange Juice,2,13.94,27.88,Card,22,Saturday,Dinner,Gluten-free,Carlos
2410,C073,2025-06-04,Takeaway,Food,Margherita Pizza,3,16.38,49.14,Card,N/A,Wednesday,Dinner,None,does not report
2411,C073,2025-09-22,Takeaway,Beverage,Cappuccino,2,15.5,31.0,Cash,N/A,Monday,Dinner,No onions,does not report
2412,C073,2025-08-11,Dine-In,Beverage,Fresh Orange Juice,4,13.94,55.76,Cash,17,Monday,Breakfast,No onions,Ana
2413,C073,2025-03-16,Dine-In,Food,Caesar Salad,3,15.92,47.76,Cash,4,Sunday,Lunch,Less sugar,Miguel
2414,C073,2025-04-28,Dine-In,Food,Sushi Roll,2,18.22,36.44,Card,19,Monday,Lunch,Less sugar,Valeria
2415,C073,2025-02-08,Delivery,Food,Veggie Sandwich,3,19.87,59.61,Card,N/A,Saturday,Dinner,None,does not report
2416,C073,2025-07-11,Delivery,Food,Grilled Chicken,2,17.76,35.52,Card,N/A,Friday,Lunch,Less sugar,does not report
2417,C073,2025-06-29,Dine-In,Beverage,Fresh Orange Juice,2,12.17,24.34,Card,24,Sunday,Dinner,None,Ana
2418,C073,2025-12-06,Delivery,Beverage,Fresh Orange Juice,2,13.62,27.24,Card,N/A,Saturday,Dinner,None,does not report
2419,C073,2025-05-16,Dine-In,Food,Pasta Alfredo,3,14.9,44.7,Card,8,Friday,Dinner,None,Ana
2420,C073,2025-09-22,Delivery,Beverage,Fresh Orange Juice,3,19.0,57.0,Mobile Payment,N/A,Monday,Lunch,None,does not report
2421,C073,2025-07-08,Dine-In,Beverage,Iced Tea,2,17.07,34.14,Card,21,Tuesday,Lunch,Extra napkins,Juan
2422,C073,2025-07-12,Takeaway,Beverage,Iced Tea,3,17.18,51.54,Card,N/A,Saturday,Dinner,Less sugar,does not report
2423,C073,2025-01-21,Delivery,Food,Veggie Sandwich,2,15.73,31.46,Card,N/A,Tuesday,Dinner,Gluten-free,does not report
2424,C073,2025-07-20,Dine-In,Food,Veggie Sandwich,2,14.91,29.82,Mobile Payment,12,Sunday,Lunch,Extra napkins,Miguel
2425,C073,2025-10-16,Takeaway,Food,Sushi Roll,2,19.42,38.84,Card,N/A,Thursday,Lunch,None,does not report
2426,C073,2025-02-08,Delivery,Beverage,Mineral Water,2,12.41,24.82,Cash,N/A,Saturday,Dinner,None,does not report
2427,C073,2025-10-08,Takeaway,Beverage,Fresh Orange Juice,4,13.62,54.48,Mobile Payment,N/A,Wednesday,Lunch,Extra napkins,does not report
2428,C073,2025-03-12,Takeaway,Beverage,Latte,3,14.89,44.67,Card,N/A,Wednesday,Dinner,Extra napkins,does not report
2429,C073,2025-03-02,Delivery,Beverage,Latte,3,17.87,53.61,Mobile Payment,N/A,Sunday,Lunch,Less sugar,does not report
2430,C073,2025-05-24,Dine-In,Beverage,Fresh Orange Juice,3,16.8,50.4,Mobile Payment,24,Saturday,Lunch,None,Valeria
2431,C073,2025-05-29,Takeaway,Beverage,Mojito,4,14.28,57.12,Mobile Payment,N/A,Thursday,Lunch,Less sugar,does not report
2432,C073,2025-02-01,Takeaway,Food,Sushi Roll,3,17.53,52.59,Cash,N/A,Saturday,Breakfast,No onions,does not report
2433,C073,2025-01-17,Delivery,Beverage,Mojito,3,12.44,37.32,Mobile Payment,N/A,Friday,Breakfast,Less sugar,does not report
2434,C073,2025-04-03,Delivery,Beverage,Mineral Water,3,15.73,47.19,Card,N/A,Thursday,Lunch,No onions,does not report
2435,C073,2025-08-02,Delivery,Beverage,Cappuccino,3,16.65,49.95,Mobile Payment,N/A,Saturday,Dinner,Gluten-free,does not report
2436,C073,2025-05-05,Takeaway,Food,Pasta Alfredo,2,19.01,38.02,Mobile Payment,N/A,Monday,Dinner,No onions,does not report
2437,C073,2025-06-27,Delivery,Beverage,Iced Tea,2,17.7,35.4,Cash,N/A,Friday,Breakfast,None,does not report
2438,C073,2025-04-19,Dine-In,Beverage,Mojito,3,19.22,57.66,Mobile Payment,7,Saturday,Lunch,None,Ana
2439,C073,2025-08-04,Delivery,Food,Margherita Pizza,3,19.53,58.59,Card,N/A,Monday,Lunch,No onions,does not report
2440,C078,2025-05-17,Dine-In,Beverage,Mojito,2,17.64,35.28,Cash,27,Saturday,Dinner,None,Ana
2441,C078,2025-11-18,Delivery,Food,Pasta Alfredo,4,18.53,74.12,Mobile Payment,N/A,Tuesday,Breakfast,No onions,does not report
2442,C078,2025-07-28,Takeaway,Beverage,Latte,4,13.9,55.6,Cash,N/A,Monday,Breakfast,Extra napkins,does not report
2443,C078,2025-03-18,Dine-In,Food,Pasta Alfredo,3,14.3,42.9,Cash,2,Tuesday,Breakfast,Less sugar,Carlos
2444,C078,2025-10-03,Delivery,Beverage,Fresh Orange Juice,3,16.95,50.85,Card,N/A,Friday,Lunch,Extra napkins,does not report
2445,C078,2025-12-20,Dine-In,Food,Grilled Chicken,4,12.66,50.64,Card,6,Saturday,Dinner,Less sugar,Carlos
2446,C078,2025-06-16,Dine-In,Food,Sushi Roll,2,13.95,27.9,Cash,7,Monday,Dinner,No onions,Ana
2447,C078,2025-08-13,Takeaway,Beverage,Latte,2,16.97,33.94,Cash,N/A,Wednesday,Dinner,Gluten-free,does not report
2448,C078,2025-09-11,Dine-In,Beverage,Latte,4,15.21,60.84,Mobile Payment,9,Thursday,Dinner,None,Carlos
2449,C078,2025-04-18,Delivery,Food,Veggie Sandwich,2,15.03,30.06,Cash,N/A,Friday,Dinner,No onions,does not report
2450,C078,2025-01-31,Delivery,Food,Margherita Pizza,4,14.3,57.2,Mobile Payment,N/A,Friday,Breakfast,None,does not report
2451,C078,2025-02-22,Delivery,Food,Margherita Pizza,4,16.36,65.44,Mobile Payment,N/A,Saturday,Dinner,Extra napkins,does not report
2452,C078,2025-07-13,Dine-In,Beverage,Latte,2,15.54,31.08,Cash,9,Sunday,Dinner,None,Juan
2453,C078,2025-06-19,Dine-In,Beverage,Fresh Orange Juice,4,13.94,55.76,Cash,23,Thursday,Lunch,None,Ana
2454,C078,2025-11-06,Dine-In,Beverage,Green Smoothie,2,13.81,27.62,Card,18,Thursday,Lunch,None,Carlos
2455,C078,2025-06-03,Takeaway,Beverage,Mojito,3,16.67,50.01,Mobile Payment,N/A,Tuesday,Breakfast,Gluten-free,does not report
2456,C078,2025-06-07,Dine-In,Food,Grilled Chicken,3,12.25,36.75,Card,1,Saturday,Breakfast,Less sugar,Miguel
2457,C078,2025-06-07,Dine-In,Food,Sushi Roll,2,12.26,24.52,Mobile Payment,8,Saturday,Dinner,No onions,Ana
2458,C078,2025-04-26,Delivery,Food,Sushi Roll,4,13.95,55.8,Card,N/A,Saturday,Lunch,None,does not report
2459,C082,2025-05-31,Delivery,Food,Pasta Alfredo,3,13.81,41.43,Card,N/A,Saturday,Dinner,Extra napkins,does not report
2460,C082,2025-07-26,Takeaway,Beverage,Iced Tea,4,16.16,64.64,Card,N/A,Saturday,Lunch,None,does not report
2461,C082,2025-03-21,Delivery,Food,Caesar Salad,3,12.91,38.73,Card,N/A,Friday,Lunch,Gluten-free,does not report
2462,C082,2025-06-03,Dine-In,Beverage,Latte,2,13.9,27.8,Mobile Payment,4,Tuesday,Dinner,Extra napkins,Juan
2463,C082,2025-12-03,Delivery,Food,Grilled Chicken,3,15.42,46.26,Mobile Payment,N/A,Wednesday,Dinner,Less sugar,does not report
2464,C082,2025-10-21,Delivery,Beverage,Green Smoothie,4,18.21,72.84,Card,N/A,Tuesday,Lunch,Gluten-free,does not report
2465,C082,2025-09-26,Takeaway,Food,Caesar Salad,3,18.29,54.87,Mobile Payment,N/A,Friday,Lunch,No onions,does not report
2466,C082,2025-01-05,Dine-In,Food,Margherita Pizza,2,12.15,24.3,Mobile Payment,29,Sunday,Lunch,Less sugar,Miguel
2467,C082,2025-08-15,Dine-In,Food,Sushi Roll,4,12.26,49.04,Mobile Payment,24,Friday,Dinner,None,Juan
2468,C082,2025-02-01,Delivery,Food,Veggie Sandwich,4,13.37,53.48,Cash,N/A,Saturday,Lunch,None,does not report
2469,C082,2025-11-24,Delivery,Food,Pasta Alfredo,4,18.49,73.96,Card,N/A,Monday,Lunch,None,does not report
2470,C082,2025-01-30,Dine-In,Beverage,Fresh Orange Juice,3,17.42,52.26,Cash,3,Thursday,Lunch,Less sugar,Juan
2471,C082,2025-05-13,Delivery,Food,Sushi Roll,4,18.82,75.28,Card,N/A,Tuesday,Lunch,Extra napkins,does not report
2472,C082,2025-02-26,Dine-In,Food,Pasta Alfredo,2,12.09,24.18,Card,3,Wednesday,Dinner,Gluten-free,Carlos
2473,C082,2025-07-10,Dine-In,Beverage,Cappuccino,4,19.33,77.32,Mobile Payment,16,Thursday,Lunch,None,Ana
2474,C082,2025-01-15,Dine-In,Beverage,Cappuccino,2,14.18,28.36,Cash,3,Wednesday,Dinner,Extra napkins,Miguel
2475,C082,2025-05-16,Dine-In,Food,Caesar Salad,4,12.4,49.6,Cash,7,Friday,Breakfast,No onions,Juan
2476,C082,2025-03-04,Takeaway,Beverage,Green Smoothie,4,13.81,55.24,Mobile Payment,N/A,Tuesday,Dinner,Extra napkins,does not report
2477,C082,2025-06-22,Dine-In,Food,Grilled Chicken,2,15.3,30.6,Card,22,Sunday,Breakfast,Extra napkins,Miguel
2478,C082,2025-02-02,Takeaway,Beverage,Cappuccino,2,16.17,32.34,Card,N/A,Sunday,Breakfast,None,does not report
2479,C082,2025-07-11,Dine-In,Beverage,Fresh Orange Juice,4,19.52,78.08,Card,30,Friday,Dinner,No onions,Valeria
2480,C082,2025-12-14,Delivery,Food,Caesar Salad,2,19.32,38.64,Card,N/A,Sunday,Lunch,Extra napkins,does not report
2481,C087,2025-03-01,Delivery,Food,Margherita Pizza,4,15.66,62.64,Cash,N/A,Saturday,Dinner,None,does not report
2482,C087,2025-05-07,Takeaway,Beverage,Cappuccino,4,18.98,75.92,Mobile Payment,N/A,Wednesday,Dinner,No onions,does not report
2483,C087,2025-08-24,Takeaway,Food,Caesar Salad,2,13.43,26.86,Card,N/A,Sunday,Lunch,None,does not report
2484,C087,2025-12-26,Delivery,Food,Beef Burger,4,19.66,78.64,Card,N/A,Friday,Dinner,None,does not report
2485,C087,2025-04-10,Dine-In,Food,Sushi Roll,2,19.42,38.84,Card,28,Thursday,Dinner,None,Miguel
2486,C087,2025-02-23,Dine-In,Beverage,Latte,3,15.13,45.39,Mobile Payment,14,Sunday,Dinner,Less sugar,Valeria
2487,C087,2025-11-02,Dine-In,Beverage,Green Smoothie,2,12.08,24.16,Mobile Payment,1,Sunday,Lunch,None,Valeria
2488,C087,2025-09-23,Delivery,Beverage,Iced Tea,3,17.66,52.98,Cash,N/A,Tuesday,Breakfast,Extra napkins,does not report
2489,C087,2025-07-21,Delivery,Beverage,Iced Tea,2,12.61,25.22,Mobile Payment,N/A,Monday,Lunch,None,does not report
2490,C087,2025-10-15,Takeaway,Food,Caesar Salad,2,12.4,24.8,Card,N/A,Wednesday,Dinner,Gluten-free,does not report
2491,C087,2025-01-11,Takeaway,Beverage,Green Smoothie,2,11.89,23.78,Card,N/A,Saturday,Dinner,None,does not report
2492,C087,2025-09-13,Delivery,Food,Pasta Alfredo,3,14.9,44.7,Mobile Payment,N/A,Saturday,Breakfast,Less sugar,does not report
2493,C087,2025-12-17,Dine-In,Food,Sushi Roll,3,18.22,54.66,Cash,10,Wednesday,Dinner,Gluten-free,Miguel
2494,C087,2025-04-11,Takeaway,Beverage,Mojito,4,16.64,66.56,Card,N/A,Friday,Dinner,None,does not report
2495,C087,2025-02-19,Dine-In,Food,Grilled Chicken,4,18.5,74.0,Cash,21,Wednesday,Lunch,Extra napkins,Ana
2496,C087,2025-06-28,Dine-In,Food,Beef Burger,3,18.39,55.17,Cash,7,Saturday,Dinner,None,Carlos
2497,C087,2025-05-07,Dine-In,Beverage,Mineral Water,3,18.46,55.38,Card,13,Wednesday,Dinner,None,Ana
2498,C087,2025-10-22,Dine-In,Food,Sushi Roll,4,18.82,75.28,Mobile Payment,16,Wednesday,Lunch,None,Carlos
2499,C087,2025-04-05,Delivery,Food,Grilled Chicken,3,12.79,38.37,Cash,N/A,Saturday,Dinner,Extra napkins,does not report
2500,C087,2025-11-17,Dine-In,Beverage,Latte,2,13.9,27.8,Card,20,Monday,Dinner,None,Valeria
2501,C087,2025-07-20,Delivery,Food,Caesar Salad,3,15.08,45.24,Cash,N/A,Sunday,Breakfast,None,does not report
2502,C087,2025-08-30,Takeaway,Food,Sushi Roll,4,13.55,54.2,Mobile Payment,N/A,Saturday,Dinner,Gluten-free,does not report
2503,C087,2025-05-12,Dine-In,Food,Margherita Pizza,2,13.39,26.78,Card,4,Monday,Lunch,Gluten-free,Carlos
2504,C087,2025-04-19,Takeaway,Beverage,Latte,2,18.79,37.58,Card,N/A,Saturday,Dinner,None,does not report
2505,C087,2025-02-23,Dine-In,Food,Caesar Salad,3,12.88,38.64,Mobile Payment,5,Sunday,Lunch,None,Valeria
2506,C087,2025-12-13,Dine-In,Beverage,Mineral Water,2,17.32,34.64,Card,21,Saturday,Dinner,Less sugar,Carlos
2507,C087,2025-09-14,Delivery,Food,Veggie Sandwich,3,19.87,59.61,Cash,N/A,Sunday,Lunch,None,does not report
2508,C087,2025-05-02,Dine-In,Beverage,Mojito,3,14.3,42.9,Card,8,Friday,Breakfast,No onions,Carlos
2509,C087,2025-08-10,Takeaway,Food,Caesar Salad,3,17.78,53.34,Cash,N/A,Sunday,Dinner,No onions,does not report
2510,C087,2025-04-12,Delivery,Beverage,Latte,3,13.9,41.7,Cash,N/A,Saturday,Lunch,None,does not report
2511,C090,2025-03-01,Delivery,Beverage,Latte,4,18.13,72.52,Card,N/A,Saturday,Dinner,None,does not report
2512,C090,2025-04-12,Delivery,Beverage,Fresh Orange Juice,3,11.87,35.61,Mobile Payment,N/A,Saturday,Lunch,Extra napkins,does not report
2513,C090,2025-11-03,Takeaway,Beverage,Iced Tea,3,17.44,52.32,Card,N/A,Monday,Dinner,None,does not report
2514,C090,2025-05-01,Delivery,Food,Grilled Chicken,2,19.41,38.82,Cash,N/A,Thursday,Dinner,Extra napkins,does not report
2515,C090,2025-06-04,Dine-In,Beverage,Green Smoothie,4,17.26,69.04,Card,28,Wednesday,Dinner,Less sugar,Ana
2516,C090,2025-08-01,Dine-In,Beverage,Mojito,4,14.14,56.56,Card,2,Friday,Breakfast,None,Juan
2517,C090,2025-02-21,Delivery,Beverage,Iced Tea,3,15.04,45.12,Mobile Payment,N/A,Friday,Breakfast,Extra napkins,does not report
2518,C090,2025-09-27,Dine-In,Beverage,Mineral Water,4,18.75,75.0,Mobile Payment,6,Saturday,Dinner,None,Juan
2519,C090,2025-10-25,Delivery,Food,Sushi Roll,3,15.62,46.86,Cash,N/A,Saturday,Lunch,No onions,does not report
2520,C090,2025-12-20,Takeaway,Beverage,Fresh Orange Juice,3,17.42,52.26,Mobile Payment,N/A,Saturday,Dinner,None,does not report
2521,C090,2025-07-02,Delivery,Food,Sushi Roll,2,13.55,27.1,Mobile Payment,N/A,Wednesday,Breakfast,None,does not report
2522,C090,2025-12-18,Delivery,Food,Caesar Salad,2,17.39,34.78,Mobile Payment,N/A,Thursday,Lunch,Extra napkins,does not report
2523,C090,2025-03-08,Dine-In,Beverage,Iced Tea,4,12.45,49.8,Cash,16,Saturday,Breakfast,Extra napkins,Miguel
2524,C090,2025-02-07,Dine-In,Beverage,Cappuccino,2,13.93,27.86,Card,2,Friday,Breakfast,None,Ana
2525,C090,2025-05-05,Dine-In,Beverage,Latte,3,17.34,52.02,Mobile Payment,8,Monday,Lunch,None,Miguel
2526,C1000,2025-07-30,Delivery,Food,Pasta Alfredo,3,13.81,41.43,Mobile Payment,N/A,Wednesday,Dinner,None,does not report
2527,C1000,2025-09-08,Dine-In,Food,Caesar Salad,3,18.29,54.87,Mobile Payment,25,Monday,Breakfast,Extra napkins,Valeria
2528,C1000,2025-01-16,Delivery,Food,Caesar Salad,4,15.08,60.32,Cash,N/A,Thursday,Dinner,None,does not report
2529,C1000,2025-10-20,Dine-In,Beverage,Cappuccino,4,12.65,50.6,Card,1,Monday,Lunch,None,Ana
2530,C1000,2025-12-15,Takeaway,Food,Grilled Chicken,3,18.5,55.5,Mobile Payment,N/A,Monday,Lunch,Less sugar,does not report
2531,C1000,2025-02-27,Delivery,Food,Margherita Pizza,3,16.38,49.14,Mobile Payment,N/A,Thursday,Lunch,Extra napkins,does not report
2532,C1000,2025-11-19,Dine-In,Beverage,Iced Tea,3,14.06,42.18,Card,27,Wednesday,Lunch,None,Ana
2533,C1000,2025-03-26,Dine-In,Beverage,Iced Tea,2,17.66,35.32,Cash,15,Wednesday,Breakfast,None,Juan
2534,C1000,2025-04-09,Dine-In,Food,Margherita Pizza,3,17.4,52.2,Mobile Payment,2,Wednesday,Breakfast,Gluten-free,Miguel
2535,C1000,2025-08-31,Takeaway,Food,Margherita Pizza,3,18.74,56.22,Mobile Payment,N/A,Sunday,Lunch,Gluten-free,does not report
2536,C1000,2025-06-13,Delivery,Food,Sushi Roll,4,13.95,55.8,Cash,N/A,Friday,Dinner,None,does not report
2537,C1000,2025-02-03,Takeaway,Beverage,Latte,3,14.89,44.67,Card,N/A,Monday,Dinner,None,does not report
2538,C1000,2025-09-05,Delivery,Beverage,Cappuccino,2,14.18,28.36,Mobile Payment,N/A,Friday,Lunch,Gluten-free,does not report
2539,C1000,2025-07-04,Takeaway,Beverage,Mineral Water,2,14.04,28.08,Mobile Payment,N/A,Friday,Dinner,None,does not report
2540,C1000,2025-08-08,Dine-In,Beverage,Cappuccino,4,14.18,56.72,Cash,26,Friday,Dinner,No onions,Ana
2541,C1000,2025-03-29,Dine-In,Food,Caesar Salad,4,16.82,67.28,Cash,29,Saturday,Lunch,Gluten-free,Ana
2542,C1000,2025-01-14,Dine-In,Beverage,Cappuccino,2,16.76,33.52,Cash,21,Tuesday,Dinner,Less sugar,Juan
2543,C1000,2025-02-23,Delivery,Beverage,Cappuccino,2,16.79,33.58,Card,N/A,Sunday,Lunch,None,does not report
2544,C1000,2025-07-25,Dine-In,Beverage,Mojito,3,12.46,37.38,Card,14,Friday,Breakfast,Extra napkins,Juan
2545,C1000,2025-05-16,Takeaway,Food,Grilled Chicken,4,13.75,55.0,Card,N/A,Friday,Dinner,Less sugar,does not report
2546,C1000,2025-08-03,Delivery,Food,Caesar Salad,3,16.82,50.46,Mobile Payment,N/A,Sunday,Dinner,Extra napkins,does not report
2547,C1000,2025-07-30,Dine-In,Beverage,Green Smoothie,3,17.26,51.78,Card,29,Wednesday,Breakfast,None,Juan
2548,C1000,2025-01-22,Dine-In,Food,Sushi Roll,2,18.95,37.9,Mobile Payment,27,Wednesday,Dinner,No onions,Ana
2549,C1000,2025-05-28,Delivery,Beverage,Fresh Orange Juice,2,16.95,33.9,Cash,N/A,Wednesday,Dinner,None,does not report
2550,C1000,2025-11-04,Takeaway,Food,Margherita Pizza,4,17.95,71.8,Card,N/A,Tuesday,Dinner,No onions,does not report
2551,C1000,2025-01-24,Dine-In,Food,Margherita Pizza,2,14.3,28.6,Mobile Payment,13,Friday,Dinner,None,Miguel
2552,C1000,2025-10-20,Dine-In,Food,Beef Burger,3,19.88,59.64,Cash,16,Monday,Breakfast,No onions,Ana
2553,C1000,2025-06-10,Dine-In,Beverage,Mojito,4,15.65,62.6,Card,9,Tuesday,Breakfast,Gluten-free,Juan
2554,C1000,2025-02-26,Dine-In,Beverage,Mojito,3,17.24,51.72,Mobile Payment,28,Wednesday,Breakfast,None,Valeria
2555,C1000,2025-07-02,Takeaway,Food,Pasta Alfredo,2,15.71,31.42,Card,N/A,Wednesday,Dinner,Less sugar,does not report
2556,C1000,2025-05-16,Delivery,Food,Margherita Pizza,2,18.58,37.16,Cash,N/A,Friday,Dinner,Extra napkins,does not report
2557,C1000,2025-09-29,Delivery,Food,Beef Burger,4,19.93,79.72,Cash,N/A,Monday,Dinner,No onions,does not report
2558,C1000,2025-04-21,Delivery,Beverage,Iced Tea,2,13.11,26.22,Card,N/A,Monday,Lunch,None,does not report
2559,C1000,2025-05-09,Takeaway,Food,Veggie Sandwich,2,19.4,38.8,Mobile Payment,N/A,Friday,Lunch,None,does not report
2560,C1000,2025-01-08,Takeaway,Beverage,Mineral Water,2,14.04,28.08,Mobile Payment,N/A,Wednesday,Dinner,Extra napkins,does not report
2561,C106,2025-04-14,Dine-In,Food,Margherita Pizza,4,18.58,74.32,Card,17,Monday,Dinner,Gluten-free,Ana
2562,C106,2025-08-29,Dine-In,Food,Sushi Roll,2,15.62,31.24,Mobile Payment,14,Friday,Dinner,None,Miguel
2563,C106,2025-02-18,Takeaway,Beverage,Mojito,4,16.67,66.68,Cash,N/A,Tuesday,Dinner,None,does not report
2564,C106,2025-07-20,Takeaway,Food,Pasta Alfredo,4,15.71,62.84,Cash,N/A,Sunday,Lunch,No onions,does not report
2565,C106,2025-06-06,Dine-In,Beverage,Iced Tea,4,18.37,73.48,Mobile Payment,26,Friday,Dinner,None,Miguel
2566,C106,2025-10-05,Dine-In,Food,Margherita Pizza,2,12.08,24.16,Mobile Payment,25,Sunday,Lunch,None,Carlos
2567,C106,2025-05-31,Delivery,Beverage,Mojito,2,14.09,28.18,Cash,N/A,Saturday,Dinner,None,does not report
2568,C106,2025-01-06,Dine-In,Food,Veggie Sandwich,3,14.13,42.39,Card,3,Monday,Dinner,None,Ana
2569,C106,2025-11-02,Delivery,Beverage,Mojito,2,17.24,34.48,Cash,N/A,Sunday,Dinner,None,does not report
2570,C106,2025-12-04,Dine-In,Food,Pasta Alfredo,3,12.09,36.27,Mobile Payment,5,Thursday,Lunch,None,Juan
2571,C106,2025-09-28,Dine-In,Beverage,Latte,2,16.09,32.18,Mobile Payment,16,Sunday,Lunch,Extra napkins,Valeria
2572,C106,2025-01-24,Delivery,Beverage,Fresh Orange Juice,2,17.49,34.98,Card,N/A,Friday,Dinner,Less sugar,does not report
2573,C106,2025-08-09,Delivery,Beverage,Mojito,4,17.63,70.52,Card,N/A,Saturday,Breakfast,Less sugar,does not report
2574,C106,2025-02-17,Dine-In,Food,Pasta Alfredo,3,12.82,38.46,Cash,23,Monday,Dinner,None,Valeria
2575,C106,2025-01-09,Delivery,Food,Sushi Roll,3,18.95,56.85,Card,N/A,Thursday,Breakfast,None,does not report
2576,C110,2025-09-08,Dine-In,Beverage,Mojito,2,19.22,38.44,Cash,7,Monday,Lunch,None,Ana
2577,C110,2025-04-16,Dine-In,Food,Grilled Chicken,3,15.42,46.26,Cash,2,Wednesday,Dinner,Less sugar,Juan
2578,C110,2025-05-14,Dine-In,Beverage,Fresh Orange Juice,3,17.49,52.47,Card,19,Wednesday,Dinner,None,Ana
2579,C110,2025-02-17,Dine-In,Beverage,Green Smoothie,3,11.89,35.67,Cash,3,Monday,Dinner,Gluten-free,Miguel
2580,C110,2025-10-07,Delivery,Food,Caesar Salad,2,19.32,38.64,Card,N/A,Tuesday,Lunch,Extra napkins,does not report
2581,C110,2025-01-12,Dine-In,Beverage,Mojito,2,14.14,28.28,Mobile Payment,16,Sunday,Breakfast,Gluten-free,Valeria
2582,C110,2025-07-04,Delivery,Beverage,Mineral Water,4,13.13,52.52,Cash,N/A,Friday,Dinner,No onions,does not report
2583,C110,2025-11-20,Dine-In,Beverage,Cappuccino,3,15.8,47.4,Card,19,Thursday,Lunch,Gluten-free,Miguel
2584,C110,2025-03-30,Dine-In,Beverage,Fresh Orange Juice,4,16.95,67.8,Cash,2,Sunday,Dinner,None,Ana
2585,C110,2025-12-28,Dine-In,Food,Veggie Sandwich,2,12.31,24.62,Mobile Payment,24,Sunday,Dinner,None,Carlos
2586,C110,2025-08-20,Dine-In,Beverage,Cappuccino,2,15.5,31.0,Mobile Payment,5,Wednesday,Dinner,Less sugar,Carlos
2587,C110,2025-11-13,Delivery,Food,Margherita Pizza,3,12.15,36.45,Cash,N/A,Thursday,Dinner,Gluten-free,does not report
2588,C110,2025-08-29,Dine-In,Beverage,Iced Tea,3,15.81,47.43,Cash,4,Friday,Lunch,Extra napkins,Juan
2589,C110,2025-03-12,Dine-In,Beverage,Cappuccino,4,12.28,49.12,Card,13,Wednesday,Dinner,None,Carlos
2590,C110,2025-03-11,Dine-In,Beverage,Iced Tea,4,12.94,51.76,Mobile Payment,29,Tuesday,Dinner,Less sugar,Valeria
2591,C110,2025-05-30,Takeaway,Food,Veggie Sandwich,2,13.51,27.02,Mobile Payment,N/A,Friday,Lunch,None,does not report
2592,C110,2025-10-26,Delivery,Food,Margherita Pizza,4,18.58,74.32,Card,N/A,Sunday,Breakfast,Extra napkins,does not report
2593,C110,2025-10-10,Takeaway,Food,Pasta Alfredo,2,14.3,28.6,Mobile Payment,N/A,Friday,Dinner,No onions,does not report
2594,C110,2025-09-12,Dine-In,Food,Margherita Pizza,4,17.4,69.6,Mobile Payment,27,Friday,Dinner,Less sugar,Carlos
2595,C110,2025-05-18,Dine-In,Food,Grilled Chicken,4,13.76,55.04,Mobile Payment,24,Sunday,Dinner,Gluten-free,Miguel
2596,C110,2025-11-26,Takeaway,Food,Veggie Sandwich,2,12.53,25.06,Card,N/A,Wednesday,Dinner,None,does not report
2597,C110,2025-02-28,Dine-In,Food,Margherita Pizza,4,18.94,75.76,Mobile Payment,6,Friday,Dinner,Gluten-free,Juan
2598,C110,2025-06-23,Delivery,Beverage,Mineral Water,3,15.73,47.19,Card,N/A,Monday,Breakfast,None,does not report
2599,C110,2025-05-15,Dine-In,Beverage,Iced Tea,2,17.7,35.4,Cash,1,Thursday,Breakfast,Less sugar,Ana
2600,C110,2025-02-28,Dine-In,Food,Veggie Sandwich,2,17.83,35.66,Cash,29,Friday,Dinner,Gluten-free,Juan
2601,C110,2025-09-04,Takeaway,Beverage,Iced Tea,2,17.64,35.28,Card,N/A,Thursday,Dinner,No onions,does not report
2602,C110,2025-06-27,Dine-In,Beverage,Iced Tea,3,13.11,39.33,Mobile Payment,14,Friday,Breakfast,None,Miguel
2603,C117,2025-01-24,Delivery,Beverage,Fresh Orange Juice,2,15.12,30.24,Cash,N/A,Friday,Dinner,No onions,does not report
2604,C117,2025-11-10,Dine-In,Food,Margherita Pizza,2,19.03,38.06,Cash,7,Monday,Dinner,None,Miguel
2605,C117,2025-09-21,Delivery,Beverage,Fresh Orange Juice,2,13.58,27.16,Card,N/A,Sunday,Dinner,No onions,does not report
2606,C117,2025-05-03,Dine-In,Beverage,Mineral Water,4,13.96,55.84,Cash,21,Saturday,Lunch,None,Juan
2607,C117,2025-06-09,Takeaway,Food,Pasta Alfredo,2,12.09,24.18,Cash,N/A,Monday,Dinner,None,does not report
2608,C117,2025-12-27,Dine-In,Beverage,Fresh Orange Juice,2,16.8,33.6,Cash,21,Saturday,Dinner,Gluten-free,Ana
2609,C117,2025-04-23,Delivery,Beverage,Iced Tea,2,17.18,34.36,Mobile Payment,N/A,Wednesday,Breakfast,Less sugar,does not report
2610,C117,2025-02-21,Dine-In,Food,Grilled Chicken,3,13.55,40.65,Card,10,Friday,Lunch,No onions,Carlos
2611,C117,2025-07-29,Takeaway,Beverage,Mineral Water,4,13.96,55.84,Mobile Payment,N/A,Tuesday,Dinner,None,does not report
2612,C117,2025-10-20,Delivery,Beverage,Cappuccino,4,14.85,59.4,Card,N/A,Monday,Dinner,None,does not report
2613,C117,2025-03-29,Dine-In,Food,Grilled Chicken,3,12.72,38.16,Card,30,Saturday,Dinner,Gluten-free,Ana
2614,C117,2025-11-13,Dine-In,Beverage,Cappuccino,2,14.18,28.36,Mobile Payment,29,Thursday,Lunch,Less sugar,Ana
2615,C117,2025-03-14,Delivery,Food,Caesar Salad,4,12.4,49.6,Card,N/A,Friday,Dinner,None,does not report
2616,C117,2025-12-13,Takeaway,Food,Beef Burger,2,18.39,36.78,Mobile Payment,N/A,Saturday,Lunch,Extra napkins,does not report
2617,C117,2025-06-21,Takeaway,Beverage,Cappuccino,2,16.29,32.58,Mobile Payment,N/A,Saturday,Dinner,No onions,does not report
2618,C117,2025-06-11,Takeaway,Beverage,Cappuccino,3,15.5,46.5,Mobile Payment,N/A,Wednesday,Dinner,No onions,does not report
2619,C117,2025-03-19,Takeaway,Food,Grilled Chicken,2,19.01,38.02,Mobile Payment,N/A,Wednesday,Breakfast,Gluten-free,does not report
2620,C120,2025-02-18,Takeaway,Beverage,Mineral Water,3,16.04,48.12,Card,N/A,Tuesday,Dinner,None,does not report
2621,C120,2025-11-17,Dine-In,Food,Beef Burger,2,19.66,39.32,Card,10,Monday,Breakfast,Extra napkins,Juan
2622,C120,2025-10-03,Delivery,Beverage,Cappuccino,3,18.74,56.22,Mobile Payment,N/A,Friday,Dinner,Extra napkins,does not report
2623,C120,2025-06-11,Takeaway,Beverage,Fresh Orange Juice,2,11.87,23.74,Mobile Payment,N/A,Wednesday,Breakfast,No onions,does not report
2624,C120,2025-08-04,Takeaway,Beverage,Green Smoothie,3,17.26,51.78,Card,N/A,Monday,Dinner,No onions,does not report
2625,C120,2025-12-04,Dine-In,Beverage,Mojito,3,17.64,52.92,Mobile Payment,12,Thursday,Dinner,None,Carlos
2626,C120,2025-03-20,Takeaway,Beverage,Fresh Orange Juice,2,15.12,30.24,Cash,N/A,Thursday,Lunch,No onions,does not report
2627,C120,2025-05-27,Delivery,Beverage,Green Smoothie,2,19.95,39.9,Mobile Payment,N/A,Tuesday,Lunch,Gluten-free,does not report
2628,C120,2025-04-29,Delivery,Beverage,Fresh Orange Juice,4,17.42,69.68,Card,N/A,Tuesday,Dinner,Gluten-free,does not report
2629,C120,2025-09-10,Dine-In,Beverage,Green Smoothie,4,17.26,69.04,Card,25,Wednesday,Dinner,None,Carlos
2630,C120,2025-01-08,Takeaway,Food,Grilled Chicken,4,12.25,49.0,Card,N/A,Wednesday,Dinner,Gluten-free,does not report
2631,C120,2025-08-12,Dine-In,Beverage,Mineral Water,2,13.18,26.36,Card,23,Tuesday,Lunch,None,Ana
2632,C120,2025-09-25,Dine-In,Beverage,Iced Tea,2,14.0,28.0,Mobile Payment,12,Thursday,Lunch,None,Miguel
2633,C120,2025-02-24,Takeaway,Food,Veggie Sandwich,4,12.53,50.12,Mobile Payment,N/A,Monday,Breakfast,None,does not report
2634,C120,2025-10-20,Takeaway,Food,Sushi Roll,4,16.11,64.44,Card,N/A,Monday,Breakfast,Less sugar,does not report
2635,C120,2025-10-29,Takeaway,Beverage,Cappuccino,4,15.8,63.2,Cash,N/A,Wednesday,Lunch,None,does not report
2636,C120,2025-08-12,Dine-In,Food,Margherita Pizza,2,18.58,37.16,Cash,5,Tuesday,Dinner,None,Valeria
2637,C120,2025-08-08,Takeaway,Beverage,Cappuccino,3,19.33,57.99,Cash,N/A,Friday,Breakfast,No onions,does not report
2638,C120,2025-01-25,Dine-In,Food,Grilled Chicken,3,12.72,38.16,Cash,13,Saturday,Lunch,Less sugar,Miguel
2639,C120,2025-03-09,Delivery,Beverage,Latte,3,15.13,45.39,Cash,N/A,Sunday,Breakfast,Extra napkins,does not report
2640,C120,2025-05-29,Dine-In,Food,Margherita Pizza,4,12.33,49.32,Card,26,Thursday,Lunch,Gluten-free,Miguel
2641,C120,2025-04-02,Dine-In,Beverage,Iced Tea,3,14.06,42.18,Card,25,Wednesday,Lunch,Less sugar,Valeria
2642,C120,2025-03-25,Dine-In,Beverage,Iced Tea,3,14.0,42.0,Cash,27,Tuesday,Breakfast,None,Miguel
2643,C120,2025-11-13,Dine-In,Beverage,Fresh Orange Juice,3,17.12,51.36,Card,25,Thursday,Lunch,Less sugar,Valeria
2644,C120,2025-03-12,Delivery,Food,Grilled Chicken,2,13.2,26.4,Mobile Payment,N/A,Wednesday,Lunch,Extra napkins,does not report
2645,C123,2025-09-24,Dine-In,Food,Grilled Chicken,4,15.42,61.68,Mobile Payment,14,Wednesday,Dinner,Less sugar,Juan
2646,C123,2025-02-21,Delivery,Food,Grilled Chicken,4,19.01,76.04,Card,N/A,Friday,Dinner,None,does not report
2647,C123,2025-11-23,Dine-In,Food,Pasta Alfredo,3,15.89,47.67,Card,27,Sunday,Lunch,Extra napkins,Ana
2648,C123,2025-10-05,Takeaway,Beverage,Iced Tea,4,18.37,73.48,Mobile Payment,N/A,Sunday,Dinner,None,does not report
2649,C123,2025-07-29,Delivery,Beverage,Mojito,3,15.65,46.95,Card,N/A,Tuesday,Dinner,Less sugar,does not report
2650,C123,2025-08-27,Dine-In,Beverage,Cappuccino,4,18.98,75.92,Card,9,Wednesday,Lunch,None,Valeria
2651,C123,2025-05-05,Dine-In,Beverage,Fresh Orange Juice,4,13.94,55.76,Cash,16,Monday,Lunch,Extra napkins,Miguel
2652,C123,2025-06-19,Dine-In,Beverage,Cappuccino,3,19.07,57.21,Mobile Payment,28,Thursday,Dinner,None,Miguel
2653,C123,2025-12-30,Delivery,Food,Caesar Salad,4,16.35,65.4,Card,N/A,Tuesday,Lunch,None,does not report
2654,C123,2025-01-29,Dine-In,Beverage,Mineral Water,4,12.02,48.08,Mobile Payment,25,Wednesday,Breakfast,Less sugar,Ana
2655,C123,2025-04-22,Dine-In,Beverage,Mojito,2,17.63,35.26,Cash,18,Tuesday,Breakfast,Extra napkins,Ana
2656,C123,2025-07-25,Delivery,Food,Grilled Chicken,2,13.76,27.52,Cash,N/A,Friday,Dinner,Gluten-free,does not report
2657,C123,2025-07-17,Dine-In,Food,Beef Burger,2,19.88,39.76,Cash,27,Thursday,Lunch,None,Carlos
2658,C123,2025-11-29,Dine-In,Beverage,Fresh Orange Juice,2,16.79,33.58,Cash,6,Saturday,Dinner,None,Carlos
2659,C126,2025-05-26,Delivery,Food,Sushi Roll,3,18.22,54.66,Mobile Payment,N/A,Monday,Breakfast,None,does not report
2660,C126,2025-06-18,Delivery,Food,Veggie Sandwich,3,12.53,37.59,Card,N/A,Wednesday,Dinner,Less sugar,does not report
2661,C126,2025-02-21,Takeaway,Beverage,Fresh Orange Juice,4,12.17,48.68,Card,N/A,Friday,Lunch,Extra napkins,does not report
2662,C126,2025-04-23,Delivery,Food,Margherita Pizza,4,13.78,55.12,Cash,N/A,Wednesday,Breakfast,None,does not report
2663,C126,2025-07-01,Delivery,Beverage,Mojito,2,19.74,39.48,Mobile Payment,N/A,Tuesday,Lunch,None,does not report
2664,C126,2025-10-19,Dine-In,Beverage,Latte,2,15.13,30.26,Card,27,Sunday,Breakfast,Extra napkins,Miguel
2665,C126,2025-03-20,Dine-In,Beverage,Cappuccino,4,16.55,66.2,Mobile Payment,13,Thursday,Breakfast,No onions,Miguel
2666,C126,2025-09-03,Dine-In,Food,Margherita Pizza,4,13.39,53.56,Cash,18,Wednesday,Lunch,No onions,Carlos
2667,C126,2025-12-20,Dine-In,Food,Sushi Roll,3,16.11,48.33,Mobile Payment,11,Saturday,Lunch,No onions,Valeria
2668,C126,2025-08-03,Dine-In,Beverage,Mineral Water,2,13.18,26.36,Card,4,Sunday,Dinner,No onions,Juan
2669,C126,2025-01-17,Delivery,Food,Margherita Pizza,2,17.48,34.96,Card,N/A,Friday,Lunch,Less sugar,does not report
2670,C126,2025-04-15,Delivery,Beverage,Mojito,2,19.22,38.44,Cash,N/A,Tuesday,Lunch,Less sugar,does not report
2671,C126,2025-08-28,Dine-In,Food,Margherita Pizza,3,19.24,57.72,Card,15,Thursday,Lunch,Less sugar,Miguel
2672,C126,2025-01-26,Dine-In,Beverage,Cappuccino,4,16.76,67.04,Mobile Payment,24,Sunday,Dinner,None,Juan
2673,C126,2025-09-14,Delivery,Beverage,Green Smoothie,2,15.5,31.0,Card,N/A,Sunday,Lunch,Gluten-free,does not report
2674,C126,2025-07-26,Dine-In,Beverage,Mineral Water,4,14.04,56.16,Mobile Payment,18,Saturday,Breakfast,None,Miguel
2675,C126,2025-10-05,Delivery,Food,Beef Burger,3,18.39,55.17,Cash,N/A,Sunday,Lunch,Gluten-free,does not report
2676,C126,2025-01-19,Delivery,Food,Caesar Salad,2,16.35,32.7,Cash,N/A,Sunday,Dinner,None,does not report
2677,C127,2025-12-15,Dine-In,Beverage,Mineral Water,4,18.97,75.88,Cash,26,Monday,Breakfast,Extra napkins,Valeria
2678,C127,2025-08-06,Delivery,Beverage,Mojito,3,12.46,37.38,Mobile Payment,N/A,Wednesday,Breakfast,None,does not report
2679,C127,2025-05-29,Dine-In,Beverage,Mojito,2,14.35,28.7,Mobile Payment,8,Thursday,Dinner,Extra napkins,Ana
2680,C127,2025-11-03,Delivery,Food,Margherita Pizza,4,16.36,65.44,Mobile Payment,N/A,Monday,Breakfast,None,does not report
2681,C127,2025-02-12,Dine-In,Beverage,Mojito,4,17.63,70.52,Mobile Payment,1,Wednesday,Dinner,Less sugar,Miguel
2682,C127,2025-06-28,Takeaway,Food,Grilled Chicken,4,12.79,51.16,Mobile Payment,N/A,Saturday,Dinner,None,does not report
2683,C127,2025-09-15,Dine-In,Beverage,Mineral Water,3,13.96,41.88,Mobile Payment,24,Monday,Breakfast,None,Miguel
2684,C127,2025-04-02,Takeaway,Beverage,Mojito,2,12.44,24.88,Mobile Payment,N/A,Wednesday,Breakfast,None,does not report
2685,C127,2025-01-27,Dine-In,Food,Caesar Salad,4,15.45,61.8,Cash,23,Monday,Lunch,Extra napkins,Ana
2686,C127,2025-07-19,Delivery,Food,Beef Burger,4,19.93,79.72,Card,N/A,Saturday,Dinner,Extra napkins,does not report
2687,C127,2025-10-01,Dine-In,Beverage,Cappuccino,2,15.8,31.6,Mobile Payment,11,Wednesday,Lunch,None,Ana
2688,C127,2025-06-23,Dine-In,Beverage,Fresh Orange Juice,4,17.12,68.48,Mobile Payment,30,Monday,Lunch,Gluten-free,Miguel
2689,C127,2025-07-19,Dine-In,Beverage,Latte,2,15.54,31.08,Cash,27,Saturday,Lunch,Less sugar,Carlos
2690,C127,2025-05-09,Dine-In,Beverage,Green Smoothie,4,13.33,53.32,Card,4,Friday,Dinner,Extra napkins,Ana
2691,C127,2025-12-27,Dine-In,Beverage,Iced Tea,2,19.82,39.64,Mobile Payment,23,Saturday,Lunch,No onions,Juan
2692,C127,2025-07-28,Dine-In,Food,Caesar Salad,4,16.35,65.4,Card,25,Monday,Breakfast,No onions,Ana
2693,C127,2025-06-10,Takeaway,Food,Margherita Pizza,3,14.72,44.16,Mobile Payment,N/A,Tuesday,Dinner,Gluten-free,does not report
2694,C127,2025-01-10,Delivery,Food,Margherita Pizza,4,14.3,57.2,Card,N/A,Friday,Dinner,Less sugar,does not report
2695,C127,2025-04-10,Takeaway,Beverage,Fresh Orange Juice,3,19.52,58.56,Card,N/A,Thursday,Breakfast,Extra napkins,does not report
2696,C127,2025-05-20,Dine-In,Food,Margherita Pizza,2,15.66,31.32,Cash,22,Tuesday,Lunch,Less sugar,Valeria
2697,C127,2025-03-04,Dine-In,Food,Veggie Sandwich,4,18.04,72.16,Cash,13,Tuesday,Dinner,None,Ana
2698,C128,2025-11-21,Delivery,Food,Grilled Chicken,4,13.2,52.8,Cash,N/A,Friday,Breakfast,None,does not report
2699,C128,2025-06-17,Dine-In,Food,Sushi Roll,2,11.92,23.84,Mobile Payment,28,Tuesday,Dinner,Less sugar,Ana
2700,C128,2025-07-13,Dine-In,Beverage,Fresh Orange Juice,2,13.58,27.16,Cash,13,Sunday,Dinner,Extra napkins,Ana
2701,C128,2025-12-20,Dine-In,Food,Margherita Pizza,2,19.53,39.06,Mobile Payment,15,Saturday,Dinner,Less sugar,Juan
2702,C128,2025-03-18,Dine-In,Beverage,Cappuccino,2,13.68,27.36,Card,20,Tuesday,Breakfast,None,Carlos
2703,C128,2025-10-17,Takeaway,Beverage,Mineral Water,2,18.04,36.08,Mobile Payment,N/A,Friday,Dinner,Less sugar,does not report
2704,C128,2025-09-27,Dine-In,Food,Grilled Chicken,2,13.2,26.4,Cash,28,Saturday,Dinner,None,Miguel
2705,C128,2025-02-05,Dine-In,Beverage,Mineral Water,4,12.02,48.08,Card,28,Wednesday,Breakfast,Less sugar,Juan
2706,C128,2025-04-28,Delivery,Food,Margherita Pizza,3,13.78,41.34,Mobile Payment,N/A,Monday,Dinner,None,does not report
2707,C128,2025-01-06,Takeaway,Beverage,Latte,2,15.54,31.08,Cash,N/A,Monday,Dinner,Gluten-free,does not report
2708,C128,2025-08-01,Dine-In,Beverage,Cappuccino,2,14.85,29.7,Cash,16,Friday,Dinner,None,Carlos
2709,C128,2025-06-26,Delivery,Food,Sushi Roll,2,18.95,37.9,Mobile Payment,N/A,Thursday,Lunch,Less sugar,does not report
2710,C128,2025-03-16,Dine-In,Beverage,Mineral Water,4,18.1,72.4,Mobile Payment,28,Sunday,Breakfast,None,Valeria
2711,C128,2025-07-31,Dine-In,Beverage,Latte,2,17.34,34.68,Mobile Payment,22,Thursday,Dinner,None,Miguel
2712,C128,2025-10-19,Dine-In,Food,Sushi Roll,4,11.92,47.68,Card,25,Sunday,Lunch,Less sugar,Miguel
2713,C128,2025-12-01,Dine-In,Beverage,Iced Tea,4,16.16,64.64,Mobile Payment,18,Monday,Dinner,None,Carlos
2714,C128,2025-04-27,Delivery,Beverage,Cappuccino,4,15.5,62.0,Mobile Payment,N/A,Sunday,Breakfast,None,does not report
2715,C128,2025-08-30,Dine-In,Beverage,Green Smoothie,3,18.0,54.0,Mobile Payment,19,Saturday,Lunch,None,Juan
2716,C128,2025-10-24,Takeaway,Food,Caesar Salad,4,15.64,62.56,Mobile Payment,N/A,Friday,Lunch,Gluten-free,does not report
2717,C128,2025-07-04,Takeaway,Beverage,Latte,3,12.39,37.17,Mobile Payment,N/A,Friday,Lunch,None,does not report
2718,C128,2025-01-16,Delivery,Food,Grilled Chicken,2,15.37,30.74,Card,N/A,Thursday,Lunch,Less sugar,does not report
2719,C128,2025-01-26,Delivery,Food,Veggie Sandwich,4,17.83,71.32,Cash,N/A,Sunday,Lunch,Less sugar,does not report
2720,C128,2025-06-23,Delivery,Beverage,Fresh Orange Juice,2,17.79,35.58,Mobile Payment,N/A,Monday,Lunch,None,does not report
2721,C128,2025-12-14,Delivery,Food,Sushi Roll,3,13.2,39.6,Cash,N/A,Sunday,Dinner,Gluten-free,does not report
2722,C139,2025-06-17,Dine-In,Food,Caesar Salad,4,16.6,66.4,Mobile Payment,20,Tuesday,Dinner,Extra napkins,Valeria
2723,C139,2025-01-18,Dine-In,Food,Margherita Pizza,4,17.83,71.32,Cash,2,Saturday,Lunch,Less sugar,Ana
2724,C139,2025-07-03,Delivery,Beverage,Iced Tea,2,19.74,39.48,Cash,N/A,Thursday,Dinner,None,does not report
2725,C139,2025-03-19,Dine-In,Food,Grilled Chicken,3,19.41,58.23,Mobile Payment,30,Wednesday,Breakfast,Extra napkins,Valeria
2726,C139,2025-05-04,Delivery,Beverage,Iced Tea,2,17.7,35.4,Card,N/A,Sunday,Lunch,None,does not report
2727,C139,2025-02-15,Delivery,Food,Pasta Alfredo,4,14.3,57.2,Cash,N/A,Saturday,Lunch,No onions,does not report
2728,C139,2025-11-11,Takeaway,Food,Veggie Sandwich,3,15.38,46.14,Cash,N/A,Tuesday,Dinner,Less sugar,does not report
2729,C139,2025-10-16,Takeaway,Beverage,Fresh Orange Juice,3,16.8,50.4,Cash,N/A,Thursday,Breakfast,Less sugar,does not report
2730,C139,2025-08-01,Delivery,Beverage,Fresh Orange Juice,3,12.17,36.51,Mobile Payment,N/A,Friday,Lunch,None,does not report
2731,C139,2025-04-04,Delivery,Food,Beef Burger,4,13.99,55.96,Cash,N/A,Friday,Breakfast,None,does not report
2732,C139,2025-12-19,Delivery,Food,Veggie Sandwich,2,12.31,24.62,Card,N/A,Friday,Breakfast,Gluten-free,does not report
2733,C139,2025-07-25,Delivery,Food,Margherita Pizza,3,12.08,36.24,Mobile Payment,N/A,Friday,Dinner,No onions,does not report
2734,C139,2025-01-04,Takeaway,Beverage,Fresh Orange Juice,3,19.52,58.56,Cash,N/A,Saturday,Lunch,None,does not report
2735,C139,2025-08-12,Dine-In,Food,Margherita Pizza,4,14.3,57.2,Cash,2,Tuesday,Dinner,Less sugar,Ana
2736,C139,2025-06-07,Delivery,Beverage,Green Smoothie,4,15.5,62.0,Card,N/A,Saturday,Dinner,Gluten-free,does not report
2737,C139,2025-05-05,Dine-In,Beverage,Cappuccino,3,16.76,50.28,Cash,10,Monday,Breakfast,Less sugar,Juan
2738,C139,2025-04-02,Delivery,Beverage,Green Smoothie,2,16.92,33.84,Mobile Payment,N/A,Wednesday,Dinner,Gluten-free,does not report
2739,C139,2025-06-18,Dine-In,Food,Pasta Alfredo,4,18.49,73.96,Cash,26,Wednesday,Lunch,Extra napkins,Valeria
2740,C139,2025-04-22,Takeaway,Beverage,Fresh Orange Juice,3,16.8,50.4,Cash,N/A,Tuesday,Breakfast,Gluten-free,does not report
2741,C139,2025-10-09,Dine-In,Beverage,Iced Tea,3,19.74,59.22,Cash,11,Thursday,Breakfast,None,Juan
2742,C139,2025-02-07,Takeaway,Beverage,Mojito,2,17.64,35.28,Cash,N/A,Friday,Dinner,Extra napkins,does not report
2743,C139,2025-03-12,Dine-In,Food,Caesar Salad,4,15.64,62.56,Cash,30,Wednesday,Breakfast,None,Valeria
2744,C139,2025-10-18,Delivery,Food,Margherita Pizza,3,12.08,36.24,Mobile Payment,N/A,Saturday,Lunch,Gluten-free,does not report
2745,C139,2025-08-04,Takeaway,Beverage,Iced Tea,4,16.66,66.64,Mobile Payment,N/A,Monday,Dinner,None,does not report
2746,C139,2025-01-02,Dine-In,Food,Caesar Salad,3,15.92,47.76,Cash,8,Thursday,Dinner,None,Carlos
2747,C142,2025-03-17,Dine-In,Food,Caesar Salad,2,18.29,36.58,Cash,4,Monday,Lunch,Gluten-free,Juan
2748,C142,2025-01-06,Takeaway,Beverage,Fresh Orange Juice,3,13.58,40.74,Mobile Payment,N/A,Monday,Breakfast,Gluten-free,does not report
2749,C142,2025-11-22,Dine-In,Food,Grilled Chicken,2,16.09,32.18,Card,22,Saturday,Lunch,Extra napkins,Ana
2750,C142,2025-12-01,Dine-In,Food,Pasta Alfredo,4,17.12,68.48,Card,22,Monday,Lunch,Extra napkins,Valeria
2751,C142,2025-02-01,Dine-In,Food,Pasta Alfredo,4,17.12,68.48,Cash,19,Saturday,Breakfast,None,Carlos
2752,C142,2025-08-18,Takeaway,Beverage,Cappuccino,3,16.79,50.37,Mobile Payment,N/A,Monday,Lunch,None,does not report
2753,C142,2025-04-02,Dine-In,Food,Grilled Chicken,3,13.75,41.25,Card,8,Wednesday,Lunch,Less sugar,Ana
2754,C142,2025-07-11,Delivery,Beverage,Green Smoothie,2,17.26,34.52,Cash,N/A,Friday,Dinner,None,does not report
2755,C142,2025-10-24,Delivery,Food,Grilled Chicken,3,12.25,36.75,Card,N/A,Friday,Dinner,Extra napkins,does not report
2756,C142,2025-05-10,Takeaway,Food,Sushi Roll,4,16.11,64.44,Cash,N/A,Saturday,Dinner,Less sugar,does not report
2757,C142,2025-06-18,Dine-In,Food,Pasta Alfredo,3,13.25,39.75,Mobile Payment,30,Wednesday,Breakfast,Extra napkins,Miguel
2758,C142,2025-09-10,Delivery,Food,Beef Burger,4,13.99,55.96,Card,N/A,Wednesday,Dinner,No onions,does not report
2759,C142,2025-07-01,Delivery,Beverage,Cappuccino,2,19.33,38.66,Mobile Payment,N/A,Tuesday,Lunch,No onions,does not report
2760,C142,2025-01-25,Dine-In,Beverage,Fresh Orange Juice,3,16.79,50.37,Cash,23,Saturday,Breakfast,Less sugar,Juan
2761,C142,2025-10-15,Delivery,Food,Caesar Salad,4,13.43,53.72,Mobile Payment,N/A,Wednesday,Lunch,Less sugar,does not report
2762,C142,2025-03-26,Delivery,Food,Caesar Salad,3,18.29,54.87,Card,N/A,Wednesday,Dinner,No onions,does not report
2763,C142,2025-04-12,Dine-In,Food,Margherita Pizza,3,18.74,56.22,Cash,3,Saturday,Dinner,Gluten-free,Valeria
2764,C142,2025-04-27,Dine-In,Beverage,Green Smoothie,2,13.33,26.66,Mobile Payment,9,Sunday,Breakfast,No onions,Valeria
2765,C142,2025-05-19,Delivery,Beverage,Cappuccino,2,16.76,33.52,Cash,N/A,Monday,Dinner,None,does not report
2766,C142,2025-07-16,Dine-In,Beverage,Iced Tea,3,12.94,38.82,Card,28,Wednesday,Lunch,Less sugar,Carlos
2767,C142,2025-03-18,Dine-In,Beverage,Mineral Water,3,17.06,51.18,Card,29,Tuesday,Breakfast,None,Miguel
2768,C142,2025-03-27,Dine-In,Food,Sushi Roll,2,19.42,38.84,Cash,25,Thursday,Dinner,Gluten-free,Ana
2769,C142,2025-04-10,Delivery,Food,Margherita Pizza,3,14.72,44.16,Cash,N/A,Thursday,Breakfast,None,does not report
2770,C142,2025-01-09,Dine-In,Beverage,Cappuccino,3,18.74,56.22,Card,6,Thursday,Dinner,No onions,Ana
2771,C147,2025-04-22,Dine-In,Food,Sushi Roll,2,13.95,27.9,Cash,1,Tuesday,Dinner,Extra napkins,Juan
2772,C147,2025-10-27,Dine-In,Food,Caesar Salad,3,17.39,52.17,Card,7,Monday,Dinner,None,Miguel
2773,C147,2025-05-13,Delivery,Beverage,Mineral Water,3,16.04,48.12,Mobile Payment,N/A,Tuesday,Lunch,Less sugar,does not report
2774,C147,2025-11-30,Delivery,Beverage,Latte,2,16.09,32.18,Mobile Payment,N/A,Sunday,Breakfast,Extra napkins,does not report
2775,C147,2025-03-18,Dine-In,Beverage,Latte,4,18.13,72.52,Mobile Payment,5,Tuesday,Lunch,No onions,Ana
2776,C147,2025-06-25,Dine-In,Food,Margherita Pizza,2,15.37,30.74,Cash,7,Wednesday,Breakfast,Gluten-free,Carlos
2777,C147,2025-07-04,Dine-In,Food,Margherita Pizza,2,18.88,37.76,Mobile Payment,7,Friday,Dinner,None,Juan
2778,C147,2025-08-01,Dine-In,Food,Caesar Salad,3,15.92,47.76,Mobile Payment,3,Friday,Dinner,Less sugar,Miguel
2779,C147,2025-12-10,Dine-In,Beverage,Latte,3,18.13,54.39,Cash,23,Wednesday,Dinner,Extra napkins,Valeria
2780,C147,2025-09-12,Dine-In,Beverage,Latte,3,17.34,52.02,Cash,3,Friday,Dinner,No onions,Juan
2781,C147,2025-02-24,Delivery,Food,Veggie Sandwich,4,13.32,53.28,Cash,N/A,Monday,Lunch,None,does not report
2782,C147,2025-12-31,Dine-In,Beverage,Cappuccino,3,16.65,49.95,Card,18,Wednesday,Dinner,Less sugar,Juan
2783,C147,2025-10-24,Delivery,Beverage,Mojito,2,16.64,33.28,Cash,N/A,Friday,Lunch,Gluten-free,does not report
2784,C147,2025-08-12,Dine-In,Food,Grilled Chicken,3,12.72,38.16,Card,17,Tuesday,Breakfast,None,Carlos
2785,C147,2025-07-05,Delivery,Food,Veggie Sandwich,2,19.87,39.74,Mobile Payment,N/A,Saturday,Lunch,Gluten-free,does not report
2786,C147,2025-08-09,Dine-In,Food,Caesar Salad,2,19.04,38.08,Card,6,Saturday,Lunch,No onions,Valeria
2787,C147,2025-04-16,Takeaway,Beverage,Mineral Water,4,14.04,56.16,Card,N/A,Wednesday,Dinner,No onions,does not report
2788,C147,2025-06-12,Delivery,Food,Caesar Salad,3,15.64,46.92,Cash,N/A,Thursday,Lunch,None,does not report
2789,C147,2025-02-10,Takeaway,Beverage,Cappuccino,3,14.85,44.55,Card,N/A,Monday,Dinner,None,does not report
2790,C147,2025-03-03,Delivery,Beverage,Latte,2,15.13,30.26,Card,N/A,Monday,Breakfast,None,does not report
2791,C147,2025-11-07,Takeaway,Beverage,Mineral Water,4,18.1,72.4,Mobile Payment,N/A,Friday,Dinner,Extra napkins,does not report
2792,C147,2025-12-03,Dine-In,Food,Pasta Alfredo,2,14.52,29.04,Card,24,Wednesday,Lunch,None,Miguel
2793,C147,2025-03-29,Delivery,Beverage,Mojito,3,17.63,52.89,Mobile Payment,N/A,Saturday,Lunch,Less sugar,does not report
2794,C147,2025-04-04,Dine-In,Beverage,Iced Tea,2,12.61,25.22,Mobile Payment,29,Friday,Lunch,Gluten-free,Valeria
2795,C147,2025-06-25,Dine-In,Food,Pasta Alfredo,4,15.71,62.84,Mobile Payment,26,Wednesday,Lunch,None,Ana
2796,C147,2025-06-17,Dine-In,Beverage,Cappuccino,2,16.65,33.3,Card,29,Tuesday,Lunch,None,Miguel
2797,C147,2025-09-09,Dine-In,Beverage,Iced Tea,4,19.82,79.28,Card,29,Tuesday,Lunch,Extra napkins,Valeria
2798,C147,2025-02-16,Takeaway,Food,Caesar Salad,2,12.88,25.76,Card,N/A,Sunday,Dinner,No onions,does not report
2799,C147,2025-11-21,Dine-In,Food,Margherita Pizza,3,18.58,55.74,Mobile Payment,25,Friday,Dinner,Gluten-free,Valeria
2800,C147,2025-06-18,Dine-In,Beverage,Fresh Orange Juice,3,13.58,40.74,Card,18,Wednesday,Lunch,Less sugar,Carlos
2801,C147,2025-09-18,Delivery,Beverage,Iced Tea,2,17.07,34.14,Mobile Payment,N/A,Thursday,Dinner,None,does not report
2802,C147,2025-02-27,Dine-In,Beverage,Mojito,4,12.46,49.84,Card,26,Thursday,Breakfast,None,Valeria
2803,C147,2025-03-28,Takeaway,Food,Veggie Sandwich,2,15.03,30.06,Mobile Payment,N/A,Friday,Lunch,None,does not report
2804,C147,2025-03-18,Delivery,Beverage,Latte,4,15.13,60.52,Mobile Payment,N/A,Tuesday,Dinner,None,does not report
2805,C147,2025-10-30,Takeaway,Food,Grilled Chicken,3,16.09,48.27,Mobile Payment,N/A,Thursday,Breakfast,Extra napkins,does not report
2806,C147,2025-10-20,Delivery,Food,Veggie Sandwich,2,17.83,35.66,Card,N/A,Monday,Dinner,None,does not report
2807,C147,2025-10-05,Takeaway,Food,Veggie Sandwich,4,12.53,50.12,Card,N/A,Sunday,Lunch,Gluten-free,does not report
2808,C147,2025-07-08,Takeaway,Beverage,Iced Tea,4,17.44,69.76,Mobile Payment,N/A,Tuesday,Dinner,None,does not report
2809,C163,2025-08-16,Dine-In,Beverage,Iced Tea,4,16.68,66.72,Cash,30,Saturday,Breakfast,No onions,Valeria
2810,C163,2025-12-21,Delivery,Beverage,Cappuccino,4,14.85,59.4,Card,N/A,Sunday,Breakfast,Extra napkins,does not report
2811,C163,2025-11-09,Dine-In,Beverage,Mineral Water,3,17.32,51.96,Mobile Payment,5,Sunday,Dinner,Gluten-free,Ana
2812,C163,2025-02-22,Dine-In,Beverage,Iced Tea,3,12.61,37.83,Card,16,Saturday,Dinner,None,Juan
2813,C163,2025-06-09,Takeaway,Beverage,Cappuccino,4,13.51,54.04,Cash,N/A,Monday,Breakfast,None,does not report
2814,C163,2025-01-28,Dine-In,Beverage,Latte,2,16.09,32.18,Card,23,Tuesday,Dinner,Less sugar,Carlos
2815,C163,2025-04-25,Dine-In,Food,Grilled Chicken,3,12.25,36.75,Cash,7,Friday,Lunch,No onions,Carlos
2816,C163,2025-03-07,Delivery,Food,Grilled Chicken,3,15.3,45.9,Cash,N/A,Friday,Dinner,None,does not report
2817,C163,2025-09-10,Dine-In,Food,Grilled Chicken,2,15.3,30.6,Cash,16,Wednesday,Breakfast,None,Ana
2818,C163,2025-07-10,Delivery,Food,Pasta Alfredo,4,12.82,51.28,Cash,N/A,Thursday,Lunch,Gluten-free,does not report
2819,C163,2025-10-20,Dine-In,Food,Margherita Pizza,2,16.86,33.72,Card,16,Monday,Dinner,None,Juan
2820,C163,2025-02-07,Dine-In,Food,Veggie Sandwich,2,16.52,33.04,Card,22,Friday,Lunch,Gluten-free,Ana
2821,C163,2025-04-04,Dine-In,Food,Grilled Chicken,3,12.25,36.75,Cash,18,Friday,Breakfast,None,Carlos
2822,C163,2025-02-16,Dine-In,Food,Margherita Pizza,3,13.39,40.17,Card,24,Sunday,Breakfast,None,Ana
2823,C163,2025-03-27,Dine-In,Beverage,Mineral Water,3,13.96,41.88,Card,13,Thursday,Lunch,None,Valeria
2824,C163,2025-05-15,Dine-In,Food,Margherita Pizza,2,13.39,26.78,Cash,17,Thursday,Breakfast,None,Carlos
2825,C163,2025-04-30,Delivery,Food,Veggie Sandwich,2,13.51,27.02,Mobile Payment,N/A,Wednesday,Breakfast,Less sugar,does not report
2826,C163,2025-02-12,Delivery,Beverage,Mineral Water,4,16.04,64.16,Cash,N/A,Wednesday,Breakfast,Extra napkins,does not report
2827,C163,2025-08-25,Takeaway,Food,Grilled Chicken,3,13.2,39.6,Cash,N/A,Monday,Lunch,No onions,does not report
2828,C163,2025-05-23,Delivery,Beverage,Fresh Orange Juice,3,12.51,37.53,Mobile Payment,N/A,Friday,Dinner,None,does not report
2829,C163,2025-06-14,Dine-In,Food,Grilled Chicken,3,12.25,36.75,Card,9,Saturday,Dinner,None,Juan
2830,C164,2025-04-19,Delivery,Beverage,Fresh Orange Juice,2,16.95,33.9,Mobile Payment,N/A,Saturday,Dinner,Extra napkins,does not report
2831,C164,2025-06-19,Dine-In,Beverage,Iced Tea,2,19.82,39.64,Card,5,Thursday,Lunch,Extra napkins,Valeria
2832,C164,2025-12-18,Takeaway,Food,Beef Burger,2,18.39,36.78,Cash,N/A,Thursday,Breakfast,Extra napkins,does not report
2833,C164,2025-07-15,Delivery,Food,Caesar Salad,3,11.94,35.82,Cash,N/A,Tuesday,Dinner,Extra napkins,does not report
2834,C164,2025-08-04,Dine-In,Food,Caesar Salad,3,15.08,45.24,Mobile Payment,30,Monday,Breakfast,None,Carlos
2835,C164,2025-11-16,Delivery,Beverage,Iced Tea,3,14.06,42.18,Card,N/A,Sunday,Breakfast,None,does not report
2836,C164,2025-10-10,Delivery,Food,Margherita Pizza,4,16.86,67.44,Mobile Payment,N/A,Friday,Breakfast,None,does not report
2837,C164,2025-05-07,Dine-In,Food,Caesar Salad,4,15.45,61.8,Cash,14,Wednesday,Breakfast,Less sugar,Juan
2838,C164,2025-09-02,Delivery,Food,Pasta Alfredo,4,15.89,63.56,Card,N/A,Tuesday,Dinner,Gluten-free,does not report
2839,C164,2025-03-14,Dine-In,Beverage,Green Smoothie,3,12.08,36.24,Mobile Payment,5,Friday,Dinner,Extra napkins,Valeria
2840,C164,2025-02-07,Dine-In,Food,Veggie Sandwich,3,19.4,58.2,Cash,24,Friday,Lunch,None,Miguel
2841,C164,2025-12-09,Delivery,Beverage,Cappuccino,4,13.46,53.84,Card,N/A,Tuesday,Dinner,Less sugar,does not report
2842,C164,2025-08-17,Dine-In,Beverage,Cappuccino,3,18.67,56.01,Card,25,Sunday,Lunch,Gluten-free,Ana
2843,C164,2025-07-09,Takeaway,Beverage,Iced Tea,4,12.61,50.44,Card,N/A,Wednesday,Lunch,None,does not report
2844,C164,2025-06-15,Takeaway,Food,Grilled Chicken,4,13.2,52.8,Card,N/A,Sunday,Lunch,None,does not report
2845,C164,2025-11-26,Dine-In,Food,Grilled Chicken,4,16.09,64.36,Mobile Payment,19,Wednesday,Breakfast,None,Juan
2846,C164,2025-04-26,Dine-In,Food,Sushi Roll,2,13.95,27.9,Card,22,Saturday,Breakfast,Extra napkins,Ana
2847,C164,2025-09-15,Takeaway,Food,Caesar Salad,2,17.44,34.88,Mobile Payment,N/A,Monday,Dinner,Gluten-free,does not report
2848,C164,2025-02-16,Dine-In,Beverage,Fresh Orange Juice,2,17.42,34.84,Cash,2,Sunday,Lunch,None,Valeria
2849,C164,2025-01-21,Dine-In,Beverage,Mineral Water,2,18.97,37.94,Cash,8,Tuesday,Breakfast,Extra napkins,Carlos
2850,C164,2025-10-06,Dine-In,Food,Caesar Salad,2,15.64,31.28,Mobile Payment,16,Monday,Lunch,Extra napkins,Valeria
2851,C164,2025-11-06,Delivery,Food,Veggie Sandwich,2,15.38,30.76,Cash,N/A,Thursday,Breakfast,None,does not report
2852,C164,2025-11-27,Takeaway,Food,Veggie Sandwich,4,19.4,77.6,Mobile Payment,N/A,Thursday,Breakfast,None,does not report
2853,C164,2025-10-24,Takeaway,Beverage,Cappuccino,4,15.8,63.2,Card,N/A,Friday,Breakfast,None,does not report
2854,C164,2025-12-24,Takeaway,Food,Margherita Pizza,3,18.58,55.74,Mobile Payment,N/A,Wednesday,Dinner,Gluten-free,does not report
2855,C164,2025-04-25,Takeaway,Beverage,Latte,2,13.9,27.8,Card,N/A,Friday,Dinner,None,does not report
2856,C164,2025-10-11,Dine-In,Beverage,Mineral Water,2,14.04,28.08,Cash,8,Saturday,Breakfast,None,Ana
2857,C164,2025-08-30,Dine-In,Food,Caesar Salad,3,15.92,47.76,Mobile Payment,8,Saturday,Lunch,Less sugar,Carlos
2858,C164,2025-06-25,Delivery,Beverage,Cappuccino,2,16.29,32.58,Mobile Payment,N/A,Wednesday,Dinner,Gluten-free,does not report
2859,C164,2025-08-26,Delivery,Beverage,Iced Tea,3,15.02,45.06,Mobile Payment,N/A,Tuesday,Breakfast,None,does not report
2860,C164,2025-05-24,Delivery,Food,Caesar Salad,4,15.08,60.32,Cash,N/A,Saturday,Lunch,Extra napkins,does not report
2861,C174,2025-11-26,Takeaway,Food,Caesar Salad,3,15.45,46.35,Cash,N/A,Wednesday,Lunch,None,does not report
2862,C174,2025-03-31,Dine-In,Food,Veggie Sandwich,3,13.51,40.53,Mobile Payment,1,Monday,Dinner,Less sugar,Carlos
2863,C174,2025-07-20,Dine-In,Beverage,Cappuccino,4,19.33,77.32,Cash,15,Sunday,Lunch,None,Ana
2864,C174,2025-05-21,Dine-In,Beverage,Fresh Orange Juice,3,19.0,57.0,Mobile Payment,15,Wednesday,Breakfast,Gluten-free,Ana
2865,C174,2025-02-20,Delivery,Food,Pasta Alfredo,3,13.81,41.43,Mobile Payment,N/A,Thursday,Lunch,Less sugar,does not report
2866,C174,2025-10-07,Dine-In,Food,Veggie Sandwich,4,13.51,54.04,Cash,25,Tuesday,Lunch,None,Miguel
2867,C174,2025-06-08,Dine-In,Food,Sushi Roll,4,12.26,49.04,Card,20,Sunday,Lunch,Gluten-free,Carlos
2868,C174,2025-04-12,Takeaway,Beverage,Mojito,3,12.46,37.38,Card,N/A,Saturday,Breakfast,None,does not report
2869,C174,2025-08-07,Dine-In,Beverage,Latte,4,13.9,55.6,Cash,10,Thursday,Lunch,Gluten-free,Valeria
2870,C174,2025-09-05,Dine-In,Food,Veggie Sandwich,4,19.38,77.52,Mobile Payment,6,Friday,Breakfast,Less sugar,Valeria
2871,C174,2025-01-20,Delivery,Beverage,Mojito,2,14.3,28.6,Card,N/A,Monday,Breakfast,No onions,does not report
2872,C174,2025-03-17,Delivery,Food,Veggie Sandwich,4,14.91,59.64,Cash,N/A,Monday,Dinner,No onions,does not report
2873,C174,2025-06-13,Takeaway,Beverage,Mineral Water,2,15.73,31.46,Card,N/A,Friday,Breakfast,Extra napkins,does not report
2874,C174,2025-01-24,Dine-In,Beverage,Cappuccino,4,16.29,65.16,Cash,16,Friday,Dinner,None,Miguel
2875,C174,2025-09-01,Delivery,Food,Margherita Pizza,4,18.94,75.76,Cash,N/A,Monday,Lunch,None,does not report
2876,C174,2025-04-25,Delivery,Beverage,Iced Tea,4,17.44,69.76,Card,N/A,Friday,Dinner,Extra napkins,does not report
2877,C174,2025-03-10,Delivery,Beverage,Green Smoothie,2,13.81,27.62,Mobile Payment,N/A,Monday,Lunch,None,does not report
2878,C174,2025-07-13,Dine-In,Beverage,Iced Tea,3,18.58,55.74,Mobile Payment,25,Sunday,Dinner,No onions,Carlos
2879,C174,2025-11-13,Dine-In,Beverage,Latte,4,18.13,72.52,Card,5,Thursday,Dinner,Extra napkins,Carlos
2880,C174,2025-10-29,Dine-In,Beverage,Iced Tea,3,19.62,58.86,Mobile Payment,23,Wednesday,Lunch,Less sugar,Miguel
2881,C174,2025-08-08,Takeaway,Beverage,Mojito,2,15.77,31.54,Mobile Payment,N/A,Friday,Dinner,None,does not report
2882,C174,2025-05-26,Delivery,Beverage,Mineral Water,4,14.04,56.16,Cash,N/A,Monday,Lunch,Less sugar,does not report
2883,C174,2025-06-22,Takeaway,Food,Veggie Sandwich,4,19.38,77.52,Mobile Payment,N/A,Sunday,Lunch,None,does not report
2884,C174,2025-05-13,Dine-In,Food,Veggie Sandwich,2,14.13,28.26,Mobile Payment,27,Tuesday,Lunch,None,Valeria
2885,C174,2025-02-24,Dine-In,Beverage,Cappuccino,2,18.74,37.48,Card,9,Monday,Dinner,Gluten-free,Juan
2886,C174,2025-09-10,Delivery,Beverage,Green Smoothie,3,17.26,51.78,Card,N/A,Wednesday,Breakfast,None,does not report
2887,C174,2025-11-24,Dine-In,Beverage,Iced Tea,3,17.66,52.98,Mobile Payment,23,Monday,Dinner,No onions,Valeria
2888,C176,2025-04-03,Takeaway,Food,Pasta Alfredo,4,15.71,62.84,Mobile Payment,N/A,Thursday,Dinner,None,does not report
2889,C176,2025-01-13,Dine-In,Beverage,Cappuccino,3,12.6,37.8,Cash,5,Monday,Dinner,None,Ana
2890,C176,2025-12-17,Takeaway,Food,Sushi Roll,4,13.55,54.2,Mobile Payment,N/A,Wednesday,Lunch,Extra napkins,does not report
2891,C176,2025-02-20,Dine-In,Beverage,Fresh Orange Juice,2,16.79,33.58,Mobile Payment,13,Thursday,Dinner,None,Ana
2892,C176,2025-03-16,Dine-In,Food,Beef Burger,4,19.93,79.72,Cash,2,Sunday,Lunch,Gluten-free,Juan
2893,C176,2025-05-14,Takeaway,Beverage,Iced Tea,2,18.37,36.74,Mobile Payment,N/A,Wednesday,Lunch,No onions,does not report
2894,C176,2025-10-18,Dine-In,Beverage,Mojito,3,16.67,50.01,Mobile Payment,27,Saturday,Breakfast,None,Carlos
2895,C176,2025-06-13,Dine-In,Beverage,Mojito,2,16.64,33.28,Mobile Payment,29,Friday,Dinner,None,Valeria
2896,C176,2025-09-24,Delivery,Beverage,Mojito,2,16.67,33.34,Card,N/A,Wednesday,Lunch,None,does not report
2897,C176,2025-11-29,Dine-In,Food,Caesar Salad,4,19.77,79.08,Mobile Payment,13,Saturday,Dinner,None,Juan
2898,C176,2025-07-01,Delivery,Food,Beef Burger,2,12.77,25.54,Mobile Payment,N/A,Tuesday,Lunch,Gluten-free,does not report
2899,C176,2025-05-20,Takeaway,Beverage,Mojito,3,15.65,46.95,Cash,N/A,Tuesday,Dinner,Extra napkins,does not report
2900,C176,2025-10-17,Dine-In,Food,Grilled Chicken,4,12.25,49.0,Cash,28,Friday,Breakfast,None,Miguel
2901,C176,2025-03-31,Takeaway,Beverage,Mojito,4,15.65,62.6,Card,N/A,Monday,Dinner,No onions,does not report
2902,C176,2025-02-28,Takeaway,Food,Sushi Roll,3,11.82,35.46,Mobile Payment,N/A,Friday,Dinner,None,does not report
2903,C176,2025-09-23,Dine-In,Beverage,Mineral Water,4,13.06,52.24,Cash,1,Tuesday,Dinner,Extra napkins,Miguel
2904,C176,2025-12-30,Takeaway,Beverage,Iced Tea,3,17.18,51.54,Mobile Payment,N/A,Tuesday,Dinner,No onions,does not report
2905,C177,2025-11-03,Takeaway,Beverage,Latte,2,17.34,34.68,Mobile Payment,N/A,Monday,Dinner,None,does not report
2906,C177,2025-05-20,Takeaway,Beverage,Green Smoothie,2,18.21,36.42,Cash,N/A,Tuesday,Lunch,No onions,does not report
2907,C177,2025-07-19,Takeaway,Beverage,Mojito,3,15.93,47.79,Mobile Payment,N/A,Saturday,Lunch,None,does not report
2908,C177,2025-08-09,Dine-In,Beverage,Mojito,2,14.28,28.56,Cash,21,Saturday,Dinner,No onions,Ana
2909,C177,2025-04-28,Takeaway,Beverage,Cappuccino,2,16.17,32.34,Mobile Payment,N/A,Monday,Dinner,None,does not report
2910,C177,2025-01-30,Dine-In,Food,Margherita Pizza,4,18.8,75.2,Card,12,Thursday,Breakfast,Less sugar,Carlos
2911,C177,2025-10-25,Takeaway,Food,Caesar Salad,2,17.39,34.78,Cash,N/A,Saturday,Lunch,Extra napkins,does not report
2912,C177,2025-02-23,Dine-In,Beverage,Cappuccino,2,18.61,37.22,Cash,5,Sunday,Dinner,None,Miguel
2913,C177,2025-12-19,Delivery,Food,Caesar Salad,2,17.44,34.88,Mobile Payment,N/A,Friday,Lunch,None,does not report
2914,C177,2025-09-14,Dine-In,Food,Sushi Roll,2,12.86,25.72,Mobile Payment,9,Sunday,Dinner,None,Valeria
2915,C177,2025-06-13,Dine-In,Beverage,Cappuccino,3,15.5,46.5,Card,21,Friday,Dinner,None,Carlos
2916,C177,2025-06-15,Dine-In,Food,Grilled Chicken,3,12.66,37.98,Cash,26,Sunday,Breakfast,Extra napkins,Miguel
2917,C177,2025-02-11,Takeaway,Beverage,Mojito,3,16.37,49.11,Cash,N/A,Tuesday,Dinner,Gluten-free,does not report
2918,C177,2025-05-13,Dine-In,Food,Caesar Salad,3,12.4,37.2,Mobile Payment,27,Tuesday,Breakfast,No onions,Ana
2919,C177,2025-07-01,Takeaway,Beverage,Latte,4,16.14,64.56,Card,N/A,Tuesday,Dinner,Gluten-free,does not report
2920,C177,2025-01-12,Takeaway,Food,Grilled Chicken,3,12.64,37.92,Cash,N/A,Sunday,Dinner,Less sugar,does not report
2921,C177,2025-07-23,Delivery,Beverage,Iced Tea,3,12.86,38.58,Card,N/A,Wednesday,Breakfast,Extra napkins,does not report
2922,C177,2025-01-24,Delivery,Food,Sushi Roll,3,18.82,56.46,Cash,N/A,Friday,Lunch,None,does not report
2923,C177,2025-12-11,Dine-In,Beverage,Mineral Water,2,12.02,24.04,Card,17,Thursday,Lunch,Less sugar,Juan
2924,C177,2025-06-29,Delivery,Beverage,Latte,2,15.13,30.26,Cash,N/A,Sunday,Breakfast,No onions,does not report
2925,C177,2025-10-02,Takeaway,Beverage,Green Smoothie,4,15.5,62.0,Card,N/A,Thursday,Lunch,None,does not report
2926,C177,2025-02-20,Dine-In,Beverage,Fresh Orange Juice,3,19.52,58.56,Cash,2,Thursday,Dinner,No onions,Valeria
2927,C177,2025-05-01,Dine-In,Beverage,Mojito,3,15.75,47.25,Card,6,Thursday,Dinner,None,Carlos
2928,C177,2025-02-27,Dine-In,Food,Sushi Roll,4,15.62,62.48,Cash,17,Thursday,Dinner,None,Miguel
2929,C177,2025-08-18,Dine-In,Beverage,Cappuccino,3,19.33,57.99,Card,12,Monday,Lunch,No onions,Valeria
2930,C177,2025-02-05,Dine-In,Food,Grilled Chicken,4,12.66,50.64,Mobile Payment,12,Wednesday,Dinner,Extra napkins,Ana
2931,C177,2025-05-27,Delivery,Beverage,Iced Tea,3,17.43,52.29,Card,N/A,Tuesday,Breakfast,Less sugar,does not report
2932,C177,2025-05-06,Delivery,Beverage,Latte,4,13.8,55.2,Cash,N/A,Tuesday,Lunch,None,does not report
2933,C180,2025-12-20,Delivery,Beverage,Mojito,2,12.46,24.92,Cash,N/A,Saturday,Dinner,Gluten-free,does not report
2934,C180,2025-03-21,Takeaway,Food,Beef Burger,2,12.77,25.54,Card,N/A,Friday,Dinner,None,does not report
2935,C180,2025-02-05,Delivery,Food,Veggie Sandwich,2,17.83,35.66,Card,N/A,Wednesday,Lunch,None,does not report
2936,C180,2025-09-10,Dine-In,Food,Beef Burger,3,12.77,38.31,Card,7,Wednesday,Dinner,No onions,Juan
2937,C180,2025-04-12,Delivery,Beverage,Green Smoothie,3,19.95,59.85,Card,N/A,Saturday,Dinner,No onions,does not report
2938,C180,2025-07-03,Takeaway,Beverage,Iced Tea,3,12.94,38.82,Mobile Payment,N/A,Thursday,Lunch,Less sugar,does not report
2939,C180,2025-05-10,Dine-In,Beverage,Cappuccino,4,16.79,67.16,Mobile Payment,17,Saturday,Lunch,No onions,Valeria
2940,C180,2025-08-02,Delivery,Food,Grilled Chicken,3,19.01,57.03,Cash,N/A,Saturday,Dinner,Less sugar,does not report
2941,C180,2025-10-29,Delivery,Food,Pasta Alfredo,2,12.09,24.18,Cash,N/A,Wednesday,Lunch,Less sugar,does not report
2942,C180,2025-01-18,Delivery,Beverage,Latte,2,13.8,27.6,Cash,N/A,Saturday,Breakfast,None,does not report
2943,C180,2025-11-27,Delivery,Food,Grilled Chicken,2,12.79,25.58,Card,N/A,Thursday,Lunch,None,does not report
2944,C180,2025-06-16,Takeaway,Food,Sushi Roll,3,17.14,51.42,Mobile Payment,N/A,Monday,Breakfast,None,does not report
2945,C180,2025-08-16,Dine-In,Beverage,Latte,4,13.8,55.2,Mobile Payment,30,Saturday,Dinner,Extra napkins,Valeria
2946,C180,2025-01-09,Takeaway,Beverage,Mineral Water,4,18.46,73.84,Mobile Payment,N/A,Thursday,Lunch,None,does not report
2947,C185,2025-12-31,Takeaway,Beverage,Cappuccino,2,12.6,25.2,Mobile Payment,N/A,Wednesday,Dinner,Extra napkins,does not report
2948,C185,2025-11-17,Dine-In,Food,Margherita Pizza,3,12.74,38.22,Mobile Payment,8,Monday,Dinner,Extra napkins,Ana
2949,C185,2025-07-30,Delivery,Beverage,Cappuccino,3,18.61,55.83,Card,N/A,Wednesday,Breakfast,None,does not report
2950,C185,2025-04-06,Dine-In,Food,Margherita Pizza,3,18.74,56.22,Card,8,Sunday,Dinner,Less sugar,Valeria
2951,C185,2025-05-18,Dine-In,Food,Caesar Salad,4,17.39,69.56,Card,10,Sunday,Dinner,None,Valeria
2952,C185,2025-01-28,Dine-In,Food,Caesar Salad,4,12.54,50.16,Cash,7,Tuesday,Lunch,None,Valeria
2953,C185,2025-03-29,Delivery,Beverage,Iced Tea,3,18.58,55.74,Cash,N/A,Saturday,Dinner,None,does not report
2954,C185,2025-10-04,Dine-In,Beverage,Green Smoothie,4,12.08,48.32,Mobile Payment,24,Saturday,Dinner,Extra napkins,Ana
2955,C185,2025-02-24,Takeaway,Beverage,Green Smoothie,2,18.54,37.08,Cash,N/A,Monday,Dinner,Gluten-free,does not report
2956,C185,2025-08-15,Delivery,Beverage,Iced Tea,4,19.74,78.96,Mobile Payment,N/A,Friday,Lunch,Extra napkins,does not report
2957,C185,2025-06-18,Dine-In,Beverage,Latte,4,18.9,75.6,Cash,20,Wednesday,Dinner,No onions,Valeria
2958,C185,2025-12-20,Delivery,Food,Caesar Salad,3,17.78,53.34,Mobile Payment,N/A,Saturday,Dinner,Less sugar,does not report
2959,C185,2025-05-07,Dine-In,Food,Grilled Chicken,2,12.25,24.5,Card,14,Wednesday,Breakfast,None,Valeria
2960,C185,2025-03-27,Takeaway,Food,Veggie Sandwich,2,15.38,30.76,Mobile Payment,N/A,Thursday,Lunch,Extra napkins,does not report
2961,C185,2025-06-14,Delivery,Beverage,Green Smoothie,3,13.21,39.63,Mobile Payment,N/A,Saturday,Lunch,None,does not report
2962,C185,2025-06-16,Dine-In,Food,Veggie Sandwich,4,12.31,49.24,Cash,19,Monday,Lunch,None,Miguel
2963,C185,2025-08-11,Dine-In,Food,Caesar Salad,4,19.77,79.08,Card,19,Monday,Dinner,None,Carlos
2964,C185,2025-04-29,Dine-In,Food,Caesar Salad,2,15.08,30.16,Card,5,Tuesday,Dinner,None,Juan
2965,C185,2025-05-04,Delivery,Beverage,Latte,2,15.21,30.42,Card,N/A,Sunday,Dinner,None,does not report
2966,C185,2025-11-04,Delivery,Beverage,Latte,3,15.21,45.63,Card,N/A,Tuesday,Dinner,None,does not report
2967,C185,2025-04-01,Takeaway,Beverage,Iced Tea,3,15.16,45.48,Card,N/A,Tuesday,Dinner,No onions,does not report
2968,C185,2025-12-13,Delivery,Beverage,Mojito,3,15.93,47.79,Card,N/A,Saturday,Dinner,None,does not report
2969,C185,2025-08-04,Dine-In,Beverage,Green Smoothie,2,11.89,23.78,Cash,21,Monday,Breakfast,Extra napkins,Valeria
2970,C185,2025-08-13,Takeaway,Food,Grilled Chicken,4,19.41,77.64,Card,N/A,Wednesday,Lunch,None,does not report
2971,C185,2025-03-29,Dine-In,Food,Margherita Pizza,4,13.39,53.56,Card,13,Saturday,Dinner,None,Valeria
2972,C185,2025-09-11,Takeaway,Food,Veggie Sandwich,2,15.38,30.76,Cash,N/A,Thursday,Dinner,No onions,does not report
2973,C186,2025-05-25,Takeaway,Beverage,Mineral Water,2,17.28,34.56,Cash,N/A,Sunday,Dinner,None,does not report
2974,C186,2025-12-29,Dine-In,Food,Caesar Salad,2,19.04,38.08,Mobile Payment,27,Monday,Lunch,None,Carlos
2975,C186,2025-01-19,Takeaway,Beverage,Fresh Orange Juice,4,19.0,76.0,Card,N/A,Sunday,Breakfast,None,does not report
2976,C186,2025-07-04,Dine-In,Beverage,Cappuccino,3,16.29,48.87,Card,22,Friday,Dinner,Less sugar,Carlos
2977,C186,2025-09-21,Takeaway,Food,Margherita Pizza,4,13.78,55.12,Cash,N/A,Sunday,Dinner,Extra napkins,does not report
2978,C186,2025-02-09,Takeaway,Beverage,Fresh Orange Juice,2,16.79,33.58,Cash,N/A,Sunday,Dinner,None,does not report
2979,C186,2025-11-04,Dine-In,Food,Beef Burger,2,19.66,39.32,Card,23,Tuesday,Dinner,No onions,Carlos
2980,C186,2025-08-10,Takeaway,Food,Margherita Pizza,2,19.53,39.06,Mobile Payment,N/A,Sunday,Dinner,None,does not report
2981,C186,2025-03-09,Dine-In,Beverage,Latte,3,18.9,56.7,Mobile Payment,18,Sunday,Lunch,None,Juan
2982,C186,2025-06-18,Dine-In,Food,Pasta Alfredo,2,19.01,38.02,Card,13,Wednesday,Lunch,Less sugar,Miguel
2983,C186,2025-10-26,Delivery,Food,Pasta Alfredo,2,18.53,37.06,Cash,N/A,Sunday,Breakfast,Gluten-free,does not report
2984,C186,2025-12-23,Delivery,Beverage,Cappuccino,2,13.3,26.6,Card,N/A,Tuesday,Dinner,No onions,does not report
2985,C186,2025-12-01,Dine-In,Food,Beef Burger,3,19.93,59.79,Mobile Payment,3,Monday,Breakfast,Less sugar,Carlos
2986,C187,2025-07-13,Dine-In,Food,Beef Burger,3,13.99,41.97,Card,30,Sunday,Dinner,No onions,Juan
2987,C187,2025-04-14,Dine-In,Beverage,Green Smoothie,2,18.54,37.08,Card,15,Monday,Dinner,Less sugar,Carlos
2988,C187,2025-06-11,Delivery,Beverage,Fresh Orange Juice,2,17.42,34.84,Cash,N/A,Wednesday,Dinner,Gluten-free,does not report
2989,C187,2025-12-24,Dine-In,Food,Sushi Roll,3,17.53,52.59,Card,16,Wednesday,Dinner,None,Valeria
2990,C187,2025-09-05,Takeaway,Beverage,Mojito,4,14.09,56.36,Card,N/A,Friday,Dinner,Less sugar,does not report
2991,C187,2025-02-28,Dine-In,Food,Pasta Alfredo,4,18.53,74.12,Mobile Payment,9,Friday,Lunch,None,Ana
2992,C187,2025-10-23,Dine-In,Food,Sushi Roll,4,18.22,72.88,Mobile Payment,19,Thursday,Dinner,No onions,Ana
2993,C187,2025-08-31,Takeaway,Food,Veggie Sandwich,4,12.31,49.24,Card,N/A,Sunday,Breakfast,None,does not report
2994,C187,2025-05-24,Dine-In,Food,Veggie Sandwich,2,19.87,39.74,Mobile Payment,14,Saturday,Lunch,No onions,Carlos
2995,C187,2025-01-23,Takeaway,Beverage,Latte,2,16.14,32.28,Card,N/A,Thursday,Lunch,None,does not report
2996,C187,2025-11-14,Takeaway,Food,Caesar Salad,3,12.54,37.62,Card,N/A,Friday,Dinner,None,does not report
2997,C187,2025-10-29,Dine-In,Food,Veggie Sandwich,4,13.32,53.28,Card,9,Wednesday,Breakfast,Less sugar,Carlos
2998,C187,2025-03-16,Dine-In,Beverage,Latte,4,13.9,55.6,Card,1,Sunday,Lunch,Extra napkins,Juan
2999,C187,2025-11-20,Takeaway,Beverage,Fresh Orange Juice,4,19.0,76.0,Card,N/A,Thursday,Lunch,Extra napkins,does not report
3000,C187,2025-10-27,Takeaway,Food,Beef Burger,2,17.43,34.86,Mobile Payment,N/A,Monday,Breakfast,None,does not report
3001,C187,2025-01-05,Dine-In,Food,Grilled Chicken,4,19.01,76.04,Mobile Payment,28,Sunday,Dinner,Gluten-free,Juan
3002,C187,2025-01-16,Dine-In,Beverage,Iced Tea,3,14.06,42.18,Cash,16,Thursday,Breakfast,None,Juan
3003,C187,2025-09-05,Delivery,Food,Veggie Sandwich,2,19.38,38.76,Mobile Payment,N/A,Friday,Dinner,None,does not report
3004,C190,2025-10-08,Delivery,Food,Caesar Salad,2,19.77,39.54,Cash,N/A,Wednesday,Dinner,Extra napkins,does not report
3005,C190,2025-05-21,Dine-In,Food,Sushi Roll,2,13.55,27.1,Card,27,Wednesday,Dinner,Less sugar,Carlos
3006,C190,2025-08-13,Dine-In,Beverage,Green Smoothie,3,13.81,41.43,Mobile Payment,18,Wednesday,Dinner,Extra napkins,Carlos
3007,C190,2025-04-12,Dine-In,Food,Sushi Roll,4,13.55,54.2,Mobile Payment,22,Saturday,Dinner,Extra napkins,Valeria
3008,C190,2025-09-06,Dine-In,Beverage,Latte,3,15.42,46.26,Mobile Payment,25,Saturday,Breakfast,No onions,Juan
3009,C190,2025-03-28,Takeaway,Beverage,Cappuccino,2,13.46,26.92,Cash,N/A,Friday,Dinner,None,does not report
3010,C190,2025-06-28,Dine-In,Beverage,Mojito,4,17.64,70.56,Mobile Payment,3,Saturday,Lunch,None,Carlos
3011,C190,2025-07-11,Delivery,Beverage,Iced Tea,2,12.94,25.88,Card,N/A,Friday,Dinner,No onions,does not report
3012,C190,2025-12-16,Dine-In,Beverage,Iced Tea,3,16.66,49.98,Cash,17,Tuesday,Lunch,No onions,Valeria
3013,C190,2025-02-14,Dine-In,Beverage,Mineral Water,4,18.1,72.4,Card,2,Friday,Breakfast,Gluten-free,Carlos
3014,C190,2025-11-02,Takeaway,Beverage,Cappuccino,2,13.3,26.6,Card,N/A,Sunday,Lunch,Gluten-free,does not report
3015,C190,2025-12-26,Dine-In,Beverage,Iced Tea,3,16.8,50.4,Cash,22,Friday,Dinner,Extra napkins,Miguel
3016,C190,2025-06-13,Dine-In,Beverage,Latte,3,16.14,48.42,Mobile Payment,5,Friday,Dinner,Less sugar,Ana
3017,C190,2025-04-04,Dine-In,Beverage,Latte,3,17.34,52.02,Mobile Payment,4,Friday,Dinner,None,Juan
3018,C190,2025-04-22,Dine-In,Food,Caesar Salad,4,11.94,47.76,Cash,2,Tuesday,Dinner,None,Juan
3019,C190,2025-05-31,Dine-In,Food,Sushi Roll,2,18.82,37.64,Mobile Payment,22,Saturday,Lunch,None,Carlos
3020,C190,2025-05-28,Takeaway,Food,Sushi Roll,4,18.22,72.88,Card,N/A,Wednesday,Dinner,Extra napkins,does not report
3021,C190,2025-03-28,Dine-In,Beverage,Green Smoothie,4,15.5,62.0,Card,27,Friday,Dinner,No onions,Miguel
3022,C190,2025-12-18,Dine-In,Beverage,Mineral Water,2,16.04,32.08,Mobile Payment,11,Thursday,Dinner,None,Carlos
3023,C190,2025-02-05,Dine-In,Food,Veggie Sandwich,3,14.27,42.81,Cash,28,Wednesday,Dinner,Less sugar,Carlos
3024,C190,2025-08-14,Delivery,Beverage,Fresh Orange Juice,2,13.62,27.24,Card,N/A,Thursday,Dinner,None,does not report
3025,C190,2025-01-13,Dine-In,Food,Pasta Alfredo,4,15.71,62.84,Mobile Payment,29,Monday,Lunch,None,Ana
3026,C190,2025-01-22,Dine-In,Food,Beef Burger,2,12.77,25.54,Mobile Payment,5,Wednesday,Dinner,None,Ana
3027,C190,2025-04-30,Delivery,Beverage,Cappuccino,4,16.55,66.2,Card,N/A,Wednesday,Dinner,None,does not report
3028,C190,2025-10-03,Dine-In,Beverage,Fresh Orange Juice,2,11.87,23.74,Card,6,Friday,Dinner,None,Juan
3029,C190,2025-07-11,Dine-In,Beverage,Fresh Orange Juice,4,13.58,54.32,Mobile Payment,29,Friday,Lunch,Less sugar,Miguel
3030,C190,2025-07-17,Delivery,Food,Caesar Salad,3,12.88,38.64,Mobile Payment,N/A,Thursday,Dinner,Less sugar,does not report
3031,C190,2025-08-16,Dine-In,Food,Pasta Alfredo,2,15.56,31.12,Mobile Payment,10,Saturday,Lunch,No onions,Carlos
3032,C190,2025-12-12,Dine-In,Beverage,Iced Tea,4,16.68,66.72,Cash,25,Friday,Breakfast,None,Carlos
3033,C192,2025-06-14,Dine-In,Beverage,Cappuccino,4,18.67,74.68,Card,7,Saturday,Dinner,Extra napkins,Valeria
3034,C192,2025-05-07,Dine-In,Food,Caesar Salad,2,16.6,33.2,Card,12,Wednesday,Lunch,Less sugar,Juan
3035,C192,2025-10-14,Delivery,Food,Veggie Sandwich,2,13.37,26.74,Cash,N/A,Tuesday,Breakfast,Extra napkins,does not report
3036,C192,2025-09-30,Takeaway,Food,Grilled Chicken,3,15.37,46.11,Mobile Payment,N/A,Tuesday,Lunch,Gluten-free,does not report
3037,C192,2025-01-04,Delivery,Food,Margherita Pizza,3,12.15,36.45,Card,N/A,Saturday,Lunch,Extra napkins,does not report
3038,C192,2025-02-08,Dine-In,Food,Margherita Pizza,4,18.58,74.32,Card,11,Saturday,Dinner,None,Carlos
3039,C192,2025-12-24,Delivery,Beverage,Iced Tea,2,12.61,25.22,Cash,N/A,Wednesday,Dinner,None,does not report
3040,C192,2025-04-08,Takeaway,Beverage,Iced Tea,4,18.58,74.32,Card,N/A,Tuesday,Breakfast,None,does not report
3041,C192,2025-11-06,Dine-In,Beverage,Iced Tea,3,19.74,59.22,Mobile Payment,8,Thursday,Lunch,Less sugar,Ana
3042,C192,2025-07-12,Dine-In,Beverage,Iced Tea,4,16.66,66.64,Mobile Payment,7,Saturday,Breakfast,Gluten-free,Carlos
3043,C192,2025-03-31,Dine-In,Beverage,Mineral Water,2,18.1,36.2,Cash,6,Monday,Breakfast,Extra napkins,Valeria
3044,C192,2025-10-26,Dine-In,Food,Margherita Pizza,4,19.24,76.96,Card,26,Sunday,Breakfast,Less sugar,Valeria
3045,C192,2025-02-01,Dine-In,Food,Margherita Pizza,4,16.86,67.44,Mobile Payment,24,Saturday,Dinner,None,Valeria
3046,C192,2025-08-12,Dine-In,Food,Margherita Pizza,2,18.88,37.76,Mobile Payment,28,Tuesday,Dinner,None,Carlos
3047,C192,2025-07-14,Delivery,Beverage,Iced Tea,3,17.18,51.54,Mobile Payment,N/A,Monday,Lunch,None,does not report
3048,C192,2025-11-06,Dine-In,Beverage,Iced Tea,2,17.44,34.88,Mobile Payment,5,Thursday,Dinner,Extra napkins,Valeria
3049,C192,2025-05-21,Delivery,Food,Caesar Salad,2,19.77,39.54,Cash,N/A,Wednesday,Dinner,None,does not report
3050,C192,2025-05-05,Delivery,Beverage,Iced Tea,4,15.16,60.64,Card,N/A,Monday,Dinner,Extra napkins,does not report
3051,C192,2025-08-26,Dine-In,Food,Veggie Sandwich,2,12.53,25.06,Card,1,Tuesday,Lunch,Less sugar,Valeria
3052,C192,2025-07-27,Delivery,Beverage,Fresh Orange Juice,4,19.0,76.0,Mobile Payment,N/A,Sunday,Lunch,Gluten-free,does not report
3053,C192,2025-11-12,Dine-In,Beverage,Mineral Water,3,14.04,42.12,Mobile Payment,24,Wednesday,Dinner,None,Juan
3054,C192,2025-08-16,Dine-In,Food,Pasta Alfredo,4,19.01,76.04,Card,16,Saturday,Dinner,Gluten-free,Miguel
3055,C192,2025-11-12,Dine-In,Food,Grilled Chicken,2,15.42,30.84,Card,28,Wednesday,Dinner,Extra napkins,Carlos
3056,C192,2025-12-04,Delivery,Food,Margherita Pizza,2,18.88,37.76,Mobile Payment,N/A,Thursday,Breakfast,No onions,does not report
3057,C192,2025-07-19,Takeaway,Beverage,Green Smoothie,4,13.33,53.32,Card,N/A,Saturday,Breakfast,None,does not report
3058,C192,2025-03-10,Takeaway,Food,Margherita Pizza,2,12.08,24.16,Card,N/A,Monday,Dinner,None,does not report
3059,C192,2025-06-10,Delivery,Food,Veggie Sandwich,2,18.04,36.08,Card,N/A,Tuesday,Breakfast,Gluten-free,does not report
3060,C192,2025-09-06,Dine-In,Beverage,Mojito,4,14.37,57.48,Card,23,Saturday,Dinner,No onions,Ana
3061,C192,2025-11-11,Dine-In,Beverage,Iced Tea,3,19.62,58.86,Cash,23,Tuesday,Dinner,None,Valeria
3062,C192,2025-03-21,Dine-In,Beverage,Cappuccino,3,12.65,37.95,Mobile Payment,30,Friday,Dinner,No onions,Valeria
3063,C192,2025-12-28,Dine-In,Beverage,Mineral Water,3,18.97,56.91,Card,14,Sunday,Dinner,No onions,Ana
3064,C193,2025-02-01,Dine-In,Beverage,Fresh Orange Juice,3,16.8,50.4,Mobile Payment,5,Saturday,Lunch,Less sugar,Juan
3065,C193,2025-05-09,Dine-In,Food,Veggie Sandwich,4,18.04,72.16,Mobile Payment,3,Friday,Dinner,None,Carlos
3066,C193,2025-10-05,Delivery,Beverage,Mojito,3,12.44,37.32,Cash,N/A,Sunday,Lunch,None,does not report
3067,C193,2025-09-10,Dine-In,Beverage,Latte,3,14.84,44.52,Cash,21,Wednesday,Dinner,Extra napkins,Juan
3068,C193,2025-11-21,Takeaway,Food,Pasta Alfredo,3,17.38,52.14,Card,N/A,Friday,Lunch,Extra napkins,does not report
3069,C193,2025-04-23,Dine-In,Beverage,Green Smoothie,2,18.3,36.6,Card,28,Wednesday,Lunch,None,Juan
3070,C193,2025-08-01,Dine-In,Food,Beef Burger,3,18.39,55.17,Mobile Payment,13,Friday,Lunch,Less sugar,Juan
3071,C193,2025-07-13,Dine-In,Beverage,Green Smoothie,4,18.54,74.16,Mobile Payment,11,Sunday,Dinner,Gluten-free,Carlos
3072,C193,2025-12-27,Delivery,Beverage,Mojito,4,12.34,49.36,Mobile Payment,N/A,Saturday,Dinner,None,does not report
3073,C193,2025-03-08,Dine-In,Beverage,Mojito,3,14.09,42.27,Mobile Payment,18,Saturday,Breakfast,None,Carlos
3074,C193,2025-01-25,Delivery,Beverage,Fresh Orange Juice,3,13.58,40.74,Card,N/A,Saturday,Dinner,Gluten-free,does not report
3075,C193,2025-01-17,Takeaway,Food,Beef Burger,4,18.39,73.56,Card,N/A,Friday,Dinner,No onions,does not report
3076,C193,2025-05-01,Dine-In,Beverage,Fresh Orange Juice,3,17.42,52.26,Card,8,Thursday,Dinner,None,Juan
3077,C193,2025-12-01,Delivery,Food,Sushi Roll,3,16.11,48.33,Mobile Payment,N/A,Monday,Lunch,Gluten-free,does not report
3078,C193,2025-04-04,Takeaway,Beverage,Mineral Water,4,18.1,72.4,Card,N/A,Friday,Breakfast,None,does not report
3079,C193,2025-02-22,Dine-In,Beverage,Iced Tea,4,15.04,60.16,Mobile Payment,4,Saturday,Breakfast,None,Carlos
3080,C193,2025-03-14,Dine-In,Beverage,Latte,3,15.21,45.63,Cash,27,Friday,Dinner,Extra napkins,Juan
3081,C193,2025-04-10,Delivery,Beverage,Cappuccino,3,18.61,55.83,Card,N/A,Thursday,Breakfast,Less sugar,does not report
3082,C193,2025-04-08,Delivery,Food,Caesar Salad,2,15.45,30.9,Card,N/A,Tuesday,Lunch,None,does not report
3083,C193,2025-07-31,Dine-In,Food,Margherita Pizza,2,14.3,28.6,Mobile Payment,17,Thursday,Dinner,No onions,Juan
3084,C193,2025-10-21,Delivery,Food,Veggie Sandwich,2,14.13,28.26,Card,N/A,Tuesday,Dinner,None,does not report
3085,C193,2025-01-26,Dine-In,Beverage,Cappuccino,4,15.5,62.0,Cash,10,Sunday,Lunch,None,Carlos
3086,C193,2025-05-24,Dine-In,Food,Caesar Salad,3,19.77,59.31,Card,28,Saturday,Lunch,Less sugar,Ana
3087,C193,2025-04-03,Dine-In,Food,Veggie Sandwich,4,19.38,77.52,Card,28,Thursday,Dinner,No onions,Miguel
3088,C193,2025-05-10,Dine-In,Beverage,Mojito,4,15.75,63.0,Card,23,Saturday,Lunch,None,Miguel
3089,C193,2025-02-17,Dine-In,Beverage,Mojito,2,14.28,28.56,Cash,20,Monday,Breakfast,None,Juan
3090,C193,2025-11-24,Takeaway,Beverage,Iced Tea,3,16.8,50.4,Cash,N/A,Monday,Lunch,Less sugar,does not report
3091,C193,2025-04-01,Dine-In,Beverage,Iced Tea,3,16.68,50.04,Mobile Payment,20,Tuesday,Breakfast,None,Juan
3092,C193,2025-07-03,Delivery,Food,Margherita Pizza,4,19.53,78.12,Card,N/A,Thursday,Breakfast,Extra napkins,does not report
3093,C193,2025-10-16,Dine-In,Food,Margherita Pizza,4,17.4,69.6,Cash,29,Thursday,Breakfast,Gluten-free,Juan
3094,C193,2025-11-15,Takeaway,Food,Veggie Sandwich,3,19.87,59.61,Mobile Payment,N/A,Saturday,Dinner,None,does not report
3095,C193,2025-09-22,Dine-In,Beverage,Iced Tea,3,15.02,45.06,Card,16,Monday,Lunch,None,Valeria
3096,C193,2025-08-12,Takeaway,Food,Pasta Alfredo,2,14.9,29.8,Card,N/A,Tuesday,Dinner,None,does not report
3097,C193,2025-05-21,Dine-In,Food,Sushi Roll,2,13.03,26.06,Mobile Payment,26,Wednesday,Lunch,Extra napkins,Ana
3098,C196,2025-11-11,Delivery,Food,Sushi Roll,3,12.26,36.78,Card,N/A,Tuesday,Dinner,None,does not report
3099,C196,2025-09-25,Delivery,Beverage,Cappuccino,2,19.07,38.14,Mobile Payment,N/A,Thursday,Dinner,None,does not report
3100,C196,2025-07-14,Delivery,Beverage,Mojito,3,14.09,42.27,Cash,N/A,Monday,Lunch,None,does not report
3101,C196,2025-06-27,Dine-In,Beverage,Latte,3,12.39,37.17,Cash,20,Friday,Breakfast,None,Valeria
3102,C196,2025-12-02,Delivery,Food,Caesar Salad,4,12.88,51.52,Mobile Payment,N/A,Tuesday,Dinner,Less sugar,does not report
3103,C196,2025-04-07,Dine-In,Food,Grilled Chicken,2,15.42,30.84,Card,27,Monday,Lunch,None,Miguel
3104,C196,2025-08-02,Dine-In,Beverage,Fresh Orange Juice,3,16.79,50.37,Cash,12,Saturday,Dinner,Extra napkins,Miguel
3105,C196,2025-02-18,Dine-In,Beverage,Mojito,3,19.74,59.22,Card,22,Tuesday,Lunch,Less sugar,Valeria
3106,C196,2025-03-06,Dine-In,Beverage,Cappuccino,3,16.76,50.28,Card,11,Thursday,Lunch,None,Juan
3107,C196,2025-10-31,Delivery,Beverage,Cappuccino,4,12.65,50.6,Mobile Payment,N/A,Friday,Lunch,Less sugar,does not report
3108,C196,2025-05-19,Takeaway,Food,Veggie Sandwich,3,13.37,40.11,Card,N/A,Monday,Dinner,No onions,does not report
3109,C196,2025-04-03,Delivery,Beverage,Iced Tea,3,16.66,49.98,Cash,N/A,Thursday,Breakfast,No onions,does not report
3110,C196,2025-12-27,Delivery,Food,Grilled Chicken,3,17.76,53.28,Cash,N/A,Saturday,Dinner,Less sugar,does not report
3111,C196,2025-07-01,Delivery,Food,Pasta Alfredo,3,18.49,55.47,Mobile Payment,N/A,Tuesday,Dinner,Extra napkins,does not report
3112,C196,2025-05-08,Takeaway,Food,Caesar Salad,3,17.44,52.32,Card,N/A,Thursday,Lunch,None,does not report
3113,C196,2025-11-29,Delivery,Beverage,Cappuccino,3,13.3,39.9,Mobile Payment,N/A,Saturday,Lunch,Gluten-free,does not report
3114,C196,2025-03-14,Dine-In,Food,Grilled Chicken,3,15.42,46.26,Card,21,Friday,Dinner,Gluten-free,Carlos
3115,C196,2025-12-26,Dine-In,Food,Margherita Pizza,2,18.94,37.88,Cash,6,Friday,Dinner,None,Juan
3116,C196,2025-05-11,Dine-In,Beverage,Mineral Water,2,13.18,26.36,Card,20,Sunday,Dinner,Gluten-free,Miguel
3117,C196,2025-12-18,Takeaway,Beverage,Mojito,3,14.14,42.42,Cash,N/A,Thursday,Lunch,Gluten-free,does not report
3118,C200,2025-01-18,Delivery,Beverage,Iced Tea,3,13.54,40.62,Cash,N/A,Saturday,Dinner,Less sugar,does not report
3119,C200,2025-02-02,Dine-In,Food,Margherita Pizza,4,16.36,65.44,Cash,21,Sunday,Lunch,No onions,Miguel
3120,C200,2025-07-17,Dine-In,Food,Caesar Salad,2,12.88,25.76,Cash,7,Thursday,Lunch,No onions,Valeria
3121,C200,2025-06-05,Takeaway,Food,Veggie Sandwich,4,19.38,77.52,Card,N/A,Thursday,Dinner,None,does not report
3122,C200,2025-10-30,Dine-In,Beverage,Mineral Water,3,12.02,36.06,Card,24,Thursday,Dinner,No onions,Miguel
3123,C200,2025-03-10,Dine-In,Beverage,Fresh Orange Juice,4,11.87,47.48,Cash,8,Monday,Breakfast,None,Carlos
3124,C200,2025-08-20,Delivery,Beverage,Green Smoothie,4,13.21,52.84,Mobile Payment,N/A,Wednesday,Lunch,Extra napkins,does not report
3125,C200,2025-11-24,Takeaway,Food,Margherita Pizza,3,19.53,58.59,Card,N/A,Monday,Breakfast,Less sugar,does not report
3126,C200,2025-04-16,Dine-In,Beverage,Latte,2,13.9,27.8,Cash,2,Wednesday,Dinner,No onions,Carlos
3127,C200,2025-09-24,Dine-In,Beverage,Mojito,3,17.24,51.72,Card,13,Wednesday,Lunch,None,Juan
3128,C200,2025-12-20,Takeaway,Food,Sushi Roll,3,13.95,41.85,Cash,N/A,Saturday,Dinner,None,does not report
3129,C200,2025-03-24,Takeaway,Beverage,Iced Tea,2,19.82,39.64,Card,N/A,Monday,Dinner,None,does not report
3130,C200,2025-03-18,Dine-In,Beverage,Fresh Orange Juice,3,17.49,52.47,Card,30,Tuesday,Dinner,None,Juan
3131,C200,2025-06-15,Delivery,Beverage,Green Smoothie,3,18.3,54.9,Mobile Payment,N/A,Sunday,Dinner,None,does not report
3132,C200,2025-02-07,Dine-In,Beverage,Latte,3,17.34,52.02,Mobile Payment,18,Friday,Breakfast,None,Valeria
3133,C200,2025-11-20,Dine-In,Beverage,Mojito,4,19.22,76.88,Card,6,Thursday,Lunch,Gluten-free,Ana
3134,C200,2025-11-25,Delivery,Food,Veggie Sandwich,3,19.87,59.61,Cash,N/A,Tuesday,Lunch,Extra napkins,does not report
3135,C200,2025-03-08,Delivery,Food,Margherita Pizza,2,16.38,32.76,Card,N/A,Saturday,Lunch,None,does not report
3136,C200,2025-01-17,Dine-In,Beverage,Latte,2,15.21,30.42,Mobile Payment,1,Friday,Dinner,None,Miguel
3137,C200,2025-02-06,Dine-In,Beverage,Latte,3,16.14,48.42,Card,1,Thursday,Lunch,Less sugar,Ana
3138,C201,2025-12-26,Delivery,Food,Veggie Sandwich,4,19.38,77.52,Cash,N/A,Friday,Lunch,Less sugar,does not report
3139,C201,2025-03-07,Takeaway,Beverage,Mineral Water,2,18.04,36.08,Cash,N/A,Friday,Dinner,Less sugar,does not report
3140,C201,2025-07-30,Dine-In,Beverage,Iced Tea,4,19.62,78.48,Cash,5,Wednesday,Lunch,None,Juan
3141,C201,2025-04-30,Dine-In,Beverage,Fresh Orange Juice,2,16.79,33.58,Card,10,Wednesday,Dinner,None,Valeria
3142,C201,2025-09-25,Delivery,Beverage,Cappuccino,3,17.14,51.42,Mobile Payment,N/A,Thursday,Lunch,Extra napkins,does not report
3143,C201,2025-11-02,Delivery,Beverage,Green Smoothie,3,18.21,54.63,Cash,N/A,Sunday,Dinner,None,does not report
3144,C201,2025-10-19,Dine-In,Food,Grilled Chicken,4,12.79,51.16,Cash,12,Sunday,Dinner,Extra napkins,Ana
3145,C201,2025-06-10,Dine-In,Beverage,Cappuccino,4,16.65,66.6,Mobile Payment,30,Tuesday,Dinner,Extra napkins,Valeria
3146,C201,2025-08-04,Delivery,Beverage,Fresh Orange Juice,2,13.58,27.16,Mobile Payment,N/A,Monday,Breakfast,Less sugar,does not report
3147,C201,2025-01-28,Takeaway,Beverage,Mineral Water,3,17.32,51.96,Cash,N/A,Tuesday,Lunch,None,does not report
3148,C201,2025-05-27,Dine-In,Food,Caesar Salad,3,16.6,49.8,Cash,24,Tuesday,Dinner,No onions,Carlos
3149,C201,2025-06-29,Dine-In,Food,Sushi Roll,3,13.55,40.65,Mobile Payment,12,Sunday,Dinner,Extra napkins,Valeria
3150,C201,2025-01-23,Delivery,Beverage,Mineral Water,4,18.04,72.16,Cash,N/A,Thursday,Breakfast,Gluten-free,does not report
3151,C201,2025-04-07,Dine-In,Food,Veggie Sandwich,2,15.03,30.06,Cash,5,Monday,Breakfast,None,Valeria
3152,C201,2025-04-09,Takeaway,Food,Margherita Pizza,4,14.3,57.2,Cash,N/A,Wednesday,Lunch,None,does not report
3153,C201,2025-08-10,Dine-In,Beverage,Cappuccino,3,13.51,40.53,Cash,30,Sunday,Dinner,None,Valeria
3154,C201,2025-12-15,Dine-In,Food,Veggie Sandwich,2,14.91,29.82,Cash,23,Monday,Dinner,None,Carlos
3155,C201,2025-05-02,Dine-In,Food,Caesar Salad,4,17.78,71.12,Cash,1,Friday,Lunch,Extra napkins,Valeria
3156,C201,2025-02-09,Dine-In,Food,Grilled Chicken,2,12.25,24.5,Mobile Payment,30,Sunday,Dinner,Gluten-free,Valeria
3157,C201,2025-02-22,Delivery,Beverage,Mojito,4,14.35,57.4,Mobile Payment,N/A,Saturday,Dinner,Extra napkins,does not report
3158,C201,2025-02-01,Dine-In,Food,Veggie Sandwich,2,13.37,26.74,Cash,24,Saturday,Breakfast,Extra napkins,Miguel
3159,C201,2025-04-23,Takeaway,Beverage,Latte,2,18.9,37.8,Card,N/A,Wednesday,Lunch,None,does not report
3160,C201,2025-03-03,Dine-In,Food,Margherita Pizza,4,16.86,67.44,Card,30,Monday,Dinner,None,Juan
3161,C201,2025-04-01,Dine-In,Food,Sushi Roll,2,15.33,30.66,Cash,11,Tuesday,Breakfast,None,Ana
3162,C201,2025-04-27,Takeaway,Beverage,Fresh Orange Juice,2,17.79,35.58,Cash,N/A,Sunday,Dinner,Less sugar,does not report
3163,C201,2025-09-05,Dine-In,Food,Grilled Chicken,3,16.09,48.27,Cash,4,Friday,Lunch,Less sugar,Juan
3164,C201,2025-11-21,Takeaway,Food,Sushi Roll,2,18.82,37.64,Card,N/A,Friday,Lunch,No onions,does not report
3165,C201,2025-02-13,Delivery,Food,Sushi Roll,3,17.53,52.59,Mobile Payment,N/A,Thursday,Lunch,None,does not report
3166,C201,2025-12-05,Dine-In,Beverage,Mineral Water,4,12.88,51.52,Card,21,Friday,Lunch,Less sugar,Ana
3167,C201,2025-06-11,Dine-In,Beverage,Iced Tea,2,14.06,28.12,Card,6,Wednesday,Dinner,Extra napkins,Carlos
3168,C201,2025-09-15,Dine-In,Food,Pasta Alfredo,3,12.82,38.46,Cash,23,Monday,Dinner,No onions,Valeria
3169,C201,2025-12-22,Delivery,Beverage,Fresh Orange Juice,4,15.12,60.48,Mobile Payment,N/A,Monday,Dinner,No onions,does not report
3170,C201,2025-12-06,Delivery,Beverage,Fresh Orange Juice,4,12.51,50.04,Cash,N/A,Saturday,Breakfast,Less sugar,does not report
3171,C201,2025-10-02,Delivery,Beverage,Mineral Water,3,17.32,51.96,Cash,N/A,Thursday,Dinner,None,does not report
3172,C201,2025-02-27,Takeaway,Beverage,Iced Tea,2,18.58,37.16,Mobile Payment,N/A,Thursday,Dinner,Extra napkins,does not report
3173,C201,2025-12-01,Delivery,Beverage,Fresh Orange Juice,4,13.58,54.32,Mobile Payment,N/A,Monday,Lunch,None,does not report
3174,C201,2025-12-02,Takeaway,Food,Caesar Salad,2,11.94,23.88,Card,N/A,Tuesday,Breakfast,Gluten-free,does not report
3175,C201,2025-03-03,Delivery,Food,Margherita Pizza,4,17.83,71.32,Cash,N/A,Monday,Lunch,None,does not report
3176,C203,2025-04-27,Dine-In,Beverage,Mojito,2,14.09,28.18,Cash,21,Sunday,Lunch,Gluten-free,Carlos
3177,C203,2025-08-29,Dine-In,Food,Pasta Alfredo,4,14.9,59.6,Mobile Payment,27,Friday,Lunch,None,Miguel
3178,C203,2025-05-14,Dine-In,Beverage,Latte,4,16.97,67.88,Mobile Payment,11,Wednesday,Dinner,None,Carlos
3179,C203,2025-11-19,Dine-In,Food,Beef Burger,3,19.39,58.17,Mobile Payment,29,Wednesday,Dinner,None,Juan
3180,C203,2025-07-02,Delivery,Beverage,Mineral Water,4,13.13,52.52,Mobile Payment,N/A,Wednesday,Lunch,No onions,does not report
3181,C203,2025-06-20,Delivery,Beverage,Green Smoothie,4,12.08,48.32,Mobile Payment,N/A,Friday,Dinner,None,does not report
3182,C203,2025-02-20,Dine-In,Food,Sushi Roll,4,13.55,54.2,Cash,22,Thursday,Lunch,Gluten-free,Juan
3183,C203,2025-01-20,Takeaway,Food,Veggie Sandwich,3,17.83,53.49,Cash,N/A,Monday,Lunch,Extra napkins,does not report
3184,C203,2025-03-28,Dine-In,Beverage,Green Smoothie,2,16.92,33.84,Mobile Payment,28,Friday,Dinner,No onions,Juan
3185,C203,2025-10-18,Delivery,Food,Sushi Roll,4,13.55,54.2,Mobile Payment,N/A,Saturday,Dinner,Extra napkins,does not report
3186,C203,2025-12-08,Takeaway,Food,Margherita Pizza,3,19.24,57.72,Mobile Payment,N/A,Monday,Dinner,Extra napkins,does not report
3187,C203,2025-02-21,Takeaway,Food,Veggie Sandwich,4,12.53,50.12,Card,N/A,Friday,Lunch,None,does not report
3188,C203,2025-09-03,Delivery,Food,Margherita Pizza,2,19.24,38.48,Card,N/A,Wednesday,Lunch,None,does not report
3189,C203,2025-03-31,Dine-In,Food,Sushi Roll,4,13.55,54.2,Mobile Payment,13,Monday,Lunch,None,Carlos
3190,C203,2025-03-03,Delivery,Food,Pasta Alfredo,4,14.52,58.08,Cash,N/A,Monday,Dinner,None,does not report
3191,C203,2025-08-03,Dine-In,Beverage,Fresh Orange Juice,2,12.17,24.34,Cash,16,Sunday,Lunch,Less sugar,Juan
3192,C203,2025-04-08,Delivery,Food,Margherita Pizza,4,19.24,76.96,Cash,N/A,Tuesday,Dinner,None,does not report
3193,C203,2025-06-01,Dine-In,Beverage,Mineral Water,2,18.1,36.2,Cash,6,Sunday,Dinner,No onions,Ana
3194,C205,2025-01-09,Dine-In,Food,Caesar Salad,4,16.82,67.28,Card,5,Thursday,Breakfast,Extra napkins,Ana
3195,C205,2025-04-17,Dine-In,Food,Margherita Pizza,4,17.48,69.92,Card,30,Thursday,Breakfast,None,Carlos
3196,C205,2025-12-13,Takeaway,Food,Caesar Salad,4,12.4,49.6,Mobile Payment,N/A,Saturday,Dinner,Extra napkins,does not report
3197,C205,2025-06-12,Dine-In,Beverage,Fresh Orange Juice,2,12.37,24.74,Mobile Payment,22,Thursday,Dinner,Less sugar,Ana
3198,C205,2025-11-03,Takeaway,Beverage,Mojito,3,15.65,46.95,Mobile Payment,N/A,Monday,Dinner,Less sugar,does not report
3199,C205,2025-02-18,Takeaway,Food,Margherita Pizza,2,17.83,35.66,Cash,N/A,Tuesday,Dinner,None,does not report
3200,C205,2025-05-11,Dine-In,Beverage,Green Smoothie,3,18.21,54.63,Cash,30,Sunday,Dinner,Extra napkins,Ana
3201,C205,2025-10-12,Delivery,Beverage,Mojito,4,19.74,78.96,Cash,N/A,Sunday,Breakfast,Less sugar,does not report
3202,C205,2025-08-30,Dine-In,Food,Veggie Sandwich,4,12.31,49.24,Card,23,Saturday,Dinner,Less sugar,Valeria
3203,C205,2025-03-08,Dine-In,Food,Grilled Chicken,2,12.25,24.5,Card,30,Saturday,Lunch,None,Carlos
3204,C205,2025-07-15,Dine-In,Food,Caesar Salad,3,11.94,35.82,Card,10,Tuesday,Dinner,Less sugar,Miguel
3205,C205,2025-10-08,Delivery,Food,Grilled Chicken,3,12.64,37.92,Mobile Payment,N/A,Wednesday,Dinner,None,does not report
3206,C205,2025-03-29,Dine-In,Beverage,Iced Tea,4,19.74,78.96,Cash,19,Saturday,Dinner,None,Valeria
3207,C205,2025-07-30,Delivery,Food,Caesar Salad,3,15.64,46.92,Cash,N/A,Wednesday,Dinner,No onions,does not report
3208,C205,2025-08-23,Delivery,Food,Margherita Pizza,4,16.38,65.52,Mobile Payment,N/A,Saturday,Dinner,None,does not report
3209,C205,2025-10-27,Delivery,Food,Beef Burger,2,19.88,39.76,Cash,N/A,Monday,Lunch,None,does not report
3210,C205,2025-06-29,Delivery,Food,Veggie Sandwich,4,15.03,60.12,Mobile Payment,N/A,Sunday,Lunch,Less sugar,does not report
3211,C205,2025-08-29,Takeaway,Food,Margherita Pizza,2,17.83,35.66,Mobile Payment,N/A,Friday,Lunch,No onions,does not report
3212,C207,2025-08-20,Delivery,Food,Caesar Salad,4,17.39,69.56,Card,N/A,Wednesday,Dinner,Extra napkins,does not report
3213,C207,2025-10-12,Delivery,Beverage,Iced Tea,2,17.44,34.88,Mobile Payment,N/A,Sunday,Dinner,None,does not report
3214,C207,2025-12-05,Dine-In,Beverage,Iced Tea,4,14.06,56.24,Mobile Payment,2,Friday,Dinner,None,Valeria
3215,C207,2025-04-08,Delivery,Food,Sushi Roll,4,11.82,47.28,Card,N/A,Tuesday,Breakfast,No onions,does not report
3216,C207,2025-05-28,Takeaway,Food,Veggie Sandwich,4,12.31,49.24,Card,N/A,Wednesday,Lunch,None,does not report
3217,C207,2025-09-20,Dine-In,Food,Beef Burger,4,12.77,51.08,Card,4,Saturday,Lunch,None,Carlos
3218,C207,2025-03-22,Delivery,Food,Margherita Pizza,4,15.66,62.64,Card,N/A,Saturday,Dinner,Less sugar,does not report
3219,C207,2025-07-13,Delivery,Food,Caesar Salad,4,15.45,61.8,Cash,N/A,Sunday,Dinner,No onions,does not report
3220,C207,2025-06-14,Delivery,Beverage,Mojito,3,17.63,52.89,Cash,N/A,Saturday,Breakfast,Gluten-free,does not report
3221,C207,2025-11-06,Dine-In,Beverage,Green Smoothie,4,12.08,48.32,Card,26,Thursday,Dinner,Gluten-free,Juan
3222,C207,2025-01-31,Dine-In,Food,Sushi Roll,3,13.95,41.85,Card,5,Friday,Breakfast,Less sugar,Carlos
3223,C207,2025-03-29,Delivery,Beverage,Fresh Orange Juice,4,11.87,47.48,Card,N/A,Saturday,Dinner,Gluten-free,does not report
3224,C207,2025-09-04,Takeaway,Beverage,Latte,4,13.8,55.2,Card,N/A,Thursday,Dinner,None,does not report
3225,C207,2025-06-09,Takeaway,Beverage,Latte,2,12.39,24.78,Cash,N/A,Monday,Dinner,Less sugar,does not report
3226,C207,2025-04-23,Dine-In,Food,Veggie Sandwich,2,14.91,29.82,Cash,12,Wednesday,Dinner,Less sugar,Valeria
3227,C207,2025-07-06,Delivery,Beverage,Iced Tea,3,12.67,38.01,Card,N/A,Sunday,Lunch,Less sugar,does not report
3228,C207,2025-01-14,Dine-In,Food,Veggie Sandwich,4,13.51,54.04,Card,25,Tuesday,Dinner,None,Juan
3229,C207,2025-11-07,Delivery,Beverage,Cappuccino,3,18.67,56.01,Cash,N/A,Friday,Dinner,None,does not report
3230,C207,2025-06-05,Takeaway,Food,Grilled Chicken,4,18.13,72.52,Card,N/A,Thursday,Dinner,Less sugar,does not report
3231,C207,2025-01-10,Dine-In,Food,Pasta Alfredo,2,14.9,29.8,Cash,11,Friday,Dinner,None,Miguel
3232,C207,2025-08-05,Takeaway,Food,Grilled Chicken,4,19.41,77.64,Card,N/A,Tuesday,Breakfast,None,does not report
3233,C207,2025-11-12,Delivery,Beverage,Latte,4,13.9,55.6,Mobile Payment,N/A,Wednesday,Lunch,Gluten-free,does not report
3234,C207,2025-02-20,Dine-In,Beverage,Mojito,3,12.34,37.02,Card,22,Thursday,Dinner,Extra napkins,Valeria
3235,C207,2025-11-28,Takeaway,Beverage,Fresh Orange Juice,3,12.37,37.11,Card,N/A,Friday,Breakfast,Less sugar,does not report
3236,C213,2025-05-30,Delivery,Food,Grilled Chicken,4,12.79,51.16,Mobile Payment,N/A,Friday,Breakfast,None,does not report
3237,C213,2025-04-14,Dine-In,Food,Margherita Pizza,4,13.39,53.56,Mobile Payment,10,Monday,Breakfast,No onions,Carlos
3238,C213,2025-07-02,Delivery,Food,Beef Burger,2,19.66,39.32,Cash,N/A,Wednesday,Breakfast,None,does not report
3239,C213,2025-03-04,Dine-In,Food,Sushi Roll,2,13.03,26.06,Card,23,Tuesday,Dinner,None,Miguel
3240,C213,2025-01-16,Dine-In,Beverage,Iced Tea,2,18.58,37.16,Card,25,Thursday,Lunch,None,Ana
3241,C213,2025-06-03,Dine-In,Food,Caesar Salad,4,17.39,69.56,Cash,6,Tuesday,Lunch,None,Ana
3242,C213,2025-12-11,Dine-In,Beverage,Fresh Orange Juice,2,15.12,30.24,Cash,2,Thursday,Dinner,None,Miguel
3243,C213,2025-11-03,Dine-In,Beverage,Latte,4,16.97,67.88,Mobile Payment,28,Monday,Dinner,None,Ana
3244,C213,2025-10-06,Dine-In,Food,Grilled Chicken,3,12.72,38.16,Cash,11,Monday,Dinner,None,Ana
3245,C213,2025-08-19,Takeaway,Food,Grilled Chicken,2,13.75,27.5,Mobile Payment,N/A,Tuesday,Breakfast,Gluten-free,does not report
3246,C213,2025-02-21,Delivery,Beverage,Green Smoothie,4,16.92,67.68,Cash,N/A,Friday,Dinner,No onions,does not report
3247,C213,2025-09-09,Delivery,Beverage,Mojito,3,17.24,51.72,Mobile Payment,N/A,Tuesday,Breakfast,Gluten-free,does not report
3248,C213,2025-08-16,Delivery,Beverage,Cappuccino,2,15.5,31.0,Cash,N/A,Saturday,Breakfast,Gluten-free,does not report
3249,C213,2025-09-28,Dine-In,Food,Caesar Salad,2,15.92,31.84,Card,21,Sunday,Dinner,No onions,Valeria
3250,C213,2025-03-21,Takeaway,Beverage,Green Smoothie,2,18.21,36.42,Cash,N/A,Friday,Breakfast,Gluten-free,does not report
3251,C213,2025-11-04,Delivery,Beverage,Cappuccino,4,16.76,67.04,Mobile Payment,N/A,Tuesday,Lunch,None,does not report
3252,C213,2025-01-07,Delivery,Beverage,Iced Tea,2,16.68,33.36,Mobile Payment,N/A,Tuesday,Dinner,None,does not report
3253,C213,2025-07-29,Dine-In,Beverage,Mineral Water,2,18.04,36.08,Mobile Payment,18,Tuesday,Dinner,None,Carlos
3254,C225,2025-04-22,Takeaway,Beverage,Mojito,4,19.22,76.88,Card,N/A,Tuesday,Dinner,Less sugar,does not report
3255,C225,2025-07-11,Takeaway,Beverage,Latte,4,15.13,60.52,Mobile Payment,N/A,Friday,Breakfast,None,does not report
3256,C225,2025-05-18,Delivery,Beverage,Cappuccino,3,16.65,49.95,Cash,N/A,Sunday,Dinner,None,does not report
3257,C225,2025-03-03,Dine-In,Food,Caesar Salad,2,15.45,30.9,Cash,1,Monday,Lunch,Less sugar,Juan
3258,C225,2025-10-31,Dine-In,Beverage,Latte,2,18.79,37.58,Mobile Payment,8,Friday,Dinner,None,Carlos
3259,C225,2025-02-06,Takeaway,Food,Grilled Chicken,2,15.37,30.74,Card,N/A,Thursday,Dinner,None,does not report
3260,C225,2025-11-20,Dine-In,Food,Sushi Roll,2,12.86,25.72,Mobile Payment,22,Thursday,Dinner,Less sugar,Ana
3261,C225,2025-09-18,Takeaway,Food,Margherita Pizza,4,18.94,75.76,Mobile Payment,N/A,Thursday,Breakfast,None,does not report
3262,C225,2025-06-05,Dine-In,Beverage,Iced Tea,2,14.06,28.12,Cash,5,Thursday,Dinner,Less sugar,Ana
3263,C225,2025-12-23,Delivery,Beverage,Cappuccino,3,15.8,47.4,Card,N/A,Tuesday,Lunch,No onions,does not report
3264,C225,2025-08-02,Takeaway,Food,Pasta Alfredo,3,14.52,43.56,Card,N/A,Saturday,Breakfast,Gluten-free,does not report
3265,C225,2025-04-07,Dine-In,Beverage,Cappuccino,4,17.14,68.56,Cash,18,Monday,Dinner,No onions,Carlos
3266,C225,2025-10-06,Dine-In,Beverage,Cappuccino,4,15.8,63.2,Cash,25,Monday,Lunch,Less sugar,Carlos
3267,C225,2025-03-12,Dine-In,Beverage,Latte,2,16.14,32.28,Mobile Payment,19,Wednesday,Dinner,None,Juan
3268,C225,2025-09-29,Takeaway,Food,Margherita Pizza,3,13.78,41.34,Card,N/A,Monday,Breakfast,None,does not report
3269,C225,2025-04-03,Delivery,Food,Grilled Chicken,4,15.3,61.2,Card,N/A,Thursday,Dinner,None,does not report
3270,C225,2025-07-20,Takeaway,Food,Sushi Roll,4,12.11,48.44,Card,N/A,Sunday,Breakfast,Extra napkins,does not report
3271,C225,2025-02-24,Takeaway,Beverage,Cappuccino,2,14.18,28.36,Mobile Payment,N/A,Monday,Dinner,Gluten-free,does not report
3272,C227,2025-06-03,Dine-In,Beverage,Mojito,3,14.37,43.11,Cash,21,Tuesday,Dinner,None,Carlos
3273,C227,2025-01-13,Takeaway,Beverage,Green Smoothie,2,18.21,36.42,Cash,N/A,Monday,Dinner,None,does not report
3274,C227,2025-12-12,Dine-In,Beverage,Mojito,4,17.63,70.52,Mobile Payment,17,Friday,Breakfast,None,Ana
3275,C227,2025-07-19,Delivery,Beverage,Green Smoothie,3,13.21,39.63,Mobile Payment,N/A,Saturday,Dinner,Less sugar,does not report
3276,C227,2025-02-13,Dine-In,Food,Sushi Roll,3,12.86,38.58,Card,18,Thursday,Dinner,Extra napkins,Miguel
3277,C227,2025-09-27,Takeaway,Food,Margherita Pizza,2,18.8,37.6,Cash,N/A,Saturday,Breakfast,No onions,does not report
3278,C227,2025-05-11,Delivery,Beverage,Cappuccino,4,12.28,49.12,Cash,N/A,Sunday,Dinner,None,does not report
3279,C227,2025-11-09,Dine-In,Beverage,Cappuccino,4,16.29,65.16,Card,22,Sunday,Dinner,None,Juan
3280,C227,2025-10-10,Delivery,Beverage,Mojito,3,14.14,42.42,Cash,N/A,Friday,Breakfast,No onions,does not report
3281,C227,2025-03-31,Dine-In,Food,Sushi Roll,2,13.95,27.9,Card,3,Monday,Lunch,None,Juan
3282,C227,2025-04-13,Dine-In,Beverage,Cappuccino,2,13.68,27.36,Cash,13,Sunday,Lunch,None,Miguel
3283,C227,2025-10-16,Dine-In,Beverage,Mineral Water,3,18.46,55.38,Mobile Payment,17,Thursday,Dinner,Extra napkins,Carlos
3284,C227,2025-08-13,Dine-In,Beverage,Fresh Orange Juice,3,17.79,53.37,Cash,22,Wednesday,Lunch,None,Juan
3285,C227,2025-09-12,Delivery,Beverage,Fresh Orange Juice,2,17.42,34.84,Mobile Payment,N/A,Friday,Lunch,Less sugar,does not report
3286,C227,2025-09-21,Delivery,Beverage,Iced Tea,3,15.04,45.12,Card,N/A,Sunday,Lunch,Extra napkins,does not report
3287,C227,2025-08-14,Dine-In,Food,Margherita Pizza,4,19.21,76.84,Mobile Payment,7,Thursday,Dinner,Extra napkins,Juan
3288,C227,2025-06-16,Delivery,Beverage,Iced Tea,3,14.06,42.18,Mobile Payment,N/A,Monday,Breakfast,Extra napkins,does not report
3289,C227,2025-11-15,Dine-In,Beverage,Latte,3,18.9,56.7,Mobile Payment,20,Saturday,Dinner,No onions,Juan
3290,C227,2025-10-11,Takeaway,Beverage,Latte,2,18.06,36.12,Cash,N/A,Saturday,Lunch,None,does not report
3291,C227,2025-12-19,Dine-In,Food,Margherita Pizza,3,18.74,56.22,Mobile Payment,6,Friday,Dinner,None,Miguel
3292,C230,2025-01-27,Dine-In,Food,Pasta Alfredo,4,14.11,56.44,Card,2,Monday,Dinner,None,Juan
3293,C230,2025-05-16,Dine-In,Beverage,Green Smoothie,3,16.92,50.76,Card,1,Friday,Lunch,Gluten-free,Valeria
3294,C230,2025-08-06,Dine-In,Beverage,Iced Tea,2,15.81,31.62,Mobile Payment,16,Wednesday,Lunch,Extra napkins,Carlos
3295,C230,2025-07-13,Takeaway,Food,Margherita Pizza,3,13.78,41.34,Mobile Payment,N/A,Sunday,Dinner,None,does not report
3296,C230,2025-09-09,Dine-In,Beverage,Fresh Orange Juice,2,16.79,33.58,Mobile Payment,13,Tuesday,Dinner,No onions,Carlos
3297,C230,2025-03-28,Dine-In,Food,Pasta Alfredo,2,15.56,31.12,Mobile Payment,5,Friday,Lunch,None,Miguel
3298,C230,2025-11-28,Dine-In,Beverage,Cappuccino,2,19.33,38.66,Card,28,Friday,Dinner,Gluten-free,Juan
3299,C230,2025-04-22,Dine-In,Food,Pasta Alfredo,3,14.52,43.56,Mobile Payment,29,Tuesday,Lunch,No onions,Miguel
3300,C230,2025-12-29,Takeaway,Beverage,Mineral Water,4,13.96,55.84,Card,N/A,Monday,Dinner,None,does not report
3301,C230,2025-10-21,Dine-In,Beverage,Latte,4,17.87,71.48,Card,19,Tuesday,Dinner,No onions,Ana
3302,C230,2025-02-18,Dine-In,Beverage,Latte,2,18.79,37.58,Mobile Payment,4,Tuesday,Dinner,Extra napkins,Miguel
3303,C230,2025-01-19,Dine-In,Food,Veggie Sandwich,2,19.38,38.76,Card,13,Sunday,Lunch,Less sugar,Ana
3304,C230,2025-09-28,Takeaway,Beverage,Fresh Orange Juice,2,16.95,33.9,Card,N/A,Sunday,Breakfast,No onions,does not report
3305,C230,2025-02-19,Dine-In,Food,Veggie Sandwich,2,19.38,38.76,Cash,3,Wednesday,Dinner,Gluten-free,Miguel
3306,C230,2025-11-05,Delivery,Food,Pasta Alfredo,4,19.01,76.04,Cash,N/A,Wednesday,Lunch,Less sugar,does not report
3307,C230,2025-01-30,Takeaway,Beverage,Cappuccino,3,12.04,36.12,Mobile Payment,N/A,Thursday,Dinner,Gluten-free,does not report
3308,C230,2025-08-16,Dine-In,Beverage,Cappuccino,2,16.29,32.58,Mobile Payment,25,Saturday,Lunch,No onions,Carlos
3309,C230,2025-04-26,Takeaway,Food,Grilled Chicken,4,15.37,61.48,Card,N/A,Saturday,Dinner,None,does not report
3310,C230,2025-08-23,Delivery,Food,Pasta Alfredo,4,15.89,63.56,Mobile Payment,N/A,Saturday,Lunch,Gluten-free,does not report
3311,C230,2025-09-02,Takeaway,Beverage,Fresh Orange Juice,4,12.37,49.48,Mobile Payment,N/A,Tuesday,Dinner,Less sugar,does not report
3312,C230,2025-10-13,Takeaway,Food,Caesar Salad,3,15.45,46.35,Cash,N/A,Monday,Lunch,Gluten-free,does not report
3313,C230,2025-08-02,Dine-In,Food,Grilled Chicken,2,17.76,35.52,Card,9,Saturday,Breakfast,None,Ana
3314,C230,2025-11-11,Dine-In,Food,Caesar Salad,4,17.39,69.56,Mobile Payment,1,Tuesday,Dinner,Gluten-free,Carlos
3315,C230,2025-05-09,Dine-In,Beverage,Mineral Water,2,18.1,36.2,Mobile Payment,28,Friday,Dinner,No onions,Carlos
3316,C230,2025-04-25,Dine-In,Beverage,Mineral Water,4,18.1,72.4,Card,23,Friday,Lunch,None,Ana
3317,C230,2025-12-29,Dine-In,Beverage,Cappuccino,2,13.51,27.02,Card,24,Monday,Dinner,None,Miguel
3318,C230,2025-07-17,Delivery,Beverage,Cappuccino,4,12.28,49.12,Card,N/A,Thursday,Lunch,Less sugar,does not report
3319,C230,2025-10-24,Delivery,Food,Caesar Salad,4,12.54,50.16,Card,N/A,Friday,Dinner,None,does not report
3320,C230,2025-01-25,Dine-In,Food,Sushi Roll,4,11.82,47.28,Mobile Payment,22,Saturday,Breakfast,Extra napkins,Miguel
3321,C230,2025-08-30,Takeaway,Beverage,Cappuccino,3,13.68,41.04,Mobile Payment,N/A,Saturday,Lunch,None,does not report
3322,C230,2025-03-08,Dine-In,Food,Pasta Alfredo,4,12.82,51.28,Mobile Payment,1,Saturday,Dinner,None,Ana
3323,C230,2025-12-15,Dine-In,Beverage,Cappuccino,4,17.14,68.56,Card,3,Monday,Lunch,None,Carlos
3324,C230,2025-06-27,Dine-In,Beverage,Latte,4,18.9,75.6,Cash,22,Friday,Breakfast,None,Valeria
3325,C230,2025-01-27,Delivery,Beverage,Iced Tea,2,15.81,31.62,Mobile Payment,N/A,Monday,Breakfast,Less sugar,does not report
3326,C230,2025-02-26,Takeaway,Beverage,Mineral Water,4,18.97,75.88,Cash,N/A,Wednesday,Breakfast,Less sugar,does not report
3327,C230,2025-09-29,Dine-In,Food,Caesar Salad,4,15.92,63.68,Mobile Payment,23,Monday,Dinner,None,Valeria
3328,C230,2025-10-17,Dine-In,Beverage,Fresh Orange Juice,4,17.79,71.16,Cash,28,Friday,Dinner,Gluten-free,Valeria
3329,C230,2025-05-10,Dine-In,Food,Caesar Salad,3,12.88,38.64,Card,18,Saturday,Lunch,None,Valeria
3330,C230,2025-04-04,Dine-In,Food,Margherita Pizza,2,12.33,24.66,Card,18,Friday,Lunch,None,Juan
3331,C230,2025-03-07,Dine-In,Food,Grilled Chicken,4,16.09,64.36,Card,5,Friday,Dinner,Gluten-free,Ana
3332,C230,2025-09-04,Takeaway,Beverage,Cappuccino,4,13.51,54.04,Card,N/A,Thursday,Lunch,Extra napkins,does not report
3333,C241,2025-03-28,Dine-In,Beverage,Iced Tea,2,17.44,34.88,Card,3,Friday,Lunch,None,Valeria
3334,C241,2025-01-03,Dine-In,Beverage,Fresh Orange Juice,4,12.51,50.04,Cash,11,Friday,Dinner,None,Carlos
3335,C241,2025-12-07,Dine-In,Food,Grilled Chicken,2,17.76,35.52,Mobile Payment,12,Sunday,Lunch,Gluten-free,Valeria
3336,C241,2025-10-17,Takeaway,Beverage,Fresh Orange Juice,4,15.12,60.48,Mobile Payment,N/A,Friday,Dinner,Gluten-free,does not report
3337,C241,2025-09-07,Delivery,Food,Grilled Chicken,3,12.64,37.92,Mobile Payment,N/A,Sunday,Lunch,Less sugar,does not report
3338,C241,2025-07-05,Delivery,Food,Margherita Pizza,4,17.95,71.8,Cash,N/A,Saturday,Breakfast,No onions,does not report
3339,C241,2025-02-08,Dine-In,Food,Sushi Roll,3,18.95,56.85,Mobile Payment,2,Saturday,Lunch,None,Valeria
3340,C241,2025-04-14,Takeaway,Food,Pasta Alfredo,2,14.3,28.6,Mobile Payment,N/A,Monday,Lunch,No onions,does not report
3341,C241,2025-11-20,Delivery,Food,Pasta Alfredo,4,18.49,73.96,Cash,N/A,Thursday,Dinner,Less sugar,does not report
3342,C241,2025-05-27,Dine-In,Food,Veggie Sandwich,2,15.38,30.76,Card,9,Tuesday,Breakfast,Extra napkins,Miguel
3343,C241,2025-08-07,Dine-In,Beverage,Fresh Orange Juice,4,15.12,60.48,Mobile Payment,28,Thursday,Lunch,Extra napkins,Valeria
3344,C241,2025-11-22,Dine-In,Beverage,Iced Tea,4,17.07,68.28,Cash,5,Saturday,Dinner,Extra napkins,Miguel
3345,C241,2025-04-26,Delivery,Beverage,Cappuccino,4,17.14,68.56,Mobile Payment,N/A,Saturday,Dinner,None,does not report
3346,C241,2025-10-29,Takeaway,Food,Veggie Sandwich,3,19.4,58.2,Cash,N/A,Wednesday,Lunch,None,does not report
3347,C241,2025-09-28,Delivery,Beverage,Latte,2,18.79,37.58,Cash,N/A,Sunday,Lunch,None,does not report
3348,C241,2025-07-26,Delivery,Food,Margherita Pizza,2,17.83,35.66,Mobile Payment,N/A,Saturday,Dinner,Less sugar,does not report
3349,C241,2025-02-09,Delivery,Beverage,Green Smoothie,3,17.26,51.78,Mobile Payment,N/A,Sunday,Lunch,Less sugar,does not report
3350,C241,2025-03-22,Dine-In,Beverage,Mojito,2,16.37,32.74,Mobile Payment,13,Saturday,Dinner,Less sugar,Valeria
3351,C241,2025-12-18,Dine-In,Beverage,Latte,4,17.87,71.48,Mobile Payment,23,Thursday,Dinner,No onions,Valeria
3352,C241,2025-12-13,Dine-In,Food,Margherita Pizza,2,19.24,38.48,Cash,26,Saturday,Breakfast,None,Juan
3353,C241,2025-05-25,Takeaway,Beverage,Mojito,3,16.67,50.01,Mobile Payment,N/A,Sunday,Dinner,No onions,does not report
3354,C241,2025-10-03,Delivery,Beverage,Cappuccino,4,18.67,74.68,Mobile Payment,N/A,Friday,Dinner,None,does not report
3355,C241,2025-11-21,Dine-In,Food,Sushi Roll,4,13.67,54.68,Mobile Payment,21,Friday,Breakfast,None,Miguel
3356,C241,2025-07-28,Dine-In,Food,Grilled Chicken,4,16.09,64.36,Mobile Payment,21,Monday,Dinner,None,Juan
3357,C241,2025-12-04,Dine-In,Beverage,Cappuccino,3,15.8,47.4,Card,22,Thursday,Breakfast,None,Valeria
3358,C241,2025-07-10,Dine-In,Food,Caesar Salad,4,15.08,60.32,Cash,4,Thursday,Breakfast,Extra napkins,Valeria
3359,C241,2025-08-30,Delivery,Beverage,Cappuccino,4,13.46,53.84,Card,N/A,Saturday,Dinner,Gluten-free,does not report
3360,C241,2025-10-28,Delivery,Food,Sushi Roll,3,17.14,51.42,Cash,N/A,Tuesday,Breakfast,Less sugar,does not report
3361,C241,2025-06-21,Delivery,Food,Caesar Salad,3,19.32,57.96,Mobile Payment,N/A,Saturday,Lunch,None,does not report
3362,C241,2025-02-19,Takeaway,Beverage,Fresh Orange Juice,3,13.58,40.74,Card,N/A,Wednesday,Breakfast,Gluten-free,does not report
3363,C241,2025-12-22,Dine-In,Beverage,Iced Tea,4,12.45,49.8,Mobile Payment,12,Monday,Dinner,None,Valeria
3364,C241,2025-09-24,Delivery,Beverage,Cappuccino,2,15.5,31.0,Card,N/A,Wednesday,Dinner,Less sugar,does not report
3365,C241,2025-02-02,Dine-In,Food,Sushi Roll,3,13.2,39.6,Mobile Payment,19,Sunday,Breakfast,None,Carlos
3366,C241,2025-05-06,Dine-In,Food,Pasta Alfredo,2,18.53,37.06,Mobile Payment,4,Tuesday,Lunch,Less sugar,Juan
3367,C241,2025-02-24,Takeaway,Beverage,Cappuccino,2,16.76,33.52,Cash,N/A,Monday,Breakfast,No onions,does not report
3368,C241,2025-03-21,Dine-In,Food,Pasta Alfredo,2,14.11,28.22,Card,16,Friday,Dinner,None,Carlos
3369,C241,2025-12-11,Dine-In,Beverage,Latte,2,14.89,29.78,Card,17,Thursday,Breakfast,None,Carlos
3370,C241,2025-02-05,Takeaway,Food,Margherita Pizza,4,19.53,78.12,Cash,N/A,Wednesday,Dinner,None,does not report
3371,C241,2025-03-29,Delivery,Beverage,Fresh Orange Juice,2,12.51,25.02,Card,N/A,Saturday,Lunch,Gluten-free,does not report
3372,C241,2025-03-25,Delivery,Food,Sushi Roll,3,12.26,36.78,Mobile Payment,N/A,Tuesday,Lunch,Extra napkins,does not report
3373,C243,2025-08-12,Delivery,Food,Beef Burger,4,19.88,79.52,Mobile Payment,N/A,Tuesday,Dinner,Gluten-free,does not report
3374,C243,2025-10-25,Dine-In,Food,Caesar Salad,2,15.45,30.9,Cash,28,Saturday,Lunch,None,Carlos
3375,C243,2025-04-12,Dine-In,Beverage,Latte,3,14.84,44.52,Card,29,Saturday,Dinner,Extra napkins,Miguel
3376,C243,2025-09-16,Delivery,Beverage,Mineral Water,4,18.97,75.88,Cash,N/A,Tuesday,Breakfast,Extra napkins,does not report
3377,C243,2025-02-02,Delivery,Beverage,Mojito,3,19.74,59.22,Card,N/A,Sunday,Breakfast,None,does not report
3378,C243,2025-01-19,Delivery,Beverage,Cappuccino,2,13.51,27.02,Card,N/A,Sunday,Dinner,None,does not report
3379,C243,2025-07-20,Dine-In,Food,Pasta Alfredo,3,15.89,47.67,Cash,22,Sunday,Dinner,None,Miguel
3380,C243,2025-05-31,Takeaway,Food,Pasta Alfredo,2,15.71,31.42,Card,N/A,Saturday,Lunch,No onions,does not report
3381,C243,2025-03-14,Delivery,Beverage,Green Smoothie,3,18.21,54.63,Card,N/A,Friday,Breakfast,None,does not report
3382,C243,2025-12-13,Dine-In,Beverage,Mineral Water,4,17.06,68.24,Mobile Payment,19,Saturday,Dinner,Less sugar,Ana
3383,C243,2025-06-23,Delivery,Food,Pasta Alfredo,2,17.12,34.24,Mobile Payment,N/A,Monday,Breakfast,None,does not report
3384,C243,2025-06-24,Delivery,Beverage,Iced Tea,2,12.94,25.88,Cash,N/A,Tuesday,Lunch,None,does not report
3385,C243,2025-01-31,Delivery,Food,Sushi Roll,3,13.03,39.09,Cash,N/A,Friday,Lunch,None,does not report
3386,C243,2025-03-05,Dine-In,Food,Margherita Pizza,3,12.74,38.22,Cash,7,Wednesday,Breakfast,None,Ana
3387,C243,2025-12-12,Takeaway,Food,Grilled Chicken,3,18.13,54.39,Cash,N/A,Friday,Breakfast,None,does not report
3388,C243,2025-07-01,Dine-In,Beverage,Iced Tea,2,19.82,39.64,Card,2,Tuesday,Breakfast,No onions,Miguel
3389,C243,2025-06-18,Delivery,Beverage,Mojito,3,14.28,42.84,Cash,N/A,Wednesday,Dinner,None,does not report
3390,C243,2025-03-27,Delivery,Beverage,Iced Tea,2,16.16,32.32,Cash,N/A,Thursday,Dinner,Less sugar,does not report
3391,C243,2025-11-01,Delivery,Beverage,Iced Tea,4,12.94,51.76,Card,N/A,Saturday,Dinner,None,does not report
3392,C243,2025-12-24,Takeaway,Beverage,Mojito,2,12.34,24.68,Mobile Payment,N/A,Wednesday,Dinner,Gluten-free,does not report
3393,C243,2025-01-14,Delivery,Food,Caesar Salad,3,11.94,35.82,Card,N/A,Tuesday,Dinner,None,does not report
3394,C243,2025-04-11,Dine-In,Beverage,Iced Tea,4,18.58,74.32,Cash,9,Friday,Lunch,None,Valeria
3395,C243,2025-02-16,Dine-In,Beverage,Mineral Water,4,17.06,68.24,Card,13,Sunday,Lunch,Extra napkins,Carlos
3396,C243,2025-07-19,Dine-In,Beverage,Iced Tea,2,17.66,35.32,Mobile Payment,11,Saturday,Breakfast,Extra napkins,Juan
3397,C243,2025-03-18,Dine-In,Beverage,Latte,4,13.8,55.2,Mobile Payment,30,Tuesday,Dinner,Less sugar,Ana
3398,C243,2025-03-08,Dine-In,Food,Margherita Pizza,2,14.72,29.44,Card,21,Saturday,Dinner,None,Juan
3399,C243,2025-07-01,Takeaway,Beverage,Fresh Orange Juice,4,17.79,71.16,Cash,N/A,Tuesday,Dinner,Gluten-free,does not report
3400,C243,2025-03-24,Dine-In,Beverage,Latte,3,16.09,48.27,Mobile Payment,10,Monday,Dinner,None,Valeria
3401,C243,2025-09-27,Dine-In,Beverage,Cappuccino,4,13.3,53.2,Mobile Payment,7,Saturday,Lunch,Extra napkins,Miguel
3402,C243,2025-01-10,Delivery,Food,Margherita Pizza,4,18.74,74.96,Cash,N/A,Friday,Dinner,Extra napkins,does not report
3403,C243,2025-12-27,Delivery,Beverage,Latte,2,18.79,37.58,Cash,N/A,Saturday,Lunch,None,does not report
3404,C243,2025-08-17,Delivery,Beverage,Iced Tea,2,18.58,37.16,Mobile Payment,N/A,Sunday,Dinner,Gluten-free,does not report
3405,C243,2025-07-10,Takeaway,Beverage,Cappuccino,4,13.51,54.04,Card,N/A,Thursday,Dinner,Less sugar,does not report
3406,C243,2025-09-05,Dine-In,Beverage,Latte,2,16.14,32.28,Cash,5,Friday,Dinner,No onions,Carlos
3407,C243,2025-06-24,Delivery,Beverage,Fresh Orange Juice,2,16.8,33.6,Cash,N/A,Tuesday,Breakfast,None,does not report
3408,C243,2025-04-25,Takeaway,Beverage,Latte,4,15.42,61.68,Cash,N/A,Friday,Dinner,Extra napkins,does not report
3409,C243,2025-11-05,Takeaway,Food,Veggie Sandwich,2,15.38,30.76,Mobile Payment,N/A,Wednesday,Dinner,Gluten-free,does not report
3410,C243,2025-12-02,Takeaway,Food,Caesar Salad,3,12.54,37.62,Mobile Payment,N/A,Tuesday,Lunch,None,does not report
3411,C243,2025-04-28,Delivery,Beverage,Cappuccino,4,15.8,63.2,Mobile Payment,N/A,Monday,Dinner,Gluten-free,does not report
3412,C243,2025-08-22,Dine-In,Beverage,Cappuccino,3,19.33,57.99,Card,30,Friday,Lunch,None,Ana
3413,C246,2025-07-03,Delivery,Beverage,Cappuccino,3,14.18,42.54,Cash,N/A,Thursday,Lunch,Extra napkins,does not report
3414,C246,2025-09-28,Takeaway,Food,Beef Burger,2,19.88,39.76,Mobile Payment,N/A,Sunday,Dinner,None,does not report
3415,C246,2025-10-01,Dine-In,Food,Grilled Chicken,3,13.55,40.65,Cash,15,Wednesday,Breakfast,None,Ana
3416,C246,2025-11-11,Delivery,Food,Beef Burger,3,19.39,58.17,Card,N/A,Tuesday,Breakfast,Extra napkins,does not report
3417,C246,2025-03-07,Delivery,Beverage,Mineral Water,3,13.13,39.39,Cash,N/A,Friday,Lunch,None,does not report
3418,C246,2025-02-07,Takeaway,Beverage,Cappuccino,2,12.28,24.56,Cash,N/A,Friday,Lunch,None,does not report
3419,C246,2025-05-09,Dine-In,Beverage,Fresh Orange Juice,3,17.79,53.37,Mobile Payment,20,Friday,Lunch,Less sugar,Ana
3420,C246,2025-01-16,Delivery,Food,Pasta Alfredo,2,15.71,31.42,Card,N/A,Thursday,Dinner,No onions,does not report
3421,C246,2025-04-04,Takeaway,Food,Caesar Salad,4,12.4,49.6,Card,N/A,Friday,Dinner,None,does not report
3422,C246,2025-08-18,Delivery,Food,Caesar Salad,3,15.92,47.76,Mobile Payment,N/A,Monday,Lunch,None,does not report
3423,C246,2025-06-17,Takeaway,Food,Pasta Alfredo,3,14.11,42.33,Cash,N/A,Tuesday,Dinner,No onions,does not report
3424,C246,2025-06-29,Dine-In,Beverage,Latte,4,14.84,59.36,Card,18,Sunday,Dinner,No onions,Juan
3425,C246,2025-05-08,Delivery,Beverage,Mineral Water,2,18.46,36.92,Mobile Payment,N/A,Thursday,Dinner,None,does not report
3426,C246,2025-08-09,Takeaway,Food,Pasta Alfredo,2,18.53,37.06,Cash,N/A,Saturday,Dinner,No onions,does not report
3427,C248,2025-04-18,Dine-In,Beverage,Green Smoothie,4,12.08,48.32,Card,11,Friday,Dinner,None,Ana
3428,C248,2025-02-16,Dine-In,Food,Caesar Salad,3,17.39,52.17,Mobile Payment,7,Sunday,Breakfast,None,Valeria
3429,C248,2025-08-13,Dine-In,Beverage,Cappuccino,3,13.46,40.38,Mobile Payment,29,Wednesday,Dinner,Extra napkins,Juan
3430,C248,2025-05-16,Takeaway,Beverage,Cappuccino,3,14.85,44.55,Card,N/A,Friday,Lunch,Gluten-free,does not report
3431,C248,2025-11-08,Takeaway,Food,Veggie Sandwich,4,14.91,59.64,Card,N/A,Saturday,Lunch,None,does not report
3432,C248,2025-07-05,Takeaway,Food,Margherita Pizza,2,14.3,28.6,Cash,N/A,Saturday,Lunch,Gluten-free,does not report
3433,C248,2025-09-14,Dine-In,Beverage,Mineral Water,4,18.04,72.16,Card,30,Sunday,Lunch,None,Carlos
3434,C248,2025-06-26,Dine-In,Food,Margherita Pizza,3,19.21,57.63,Card,17,Thursday,Breakfast,None,Carlos
3435,C248,2025-03-19,Takeaway,Food,Caesar Salad,3,18.29,54.87,Mobile Payment,N/A,Wednesday,Dinner,No onions,does not report
3436,C248,2025-12-20,Delivery,Beverage,Green Smoothie,2,19.95,39.9,Card,N/A,Saturday,Dinner,Less sugar,does not report
3437,C248,2025-01-12,Dine-In,Food,Caesar Salad,2,15.92,31.84,Mobile Payment,18,Sunday,Dinner,None,Ana
3438,C248,2025-04-07,Delivery,Food,Veggie Sandwich,3,15.03,45.09,Mobile Payment,N/A,Monday,Dinner,None,does not report
3439,C248,2025-01-20,Delivery,Beverage,Mineral Water,4,15.73,62.92,Cash,N/A,Monday,Breakfast,None,does not report
3440,C248,2025-05-05,Delivery,Beverage,Fresh Orange Juice,3,16.95,50.85,Cash,N/A,Monday,Dinner,None,does not report
3441,C248,2025-05-27,Takeaway,Beverage,Cappuccino,3,18.74,56.22,Cash,N/A,Tuesday,Lunch,None,does not report
3442,C248,2025-09-12,Dine-In,Food,Sushi Roll,3,17.53,52.59,Card,8,Friday,Breakfast,None,Juan
3443,C248,2025-04-24,Dine-In,Food,Grilled Chicken,4,13.2,52.8,Mobile Payment,29,Thursday,Dinner,Gluten-free,Carlos
3444,C248,2025-01-22,Takeaway,Beverage,Cappuccino,4,16.76,67.04,Cash,N/A,Wednesday,Dinner,Less sugar,does not report
3445,C248,2025-04-10,Delivery,Food,Grilled Chicken,4,12.66,50.64,Card,N/A,Thursday,Lunch,No onions,does not report
3446,C248,2025-07-01,Dine-In,Beverage,Mojito,4,12.44,49.76,Cash,30,Tuesday,Lunch,Extra napkins,Carlos
3447,C248,2025-06-17,Delivery,Beverage,Iced Tea,3,17.44,52.32,Cash,N/A,Tuesday,Breakfast,Less sugar,does not report
3448,C252,2025-05-21,Delivery,Beverage,Latte,4,15.54,62.16,Card,N/A,Wednesday,Dinner,None,does not report
3449,C252,2025-07-03,Dine-In,Food,Veggie Sandwich,3,13.51,40.53,Mobile Payment,9,Thursday,Lunch,Gluten-free,Carlos
3450,C252,2025-04-18,Takeaway,Food,Pasta Alfredo,3,14.52,43.56,Cash,N/A,Friday,Dinner,None,does not report
3451,C252,2025-11-20,Delivery,Beverage,Mojito,2,14.09,28.18,Card,N/A,Thursday,Breakfast,Less sugar,does not report
3452,C252,2025-03-30,Dine-In,Beverage,Mineral Water,2,12.02,24.04,Mobile Payment,18,Sunday,Lunch,Gluten-free,Miguel
3453,C252,2025-08-21,Dine-In,Beverage,Iced Tea,3,19.62,58.86,Card,16,Thursday,Dinner,None,Carlos
3454,C252,2025-10-09,Dine-In,Beverage,Mineral Water,2,18.04,36.08,Cash,1,Thursday,Dinner,Extra napkins,Carlos
3455,C252,2025-02-11,Dine-In,Beverage,Cappuccino,4,13.3,53.2,Cash,2,Tuesday,Breakfast,None,Miguel
3456,C252,2025-06-19,Takeaway,Beverage,Iced Tea,4,12.86,51.44,Mobile Payment,N/A,Thursday,Dinner,Less sugar,does not report
3457,C252,2025-01-11,Delivery,Beverage,Mineral Water,4,17.06,68.24,Cash,N/A,Saturday,Dinner,None,does not report
3458,C252,2025-09-18,Dine-In,Food,Beef Burger,4,19.66,78.64,Cash,17,Thursday,Lunch,Gluten-free,Valeria
3459,C252,2025-11-30,Takeaway,Beverage,Mojito,3,12.34,37.02,Card,N/A,Sunday,Breakfast,Extra napkins,does not report
3460,C252,2025-05-13,Delivery,Food,Margherita Pizza,2,19.03,38.06,Cash,N/A,Tuesday,Breakfast,Less sugar,does not report
3461,C252,2025-10-09,Delivery,Food,Beef Burger,3,19.66,58.98,Cash,N/A,Thursday,Dinner,No onions,does not report
3462,C252,2025-10-15,Dine-In,Beverage,Mineral Water,4,16.04,64.16,Card,16,Wednesday,Breakfast,None,Juan
3463,C252,2025-10-21,Delivery,Beverage,Iced Tea,2,17.64,35.28,Cash,N/A,Tuesday,Dinner,None,does not report
3464,C252,2025-08-16,Delivery,Beverage,Mineral Water,2,17.74,35.48,Cash,N/A,Saturday,Dinner,None,does not report
3465,C252,2025-09-10,Delivery,Beverage,Cappuccino,4,16.29,65.16,Cash,N/A,Wednesday,Dinner,Less sugar,does not report
3466,C252,2025-04-06,Dine-In,Food,Caesar Salad,2,19.04,38.08,Mobile Payment,1,Sunday,Lunch,None,Ana
3467,C252,2025-06-28,Dine-In,Beverage,Latte,2,18.9,37.8,Mobile Payment,25,Saturday,Dinner,None,Miguel
3468,C252,2025-09-10,Dine-In,Beverage,Mojito,4,14.14,56.56,Cash,20,Wednesday,Dinner,No onions,Carlos
3469,C252,2025-04-10,Delivery,Food,Sushi Roll,2,12.11,24.22,Mobile Payment,N/A,Thursday,Breakfast,None,does not report
3470,C252,2025-07-02,Dine-In,Food,Grilled Chicken,2,16.09,32.18,Cash,10,Wednesday,Dinner,None,Ana
3471,C252,2025-02-26,Dine-In,Beverage,Iced Tea,4,16.66,66.64,Cash,12,Wednesday,Dinner,None,Miguel
3472,C252,2025-02-18,Dine-In,Food,Margherita Pizza,4,12.74,50.96,Cash,3,Tuesday,Breakfast,Gluten-free,Valeria
3473,C252,2025-01-28,Takeaway,Beverage,Green Smoothie,2,18.54,37.08,Card,N/A,Tuesday,Lunch,None,does not report
3474,C253,2025-12-01,Dine-In,Food,Sushi Roll,2,17.53,35.06,Mobile Payment,23,Monday,Lunch,None,Carlos
3475,C253,2025-11-20,Delivery,Food,Grilled Chicken,3,14.21,42.63,Card,N/A,Thursday,Lunch,None,does not report
3476,C253,2025-06-14,Delivery,Beverage,Mojito,4,12.46,49.84,Cash,N/A,Saturday,Dinner,Gluten-free,does not report
3477,C253,2025-03-27,Delivery,Beverage,Cappuccino,3,12.04,36.12,Mobile Payment,N/A,Thursday,Lunch,Less sugar,does not report
3478,C253,2025-01-27,Dine-In,Beverage,Fresh Orange Juice,3,12.17,36.51,Mobile Payment,10,Monday,Dinner,None,Miguel
3479,C253,2025-04-30,Delivery,Food,Grilled Chicken,3,13.75,41.25,Cash,N/A,Wednesday,Dinner,Less sugar,does not report
3480,C253,2025-09-05,Dine-In,Beverage,Mineral Water,4,14.04,56.16,Card,16,Friday,Lunch,None,Carlos
3481,C253,2025-07-17,Delivery,Food,Caesar Salad,2,19.32,38.64,Card,N/A,Thursday,Breakfast,None,does not report
3482,C253,2025-05-22,Dine-In,Beverage,Mineral Water,4,18.75,75.0,Mobile Payment,6,Thursday,Dinner,Gluten-free,Miguel
3483,C253,2025-02-08,Dine-In,Food,Beef Burger,2,19.66,39.32,Mobile Payment,24,Saturday,Dinner,Less sugar,Carlos
3484,C253,2025-10-20,Takeaway,Beverage,Mojito,2,15.75,31.5,Mobile Payment,N/A,Monday,Dinner,Gluten-free,does not report
3485,C253,2025-02-11,Takeaway,Beverage,Latte,2,12.39,24.78,Mobile Payment,N/A,Tuesday,Dinner,Less sugar,does not report
3486,C253,2025-08-22,Takeaway,Beverage,Green Smoothie,3,18.54,55.62,Mobile Payment,N/A,Friday,Dinner,No onions,does not report
3487,C253,2025-05-27,Dine-In,Beverage,Cappuccino,4,16.55,66.2,Cash,30,Tuesday,Breakfast,None,Carlos
3488,C253,2025-10-14,Delivery,Food,Grilled Chicken,4,12.79,51.16,Card,N/A,Tuesday,Lunch,Gluten-free,does not report
3489,C253,2025-08-04,Dine-In,Food,Sushi Roll,2,13.03,26.06,Card,14,Monday,Lunch,Gluten-free,Miguel
3490,C253,2025-06-26,Dine-In,Beverage,Latte,3,12.39,37.17,Mobile Payment,18,Thursday,Lunch,Extra napkins,Carlos
3491,C253,2025-01-25,Dine-In,Beverage,Cappuccino,4,15.8,63.2,Card,26,Saturday,Dinner,None,Valeria
3492,C253,2025-12-18,Dine-In,Food,Pasta Alfredo,2,14.11,28.22,Cash,21,Thursday,Dinner,None,Miguel
3493,C253,2025-06-24,Dine-In,Beverage,Fresh Orange Juice,4,13.94,55.76,Cash,23,Tuesday,Dinner,Extra napkins,Carlos
3494,C253,2025-05-03,Dine-In,Food,Sushi Roll,4,19.82,79.28,Mobile Payment,19,Saturday,Breakfast,Extra napkins,Carlos
3495,C253,2025-03-24,Dine-In,Beverage,Latte,3,15.42,46.26,Card,28,Monday,Dinner,None,Valeria
3496,C253,2025-01-21,Dine-In,Beverage,Cappuccino,4,13.46,53.84,Mobile Payment,13,Tuesday,Lunch,None,Juan
3497,C257,2025-02-13,Dine-In,Food,Veggie Sandwich,2,14.27,28.54,Card,17,Thursday,Lunch,Less sugar,Valeria
3498,C257,2025-04-25,Delivery,Beverage,Mineral Water,2,13.06,26.12,Card,N/A,Friday,Dinner,Gluten-free,does not report
3499,C257,2025-05-07,Takeaway,Beverage,Cappuccino,2,13.51,27.02,Cash,N/A,Wednesday,Dinner,None,does not report
3500,C257,2025-06-19,Delivery,Beverage,Latte,2,18.79,37.58,Mobile Payment,N/A,Thursday,Lunch,None,does not report
3501,C257,2025-01-25,Delivery,Beverage,Cappuccino,4,14.85,59.4,Card,N/A,Saturday,Breakfast,Less sugar,does not report
3502,C257,2025-12-13,Dine-In,Food,Veggie Sandwich,2,16.52,33.04,Card,11,Saturday,Lunch,Gluten-free,Carlos
3503,C257,2025-07-16,Delivery,Food,Veggie Sandwich,2,19.87,39.74,Card,N/A,Wednesday,Dinner,No onions,does not report
3504,C257,2025-11-05,Takeaway,Beverage,Mineral Water,2,17.06,34.12,Cash,N/A,Wednesday,Lunch,None,does not report
3505,C257,2025-08-13,Takeaway,Food,Sushi Roll,4,12.26,49.04,Mobile Payment,N/A,Wednesday,Breakfast,Extra napkins,does not report
3506,C257,2025-03-16,Dine-In,Beverage,Latte,2,18.06,36.12,Cash,22,Sunday,Lunch,None,Carlos
3507,C257,2025-10-04,Dine-In,Food,Beef Burger,4,19.39,77.56,Cash,17,Saturday,Dinner,Less sugar,Juan
3508,C257,2025-02-27,Delivery,Beverage,Iced Tea,3,12.61,37.83,Mobile Payment,N/A,Thursday,Breakfast,None,does not report
3509,C257,2025-03-23,Dine-In,Beverage,Iced Tea,2,17.43,34.86,Cash,21,Sunday,Lunch,No onions,Carlos
3510,C257,2025-11-11,Delivery,Beverage,Cappuccino,4,14.85,59.4,Card,N/A,Tuesday,Lunch,Gluten-free,does not report
3511,C257,2025-09-21,Dine-In,Beverage,Iced Tea,3,15.16,45.48,Mobile Payment,13,Sunday,Dinner,Gluten-free,Ana
3512,C257,2025-12-08,Delivery,Beverage,Latte,4,18.06,72.24,Mobile Payment,N/A,Monday,Dinner,Gluten-free,does not report
3513,C1031,2025-10-09,Dine-In,Beverage,Iced Tea,1,13.11,13.11,Cash,10,Thursday,Dinner,Extra napkins,Miguel
3514,C1031,2025-05-21,Delivery,Food,Margherita Pizza,2,18.8,37.6,Card,N/A,Wednesday,Dinner,Less sugar,does not report
3515,C1031,2025-09-05,Takeaway,Food,Margherita Pizza,2,13.78,27.56,Card,N/A,Friday,Dinner,None,does not report
3516,C1031,2025-02-11,Delivery,Beverage,Latte,1,13.9,13.9,Cash,N/A,Tuesday,Lunch,Gluten-free,does not report
3517,C1031,2025-04-25,Delivery,Beverage,Mojito,1,14.28,14.28,Mobile Payment,N/A,Friday,Dinner,None,does not report
3518,C1031,2025-03-19,Delivery,Beverage,Green Smoothie,1,13.81,13.81,Card,N/A,Wednesday,Dinner,Gluten-free,does not report
3519,C1031,2025-11-23,Dine-In,Food,Pasta Alfredo,1,14.3,14.3,Card,16,Sunday,Dinner,None,Carlos
3520,C1031,2025-08-24,Takeaway,Food,Grilled Chicken,2,17.08,34.16,Cash,N/A,Sunday,Dinner,Extra napkins,does not report
3521,C1032,2025-04-10,Dine-In,Beverage,Mojito,2,16.37,32.74,Cash,25,Thursday,Breakfast,Gluten-free,Miguel
3522,C1032,2025-08-21,Delivery,Food,Caesar Salad,2,16.82,33.64,Mobile Payment,N/A,Thursday,Dinner,None,does not report
3523,C1032,2025-12-29,Delivery,Beverage,Fresh Orange Juice,2,13.62,27.24,Card,N/A,Monday,Dinner,Less sugar,does not report
3524,C1032,2025-01-05,Delivery,Beverage,Mineral Water,1,18.75,18.75,Mobile Payment,N/A,Sunday,Dinner,Less sugar,does not report
3525,C1032,2025-09-09,Dine-In,Beverage,Mineral Water,2,13.13,26.26,Cash,1,Tuesday,Lunch,None,Carlos
3526,C1032,2025-07-13,Delivery,Food,Sushi Roll,2,11.92,23.84,Mobile Payment,N/A,Sunday,Dinner,Extra napkins,does not report
3527,C1032,2025-11-13,Delivery,Food,Margherita Pizza,1,13.39,13.39,Card,N/A,Thursday,Dinner,None,does not report
3528,C1032,2025-05-21,Delivery,Food,Pasta Alfredo,2,17.12,34.24,Cash,N/A,Wednesday,Lunch,Less sugar,does not report
3529,C1033,2025-03-22,Delivery,Food,Pasta Alfredo,2,14.52,29.04,Mobile Payment,N/A,Saturday,Breakfast,Extra napkins,does not report
3530,C1033,2025-12-28,Delivery,Food,Veggie Sandwich,1,14.91,14.91,Cash,N/A,Sunday,Breakfast,No onions,does not report
3531,C1033,2025-05-03,Delivery,Food,Margherita Pizza,2,13.39,26.78,Cash,N/A,Saturday,Lunch,None,does not report
3532,C1033,2025-01-03,Dine-In,Food,Grilled Chicken,2,13.55,27.1,Mobile Payment,28,Friday,Dinner,None,Valeria
3533,C1033,2025-10-11,Takeaway,Food,Caesar Salad,2,13.43,26.86,Cash,N/A,Saturday,Dinner,Extra napkins,does not report
3534,C1033,2025-06-11,Dine-In,Food,Pasta Alfredo,2,14.3,28.6,Cash,3,Wednesday,Lunch,Extra napkins,Carlos
3535,C1033,2025-11-20,Delivery,Beverage,Fresh Orange Juice,1,17.49,17.49,Cash,N/A,Thursday,Breakfast,Gluten-free,does not report
3536,C1033,2025-09-14,Dine-In,Beverage,Iced Tea,1,18.58,18.58,Mobile Payment,10,Sunday,Dinner,Less sugar,Juan
3537,C1034,2025-05-10,Dine-In,Beverage,Iced Tea,1,19.62,19.62,Card,19,Saturday,Lunch,Gluten-free,Ana
3538,C1034,2025-03-17,Dine-In,Beverage,Latte,2,16.97,33.94,Card,26,Monday,Dinner,None,Carlos
3539,C1034,2025-09-24,Delivery,Beverage,Mineral Water,1,12.88,12.88,Card,N/A,Wednesday,Dinner,None,does not report
3540,C1034,2025-04-21,Dine-In,Beverage,Iced Tea,1,15.04,15.04,Card,30,Monday,Breakfast,None,Juan
3541,C1034,2025-01-23,Dine-In,Beverage,Iced Tea,2,12.86,25.72,Card,26,Thursday,Breakfast,Extra napkins,Ana
3542,C1034,2025-07-09,Dine-In,Beverage,Iced Tea,2,18.58,37.16,Cash,30,Wednesday,Dinner,None,Ana
3543,C1034,2025-08-15,Delivery,Food,Sushi Roll,2,11.82,23.64,Mobile Payment,N/A,Friday,Lunch,Less sugar,does not report
3544,C1034,2025-10-22,Dine-In,Food,Sushi Roll,1,12.11,12.11,Cash,3,Wednesday,Dinner,None,Valeria
3545,C1034,2025-11-05,Dine-In,Beverage,Iced Tea,2,15.16,30.32,Cash,18,Wednesday,Dinner,No onions,Carlos
3546,C1034,2025-02-09,Delivery,Beverage,Latte,1,17.87,17.87,Card,N/A,Sunday,Breakfast,Less sugar,does not report
3547,C1035,2025-05-27,Takeaway,Food,Veggie Sandwich,1,11.99,11.99,Mobile Payment,N/A,Tuesday,Breakfast,None,does not report
3548,C1035,2025-10-14,Dine-In,Food,Beef Burger,2,12.77,25.54,Card,20,Tuesday,Lunch,Gluten-free,Carlos
3549,C1035,2025-04-13,Takeaway,Beverage,Cappuccino,2,18.74,37.48,Card,N/A,Sunday,Lunch,Gluten-free,does not report
3550,C1035,2025-09-25,Takeaway,Food,Pasta Alfredo,1,14.52,14.52,Mobile Payment,N/A,Thursday,Breakfast,Less sugar,does not report
3551,C1035,2025-07-23,Dine-In,Beverage,Iced Tea,1,14.0,14.0,Mobile Payment,7,Wednesday,Lunch,Gluten-free,Juan
3552,C1035,2025-01-20,Takeaway,Food,Beef Burger,2,17.43,34.86,Card,N/A,Monday,Lunch,None,does not report
3553,C1035,2025-03-03,Delivery,Food,Margherita Pizza,1,13.39,13.39,Card,N/A,Monday,Dinner,Less sugar,does not report
3554,C1035,2025-08-27,Takeaway,Food,Margherita Pizza,1,19.21,19.21,Cash,N/A,Wednesday,Lunch,None,does not report
3555,C1036,2025-12-08,Delivery,Beverage,Mojito,1,16.64,16.64,Cash,N/A,Monday,Lunch,None,does not report
3556,C1036,2025-11-30,Takeaway,Beverage,Cappuccino,2,19.07,38.14,Card,N/A,Sunday,Lunch,Less sugar,does not report
3557,C1036,2025-10-15,Delivery,Beverage,Fresh Orange Juice,1,16.79,16.79,Card,N/A,Wednesday,Dinner,No onions,does not report
3558,C1036,2025-06-19,Takeaway,Food,Margherita Pizza,1,16.38,16.38,Cash,N/A,Thursday,Lunch,Extra napkins,does not report
3559,C1036,2025-07-14,Takeaway,Food,Sushi Roll,2,12.26,24.52,Mobile Payment,N/A,Monday,Breakfast,None,does not report
3560,C1036,2025-08-11,Delivery,Food,Grilled Chicken,1,19.41,19.41,Mobile Payment,N/A,Monday,Lunch,Gluten-free,does not report
3561,C1036,2025-02-02,Dine-In,Food,Margherita Pizza,1,12.15,12.15,Cash,17,Sunday,Dinner,None,Valeria
3562,C1036,2025-01-27,Takeaway,Food,Caesar Salad,2,15.92,31.84,Mobile Payment,N/A,Monday,Dinner,None,does not report
3563,C1036,2025-04-27,Takeaway,Beverage,Fresh Orange Juice,1,16.8,16.8,Mobile Payment,N/A,Sunday,Dinner,None,does not report
3564,C1036,2025-09-27,Delivery,Beverage,Cappuccino,1,12.28,12.28,Mobile Payment,N/A,Saturday,Lunch,Gluten-free,does not report
3565,C1037,2025-04-21,Delivery,Food,Caesar Salad,1,15.45,15.45,Mobile Payment,N/A,Monday,Dinner,None,does not report
3566,C1037,2025-05-21,Delivery,Beverage,Green Smoothie,1,11.89,11.89,Mobile Payment,N/A,Wednesday,Lunch,Less sugar,does not report
3567,C1037,2025-10-21,Delivery,Food,Margherita Pizza,1,14.72,14.72,Mobile Payment,N/A,Tuesday,Breakfast,None,does not report
3568,C1037,2025-12-05,Delivery,Food,Sushi Roll,1,13.67,13.67,Cash,N/A,Friday,Lunch,None,does not report
3569,C1037,2025-03-14,Takeaway,Food,Veggie Sandwich,1,12.31,12.31,Card,N/A,Friday,Dinner,None,does not report
3570,C1037,2025-01-10,Takeaway,Food,Sushi Roll,1,12.11,12.11,Cash,N/A,Friday,Lunch,None,does not report
3571,C1037,2025-06-02,Delivery,Food,Grilled Chicken,2,17.08,34.16,Cash,N/A,Monday,Dinner,None,does not report
3572,C1037,2025-08-29,Takeaway,Food,Sushi Roll,2,13.95,27.9,Card,N/A,Friday,Lunch,Gluten-free,does not report
3573,C1037,2025-07-27,Delivery,Food,Veggie Sandwich,2,12.31,24.62,Cash,N/A,Sunday,Dinner,No onions,does not report
3574,C1038,2025-11-13,Dine-In,Food,Veggie Sandwich,2,17.83,35.66,Cash,25,Thursday,Dinner,Extra napkins,Carlos
3575,C1038,2025-04-29,Dine-In,Beverage,Iced Tea,2,17.18,34.36,Mobile Payment,19,Tuesday,Lunch,Extra napkins,Carlos
3576,C1038,2025-07-30,Delivery,Food,Margherita Pizza,2,17.48,34.96,Mobile Payment,N/A,Wednesday,Lunch,None,does not report
3577,C1038,2025-10-06,Dine-In,Beverage,Mineral Water,2,17.32,34.64,Card,3,Monday,Dinner,None,Miguel
3578,C1038,2025-08-26,Takeaway,Food,Pasta Alfredo,2,14.91,29.82,Cash,N/A,Tuesday,Breakfast,Gluten-free,does not report
3579,C1038,2025-09-13,Dine-In,Beverage,Cappuccino,1,18.98,18.98,Card,22,Saturday,Lunch,Extra napkins,Miguel
3580,C1038,2025-03-30,Delivery,Beverage,Iced Tea,2,17.7,35.4,Mobile Payment,N/A,Sunday,Dinner,None,does not report
3581,C1038,2025-06-26,Dine-In,Beverage,Green Smoothie,2,18.21,36.42,Mobile Payment,29,Thursday,Breakfast,Extra napkins,Valeria
3582,C1039,2025-11-13,Delivery,Beverage,Mojito,2,14.3,28.6,Card,N/A,Thursday,Dinner,No onions,does not report
3583,C1039,2025-01-04,Delivery,Food,Caesar Salad,2,12.88,25.76,Mobile Payment,N/A,Saturday,Breakfast,Extra napkins,does not report
3584,C1039,2025-09-18,Takeaway,Food,Margherita Pizza,1,19.24,19.24,Mobile Payment,N/A,Thursday,Dinner,None,does not report
3585,C1039,2025-03-16,Delivery,Food,Margherita Pizza,1,18.74,18.74,Cash,N/A,Sunday,Dinner,None,does not report
3586,C1039,2025-06-15,Delivery,Food,Pasta Alfredo,1,14.11,14.11,Mobile Payment,N/A,Sunday,Breakfast,Less sugar,does not report
3587,C1039,2025-12-19,Dine-In,Beverage,Mineral Water,1,13.13,13.13,Card,14,Friday,Dinner,None,Valeria
3588,C1039,2025-07-05,Delivery,Food,Margherita Pizza,2,19.53,39.06,Card,N/A,Saturday,Lunch,Extra napkins,does not report
3589,C1040,2025-08-04,Delivery,Beverage,Latte,1,15.42,15.42,Cash,N/A,Monday,Lunch,None,does not report
3590,C1040,2025-05-30,Dine-In,Beverage,Mineral Water,2,18.04,36.08,Cash,15,Friday,Breakfast,No onions,Ana
3591,C1040,2025-01-30,Takeaway,Beverage,Latte,1,18.13,18.13,Mobile Payment,N/A,Thursday,Lunch,None,does not report
3592,C1040,2025-06-25,Dine-In,Beverage,Cappuccino,1,12.6,12.6,Cash,25,Wednesday,Lunch,None,Miguel
3593,C1040,2025-11-04,Dine-In,Food,Sushi Roll,2,19.42,38.84,Cash,27,Tuesday,Breakfast,None,Ana
3594,C1040,2025-10-19,Takeaway,Beverage,Mojito,1,15.75,15.75,Mobile Payment,N/A,Sunday,Dinner,Extra napkins,does not report
3595,C1040,2025-04-07,Delivery,Beverage,Cappuccino,2,13.68,27.36,Mobile Payment,N/A,Monday,Breakfast,None,does not report
3596,C1040,2025-03-08,Dine-In,Food,Margherita Pizza,2,16.36,32.72,Mobile Payment,28,Saturday,Dinner,Gluten-free,Ana
3597,C1040,2025-09-07,Delivery,Food,Caesar Salad,1,17.78,17.78,Mobile Payment,N/A,Sunday,Breakfast,No onions,does not report
3598,C1040,2025-07-23,Dine-In,Food,Sushi Roll,2,16.11,32.22,Card,6,Wednesday,Dinner,No onions,Miguel
3599,C1041,2025-02-19,Dine-In,Beverage,Mojito,2,14.09,28.18,Card,26,Wednesday,Dinner,Extra napkins,Ana
3600,C1041,2025-04-25,Dine-In,Food,Pasta Alfredo,1,14.9,14.9,Card,5,Friday,Dinner,None,Juan
3601,C1041,2025-10-01,Delivery,Beverage,Mineral Water,1,14.04,14.04,Cash,N/A,Wednesday,Dinner,Less sugar,does not report
3602,C1041,2025-03-05,Dine-In,Beverage,Mineral Water,1,17.06,17.06,Mobile Payment,18,Wednesday,Breakfast,None,Ana
3603,C1041,2025-01-10,Delivery,Beverage,Iced Tea,2,17.7,35.4,Card,N/A,Friday,Dinner,No onions,does not report
3604,C1041,2025-08-20,Dine-In,Beverage,Mojito,1,12.46,12.46,Mobile Payment,9,Wednesday,Dinner,None,Juan
3605,C1041,2025-09-14,Takeaway,Beverage,Fresh Orange Juice,2,17.17,34.34,Cash,N/A,Sunday,Dinner,Extra napkins,does not report
3606,C1041,2025-07-14,Delivery,Beverage,Cappuccino,1,19.07,19.07,Mobile Payment,N/A,Monday,Lunch,Gluten-free,does not report
3607,C1041,2025-06-25,Delivery,Beverage,Latte,2,18.9,37.8,Cash,N/A,Wednesday,Dinner,None,does not report
3608,C1041,2025-05-07,Takeaway,Food,Veggie Sandwich,1,13.51,13.51,Mobile Payment,N/A,Wednesday,Lunch,Extra napkins,does not report
3609,C1042,2025-01-18,Delivery,Food,Margherita Pizza,2,12.15,24.3,Card,N/A,Saturday,Dinner,Extra napkins,does not report
3610,C1042,2025-07-05,Takeaway,Beverage,Latte,2,13.8,27.6,Cash,N/A,Saturday,Lunch,None,does not report
3611,C1042,2025-11-10,Dine-In,Food,Sushi Roll,2,12.11,24.22,Cash,7,Monday,Lunch,Less sugar,Valeria
3612,C1042,2025-05-19,Dine-In,Beverage,Mojito,2,14.14,28.28,Cash,19,Monday,Dinner,None,Miguel
3613,C1042,2025-10-04,Dine-In,Beverage,Mineral Water,2,17.28,34.56,Card,23,Saturday,Dinner,None,Ana
3614,C1042,2025-02-01,Dine-In,Beverage,Mineral Water,2,18.75,37.5,Mobile Payment,16,Saturday,Lunch,Gluten-free,Miguel
3615,C1042,2025-04-13,Dine-In,Food,Caesar Salad,2,12.54,25.08,Mobile Payment,6,Sunday,Breakfast,None,Miguel
3616,C1042,2025-12-29,Takeaway,Beverage,Fresh Orange Juice,1,17.49,17.49,Cash,N/A,Monday,Lunch,None,does not report
3617,C1042,2025-03-05,Dine-In,Beverage,Mojito,1,14.35,14.35,Card,17,Wednesday,Lunch,None,Ana
3618,C1042,2025-06-12,Dine-In,Beverage,Cappuccino,1,13.93,13.93,Mobile Payment,2,Thursday,Dinner,Gluten-free,Juan
3619,C1043,2025-01-17,Dine-In,Beverage,Cappuccino,1,13.46,13.46,Cash,18,Friday,Dinner,Extra napkins,Juan
3620,C1043,2025-12-02,Takeaway,Food,Sushi Roll,2,13.55,27.1,Mobile Payment,N/A,Tuesday,Dinner,Extra napkins,does not report
3621,C1043,2025-10-14,Delivery,Beverage,Green Smoothie,2,11.89,23.78,Mobile Payment,N/A,Tuesday,Lunch,No onions,does not report
3622,C1043,2025-02-20,Dine-In,Beverage,Iced Tea,1,12.86,12.86,Mobile Payment,6,Thursday,Dinner,Less sugar,Carlos
3623,C1043,2025-03-30,Dine-In,Beverage,Green Smoothie,1,18.54,18.54,Card,19,Sunday,Lunch,None,Miguel
3624,C1043,2025-09-24,Takeaway,Beverage,Fresh Orange Juice,1,19.52,19.52,Mobile Payment,N/A,Wednesday,Lunch,None,does not report
3625,C1043,2025-07-12,Dine-In,Beverage,Mineral Water,1,13.18,13.18,Cash,10,Saturday,Lunch,None,Miguel
3626,C1043,2025-06-20,Dine-In,Beverage,Mineral Water,1,17.74,17.74,Mobile Payment,28,Friday,Lunch,No onions,Juan
3627,C1043,2025-05-12,Dine-In,Beverage,Green Smoothie,1,13.33,13.33,Cash,27,Monday,Breakfast,No onions,Ana
3628,C1044,2025-02-16,Dine-In,Food,Grilled Chicken,1,17.76,17.76,Cash,12,Sunday,Lunch,None,Valeria
3629,C1044,2025-07-30,Delivery,Food,Pasta Alfredo,1,15.89,15.89,Cash,N/A,Wednesday,Dinner,Extra napkins,does not report
3630,C1044,2025-08-22,Delivery,Beverage,Iced Tea,1,12.94,12.94,Card,N/A,Friday,Dinner,None,does not report
3631,C1044,2025-03-22,Takeaway,Food,Margherita Pizza,2,19.03,38.06,Mobile Payment,N/A,Saturday,Dinner,Gluten-free,does not report
3632,C1044,2025-05-15,Dine-In,Food,Pasta Alfredo,1,14.52,14.52,Cash,25,Thursday,Lunch,Gluten-free,Ana
3633,C1044,2025-01-15,Delivery,Food,Grilled Chicken,2,15.3,30.6,Card,N/A,Wednesday,Lunch,None,does not report
3634,C1044,2025-04-26,Delivery,Food,Sushi Roll,2,13.67,27.34,Mobile Payment,N/A,Saturday,Lunch,Extra napkins,does not report
3635,C1044,2025-12-15,Dine-In,Beverage,Iced Tea,2,17.64,35.28,Card,12,Monday,Lunch,None,Miguel
3636,C1045,2025-12-08,Delivery,Beverage,Mineral Water,2,17.28,34.56,Mobile Payment,N/A,Monday,Dinner,Extra napkins,does not report
3637,C1045,2025-04-13,Dine-In,Beverage,Latte,2,17.87,35.74,Card,15,Sunday,Lunch,Less sugar,Carlos
3638,C1045,2025-05-17,Dine-In,Beverage,Latte,1,16.97,16.97,Mobile Payment,30,Saturday,Breakfast,Less sugar,Juan
3639,C1045,2025-03-22,Dine-In,Food,Veggie Sandwich,1,17.83,17.83,Cash,6,Saturday,Breakfast,No onions,Juan
3640,C1045,2025-02-05,Delivery,Beverage,Iced Tea,2,16.66,33.32,Card,N/A,Wednesday,Breakfast,None,does not report
3641,C1045,2025-07-22,Dine-In,Beverage,Cappuccino,1,13.51,13.51,Cash,24,Tuesday,Dinner,No onions,Carlos
3642,C1045,2025-09-22,Delivery,Beverage,Latte,2,15.42,30.84,Cash,N/A,Monday,Dinner,Gluten-free,does not report
3643,C1045,2025-06-03,Dine-In,Food,Pasta Alfredo,2,17.38,34.76,Mobile Payment,19,Tuesday,Lunch,Gluten-free,Carlos
3644,C1045,2025-08-16,Takeaway,Beverage,Iced Tea,2,15.81,31.62,Cash,N/A,Saturday,Dinner,Gluten-free,does not report
3645,C1045,2025-11-29,Dine-In,Food,Caesar Salad,2,15.92,31.84,Cash,15,Saturday,Breakfast,Gluten-free,Miguel
3646,C1046,2025-07-05,Dine-In,Food,Pasta Alfredo,1,17.12,17.12,Mobile Payment,1,Saturday,Lunch,Extra napkins,Carlos
3647,C1046,2025-12-24,Takeaway,Food,Veggie Sandwich,2,19.4,38.8,Card,N/A,Wednesday,Dinner,Gluten-free,does not report
3648,C1046,2025-09-08,Dine-In,Food,Grilled Chicken,2,15.42,30.84,Cash,2,Monday,Lunch,No onions,Juan
3649,C1046,2025-10-05,Dine-In,Beverage,Cappuccino,1,16.65,16.65,Card,3,Sunday,Dinner,Less sugar,Miguel
3650,C1046,2025-05-17,Delivery,Beverage,Iced Tea,1,12.94,12.94,Mobile Payment,N/A,Saturday,Dinner,Gluten-free,does not report
3651,C1046,2025-04-21,Dine-In,Beverage,Iced Tea,2,19.62,39.24,Card,1,Monday,Lunch,None,Juan
3652,C1046,2025-11-07,Delivery,Food,Caesar Salad,2,17.39,34.78,Cash,N/A,Friday,Dinner,Extra napkins,does not report
3653,C1046,2025-08-30,Delivery,Food,Grilled Chicken,2,13.55,27.1,Cash,N/A,Saturday,Breakfast,None,does not report
3654,C1047,2025-06-10,Delivery,Beverage,Mojito,1,16.37,16.37,Mobile Payment,N/A,Tuesday,Dinner,None,does not report
3655,C1047,2025-05-07,Dine-In,Beverage,Mineral Water,1,14.04,14.04,Card,27,Wednesday,Dinner,No onions,Juan
3656,C1047,2025-10-25,Dine-In,Beverage,Fresh Orange Juice,2,11.87,23.74,Card,22,Saturday,Dinner,Less sugar,Miguel
3657,C1047,2025-04-20,Dine-In,Food,Grilled Chicken,2,12.25,24.5,Cash,11,Sunday,Lunch,None,Juan
3658,C1047,2025-11-18,Takeaway,Food,Sushi Roll,1,15.62,15.62,Card,N/A,Tuesday,Dinner,No onions,does not report
3659,C1047,2025-03-13,Dine-In,Beverage,Iced Tea,2,13.11,26.22,Mobile Payment,5,Thursday,Lunch,None,Valeria
3660,C1047,2025-01-26,Delivery,Food,Caesar Salad,1,12.91,12.91,Card,N/A,Sunday,Dinner,No onions,does not report
3661,C1047,2025-02-23,Dine-In,Food,Sushi Roll,2,12.86,25.72,Card,11,Sunday,Dinner,No onions,Carlos
3662,C1048,2025-07-07,Delivery,Beverage,Cappuccino,2,17.14,34.28,Mobile Payment,N/A,Monday,Lunch,None,does not report
3663,C1048,2025-09-07,Delivery,Food,Caesar Salad,1,12.88,12.88,Card,N/A,Sunday,Breakfast,Extra napkins,does not report
3664,C1048,2025-05-18,Delivery,Beverage,Green Smoothie,2,18.3,36.6,Cash,N/A,Sunday,Breakfast,None,does not report
3665,C1048,2025-03-01,Takeaway,Beverage,Cappuccino,2,15.5,31.0,Mobile Payment,N/A,Saturday,Dinner,No onions,does not report
3666,C1048,2025-06-19,Dine-In,Food,Grilled Chicken,1,14.21,14.21,Card,10,Thursday,Dinner,Extra napkins,Carlos
3667,C1048,2025-02-11,Dine-In,Food,Veggie Sandwich,1,19.4,19.4,Mobile Payment,28,Tuesday,Breakfast,None,Carlos
3668,C1048,2025-01-08,Takeaway,Food,Veggie Sandwich,1,12.53,12.53,Card,N/A,Wednesday,Dinner,Extra napkins,does not report
3669,C1048,2025-12-17,Dine-In,Food,Beef Burger,2,17.43,34.86,Mobile Payment,5,Wednesday,Breakfast,None,Valeria
3670,C1049,2025-01-20,Delivery,Beverage,Cappuccino,2,16.79,33.58,Cash,N/A,Monday,Lunch,None,does not report
3671,C1049,2025-12-02,Delivery,Beverage,Cappuccino,2,16.29,32.58,Card,N/A,Tuesday,Lunch,Gluten-free,does not report
3672,C1049,2025-07-12,Delivery,Food,Sushi Roll,2,13.03,26.06,Cash,N/A,Saturday,Lunch,None,does not report
3673,C1049,2025-02-07,Takeaway,Food,Sushi Roll,2,17.53,35.06,Card,N/A,Friday,Breakfast,Less sugar,does not report
3674,C1049,2025-08-22,Delivery,Food,Veggie Sandwich,2,15.73,31.46,Mobile Payment,N/A,Friday,Lunch,None,does not report
3675,C1049,2025-03-12,Dine-In,Food,Margherita Pizza,1,13.78,13.78,Cash,3,Wednesday,Lunch,None,Carlos
3676,C1049,2025-10-30,Dine-In,Food,Pasta Alfredo,1,14.3,14.3,Mobile Payment,28,Thursday,Lunch,No onions,Juan
3677,C1049,2025-11-20,Dine-In,Food,Margherita Pizza,2,12.08,24.16,Mobile Payment,10,Thursday,Dinner,None,Valeria
3678,C1049,2025-09-08,Dine-In,Food,Margherita Pizza,2,12.08,24.16,Cash,2,Monday,Dinner,None,Ana
3679,C1050,2025-05-06,Takeaway,Food,Margherita Pizza,2,14.72,29.44,Mobile Payment,N/A,Tuesday,Dinner,None,does not report
3680,C1050,2025-09-06,Takeaway,Beverage,Fresh Orange Juice,2,17.17,34.34,Card,N/A,Saturday,Breakfast,None,does not report
3681,C1050,2025-01-25,Delivery,Beverage,Mojito,2,14.28,28.56,Cash,N/A,Saturday,Dinner,No onions,does not report
3682,C1050,2025-02-19,Delivery,Beverage,Green Smoothie,1,13.21,13.21,Mobile Payment,N/A,Wednesday,Dinner,Extra napkins,does not report
3683,C1050,2025-12-15,Dine-In,Food,Sushi Roll,2,11.82,23.64,Mobile Payment,18,Monday,Dinner,None,Ana
3684,C1050,2025-06-22,Delivery,Beverage,Mineral Water,1,17.32,17.32,Cash,N/A,Sunday,Lunch,Extra napkins,does not report
3685,C1050,2025-07-27,Takeaway,Beverage,Iced Tea,2,18.58,37.16,Card,N/A,Sunday,Lunch,No onions,does not report
3686,C1050,2025-08-05,Dine-In,Food,Grilled Chicken,1,12.66,12.66,Cash,1,Tuesday,Lunch,None,Valeria
3687,C1050,2025-03-01,Dine-In,Food,Sushi Roll,2,13.03,26.06,Card,20,Saturday,Dinner,Less sugar,Ana
3688,C1051,2025-04-09,Takeaway,Beverage,Fresh Orange Juice,2,16.8,33.6,Card,N/A,Wednesday,Breakfast,None,does not report
3689,C1051,2025-12-31,Dine-In,Beverage,Cappuccino,1,14.18,14.18,Card,1,Wednesday,Lunch,None,Juan
3690,C1051,2025-01-11,Dine-In,Beverage,Mojito,2,12.46,24.92,Cash,23,Saturday,Lunch,Extra napkins,Miguel
3691,C1051,2025-02-09,Dine-In,Food,Veggie Sandwich,1,15.03,15.03,Card,23,Sunday,Dinner,Gluten-free,Valeria
3692,C1051,2025-03-09,Dine-In,Beverage,Iced Tea,2,17.66,35.32,Cash,15,Sunday,Dinner,None,Miguel
3693,C1051,2025-09-24,Takeaway,Beverage,Fresh Orange Juice,2,16.8,33.6,Mobile Payment,N/A,Wednesday,Lunch,None,does not report
3694,C1052,2025-03-06,Dine-In,Food,Veggie Sandwich,1,13.37,13.37,Cash,25,Thursday,Dinner,No onions,Ana
3695,C1052,2025-09-02,Dine-In,Food,Veggie Sandwich,1,15.03,15.03,Mobile Payment,27,Tuesday,Breakfast,Less sugar,Carlos
3696,C1052,2025-08-07,Dine-In,Beverage,Green Smoothie,2,19.13,38.26,Cash,23,Thursday,Breakfast,Gluten-free,Juan
3697,C1052,2025-07-23,Dine-In,Food,Sushi Roll,2,12.11,24.22,Cash,13,Wednesday,Dinner,Gluten-free,Carlos
3698,C1052,2025-02-01,Delivery,Beverage,Cappuccino,1,15.5,15.5,Card,N/A,Saturday,Dinner,None,does not report
3699,C1052,2025-10-18,Takeaway,Food,Sushi Roll,2,12.11,24.22,Card,N/A,Saturday,Dinner,None,does not report
3700,C1052,2025-05-16,Dine-In,Food,Pasta Alfredo,2,14.9,29.8,Mobile Payment,1,Friday,Dinner,None,Valeria
3701,C1053,2025-07-17,Dine-In,Beverage,Cappuccino,1,18.98,18.98,Mobile Payment,24,Thursday,Breakfast,Extra napkins,Miguel
3702,C1053,2025-05-15,Delivery,Beverage,Iced Tea,1,12.61,12.61,Mobile Payment,N/A,Thursday,Lunch,None,does not report
3703,C1053,2025-10-13,Dine-In,Beverage,Cappuccino,1,14.85,14.85,Card,8,Monday,Lunch,Extra napkins,Ana
3704,C1053,2025-06-13,Delivery,Food,Veggie Sandwich,1,19.38,19.38,Cash,N/A,Friday,Breakfast,No onions,does not report
3705,C1053,2025-09-12,Delivery,Food,Sushi Roll,1,15.33,15.33,Cash,N/A,Friday,Dinner,Gluten-free,does not report
3706,C1053,2025-01-14,Dine-In,Food,Sushi Roll,1,13.55,13.55,Cash,16,Tuesday,Breakfast,Gluten-free,Miguel
3707,C1053,2025-11-08,Dine-In,Food,Veggie Sandwich,2,19.4,38.8,Card,28,Saturday,Dinner,None,Ana
3708,C1053,2025-02-19,Delivery,Food,Grilled Chicken,1,13.76,13.76,Card,N/A,Wednesday,Breakfast,No onions,does not report
3709,C1053,2025-04-13,Takeaway,Food,Grilled Chicken,2,12.64,25.28,Card,N/A,Sunday,Breakfast,Gluten-free,does not report
3710,C1054,2025-01-16,Delivery,Beverage,Fresh Orange Juice,2,12.37,24.74,Mobile Payment,N/A,Thursday,Lunch,None,does not report
3711,C1054,2025-10-05,Delivery,Beverage,Mojito,2,14.35,28.7,Cash,N/A,Sunday,Lunch,Gluten-free,does not report
3712,C1054,2025-09-01,Delivery,Food,Grilled Chicken,2,13.55,27.1,Mobile Payment,N/A,Monday,Breakfast,No onions,does not report
3713,C1054,2025-07-05,Dine-In,Beverage,Mojito,1,14.3,14.3,Cash,27,Saturday,Lunch,None,Carlos
3714,C1054,2025-12-02,Dine-In,Food,Veggie Sandwich,2,15.38,30.76,Mobile Payment,16,Tuesday,Breakfast,Gluten-free,Valeria
3715,C1054,2025-06-13,Dine-In,Food,Grilled Chicken,2,12.64,25.28,Card,10,Friday,Dinner,None,Juan
3716,C1054,2025-05-05,Dine-In,Food,Caesar Salad,1,16.6,16.6,Cash,29,Monday,Lunch,None,Carlos
3717,C1055,2025-11-01,Takeaway,Food,Margherita Pizza,1,19.53,19.53,Cash,N/A,Saturday,Dinner,Gluten-free,does not report
3718,C1055,2025-03-06,Takeaway,Beverage,Green Smoothie,2,18.3,36.6,Mobile Payment,N/A,Thursday,Dinner,Less sugar,does not report
3719,C1055,2025-06-25,Dine-In,Food,Pasta Alfredo,1,12.09,12.09,Card,3,Wednesday,Breakfast,Less sugar,Ana
3720,C1055,2025-02-14,Delivery,Beverage,Latte,2,18.79,37.58,Mobile Payment,N/A,Friday,Dinner,Extra napkins,does not report
3721,C1055,2025-10-26,Dine-In,Beverage,Latte,1,15.21,15.21,Cash,12,Sunday,Dinner,None,Carlos
3722,C1055,2025-01-13,Dine-In,Food,Pasta Alfredo,1,15.89,15.89,Card,1,Monday,Lunch,None,Valeria
3723,C1055,2025-04-25,Dine-In,Food,Pasta Alfredo,1,18.53,18.53,Cash,23,Friday,Breakfast,None,Juan
3724,C1056,2025-02-13,Dine-In,Beverage,Fresh Orange Juice,1,17.42,17.42,Cash,1,Thursday,Dinner,None,Ana
3725,C1056,2025-10-31,Delivery,Beverage,Cappuccino,2,16.65,33.3,Mobile Payment,N/A,Friday,Lunch,Extra napkins,does not report
3726,C1056,2025-05-26,Dine-In,Beverage,Mojito,2,14.35,28.7,Mobile Payment,21,Monday,Lunch,None,Ana
3727,C1056,2025-03-21,Dine-In,Beverage,Green Smoothie,1,13.81,13.81,Cash,15,Friday,Dinner,Extra napkins,Miguel
3728,C1056,2025-11-14,Dine-In,Food,Sushi Roll,1,12.86,12.86,Cash,14,Friday,Dinner,None,Ana
3729,C1056,2025-04-26,Dine-In,Food,Margherita Pizza,1,13.39,13.39,Card,8,Saturday,Lunch,Less sugar,Carlos
3730,C1056,2025-06-28,Delivery,Beverage,Green Smoothie,1,18.21,18.21,Card,N/A,Saturday,Dinner,Less sugar,does not report
3731,C1056,2025-01-28,Takeaway,Food,Margherita Pizza,1,18.94,18.94,Cash,N/A,Tuesday,Lunch,None,does not report
3732,C1056,2025-07-21,Dine-In,Beverage,Fresh Orange Juice,1,17.49,17.49,Card,16,Monday,Lunch,Extra napkins,Miguel
3733,C1057,2025-07-26,Delivery,Beverage,Cappuccino,2,16.76,33.52,Mobile Payment,N/A,Saturday,Dinner,Gluten-free,does not report
3734,C1057,2025-11-17,Delivery,Beverage,Cappuccino,1,16.55,16.55,Cash,N/A,Monday,Lunch,Extra napkins,does not report
3735,C1057,2025-08-30,Delivery,Food,Grilled Chicken,1,12.64,12.64,Cash,N/A,Saturday,Dinner,None,does not report
3736,C1057,2025-03-12,Delivery,Food,Veggie Sandwich,1,15.73,15.73,Cash,N/A,Wednesday,Dinner,None,does not report
3737,C1057,2025-12-19,Dine-In,Beverage,Latte,1,16.97,16.97,Card,28,Friday,Dinner,None,Carlos
3738,C1057,2025-09-12,Delivery,Food,Beef Burger,2,19.88,39.76,Mobile Payment,N/A,Friday,Dinner,None,does not report
3739,C1057,2025-04-23,Dine-In,Beverage,Iced Tea,1,18.58,18.58,Card,30,Wednesday,Dinner,None,Miguel
3740,C1057,2025-01-24,Dine-In,Beverage,Iced Tea,2,15.16,30.32,Card,4,Friday,Lunch,None,Miguel
3741,C1057,2025-10-01,Dine-In,Food,Margherita Pizza,2,18.94,37.88,Card,3,Wednesday,Breakfast,None,Valeria
3742,C1058,2025-07-21,Dine-In,Food,Beef Burger,1,19.93,19.93,Cash,17,Monday,Breakfast,Less sugar,Carlos
3743,C1058,2025-05-09,Dine-In,Food,Grilled Chicken,1,12.66,12.66,Cash,24,Friday,Dinner,No onions,Juan
3744,C1058,2025-01-30,Delivery,Food,Margherita Pizza,2,18.94,37.88,Card,N/A,Thursday,Lunch,None,does not report
3745,C1058,2025-09-24,Dine-In,Beverage,Mojito,2,15.93,31.86,Cash,4,Wednesday,Lunch,Less sugar,Carlos
3746,C1058,2025-12-31,Delivery,Beverage,Iced Tea,1,12.67,12.67,Mobile Payment,N/A,Wednesday,Lunch,Gluten-free,does not report
3747,C1058,2025-03-30,Dine-In,Beverage,Mineral Water,1,18.97,18.97,Card,2,Sunday,Lunch,Less sugar,Ana
3748,C1058,2025-04-17,Dine-In,Food,Margherita Pizza,2,18.58,37.16,Mobile Payment,5,Thursday,Lunch,Extra napkins,Valeria
3749,C1059,2025-01-17,Dine-In,Beverage,Mojito,2,12.46,24.92,Cash,26,Friday,Dinner,No onions,Juan
3750,C1059,2025-07-04,Dine-In,Food,Caesar Salad,1,11.94,11.94,Card,17,Friday,Dinner,Extra napkins,Juan
3751,C1059,2025-06-18,Delivery,Beverage,Cappuccino,1,14.18,14.18,Mobile Payment,N/A,Wednesday,Dinner,None,does not report
3752,C1059,2025-09-03,Dine-In,Beverage,Mojito,2,19.74,39.48,Cash,23,Wednesday,Breakfast,Extra napkins,Valeria
3753,C1059,2025-11-13,Delivery,Beverage,Mojito,2,12.34,24.68,Cash,N/A,Thursday,Breakfast,Gluten-free,does not report
3754,C1059,2025-02-24,Dine-In,Beverage,Green Smoothie,2,12.08,24.16,Cash,9,Monday,Lunch,None,Valeria
3755,C1059,2025-03-09,Takeaway,Beverage,Latte,1,14.89,14.89,Card,N/A,Sunday,Breakfast,None,does not report
3756,C1059,2025-12-03,Delivery,Food,Margherita Pizza,1,12.74,12.74,Cash,N/A,Wednesday,Lunch,None,does not report
3757,C1059,2025-04-23,Takeaway,Food,Veggie Sandwich,1,13.37,13.37,Mobile Payment,N/A,Wednesday,Lunch,Extra napkins,does not report
3758,C1060,2025-03-28,Dine-In,Beverage,Iced Tea,1,17.18,17.18,Mobile Payment,6,Friday,Lunch,None,Carlos
3759,C1060,2025-08-18,Dine-In,Food,Grilled Chicken,1,12.66,12.66,Card,30,Monday,Dinner,None,Carlos
3760,C1060,2025-07-28,Delivery,Food,Sushi Roll,2,18.95,37.9,Cash,N/A,Monday,Dinner,No onions,does not report
3761,C1060,2025-09-04,Delivery,Beverage,Iced Tea,1,16.8,16.8,Mobile Payment,N/A,Thursday,Dinner,Gluten-free,does not report
3762,C1060,2025-12-06,Delivery,Beverage,Iced Tea,2,12.45,24.9,Mobile Payment,N/A,Saturday,Dinner,None,does not report
3763,C1060,2025-04-08,Dine-In,Beverage,Iced Tea,2,13.54,27.08,Mobile Payment,10,Tuesday,Dinner,None,Miguel
3764,C1060,2025-02-13,Dine-In,Food,Beef Burger,1,19.39,19.39,Card,30,Thursday,Breakfast,None,Ana
3765,C1060,2025-11-25,Delivery,Beverage,Latte,2,16.09,32.18,Card,N/A,Tuesday,Dinner,Extra napkins,does not report
3766,C1060,2025-05-05,Dine-In,Food,Pasta Alfredo,2,14.9,29.8,Cash,22,Monday,Lunch,Extra napkins,Carlos
3767,C1061,2025-09-18,Takeaway,Beverage,Iced Tea,2,15.81,31.62,Cash,N/A,Thursday,Lunch,None,does not report
3768,C1061,2025-04-19,Takeaway,Food,Sushi Roll,2,12.11,24.22,Cash,N/A,Saturday,Dinner,None,does not report
3769,C1061,2025-08-04,Dine-In,Food,Veggie Sandwich,2,11.99,23.98,Card,5,Monday,Breakfast,No onions,Valeria
3770,C1061,2025-10-20,Dine-In,Beverage,Iced Tea,1,12.45,12.45,Card,15,Monday,Breakfast,None,Carlos
3771,C1061,2025-12-23,Dine-In,Beverage,Latte,2,18.9,37.8,Cash,20,Tuesday,Dinner,No onions,Miguel
3772,C1061,2025-03-04,Dine-In,Beverage,Mineral Water,2,14.04,28.08,Cash,2,Tuesday,Breakfast,None,Valeria
3773,C1061,2025-05-03,Dine-In,Beverage,Mojito,2,14.14,28.28,Card,22,Saturday,Dinner,None,Valeria
3774,C1062,2025-12-21,Delivery,Beverage,Cappuccino,2,13.68,27.36,Cash,N/A,Sunday,Lunch,Less sugar,does not report
3775,C1062,2025-10-04,Dine-In,Beverage,Iced Tea,1,14.06,14.06,Mobile Payment,2,Saturday,Breakfast,None,Miguel
3776,C1062,2025-07-06,Dine-In,Beverage,Mojito,1,14.09,14.09,Cash,29,Sunday,Lunch,None,Ana
3777,C1062,2025-09-27,Dine-In,Food,Veggie Sandwich,1,13.51,13.51,Mobile Payment,6,Saturday,Dinner,None,Juan
3778,C1062,2025-03-12,Delivery,Beverage,Mineral Water,1,12.41,12.41,Mobile Payment,N/A,Wednesday,Lunch,None,does not report
3779,C1062,2025-01-03,Takeaway,Food,Beef Burger,1,19.93,19.93,Cash,N/A,Friday,Dinner,None,does not report
3780,C1062,2025-05-31,Delivery,Beverage,Mineral Water,1,17.32,17.32,Card,N/A,Saturday,Breakfast,No onions,does not report
3781,C1062,2025-06-02,Takeaway,Beverage,Fresh Orange Juice,1,11.87,11.87,Cash,N/A,Monday,Dinner,Less sugar,does not report
3782,C1062,2025-04-18,Takeaway,Food,Caesar Salad,1,17.44,17.44,Mobile Payment,N/A,Friday,Dinner,None,does not report
3783,C1062,2025-11-09,Takeaway,Beverage,Cappuccino,2,19.07,38.14,Card,N/A,Sunday,Dinner,None,does not report
3784,C002,2025-04-28,Dine-In,Food,Caesar Salad,1,12.91,12.91,Mobile Payment,3,Monday,Lunch,None,Valeria
3785,C002,2025-12-28,Takeaway,Food,Pasta Alfredo,2,17.38,34.76,Cash,N/A,Sunday,Lunch,None,does not report
3786,C002,2025-06-20,Delivery,Beverage,Mojito,2,15.75,31.5,Cash,N/A,Friday,Dinner,None,does not report
3787,C002,2025-05-09,Dine-In,Food,Margherita Pizza,2,19.24,38.48,Mobile Payment,2,Friday,Breakfast,None,Carlos
3788,C002,2025-03-28,Dine-In,Food,Sushi Roll,1,18.95,18.95,Mobile Payment,3,Friday,Lunch,No onions,Miguel
3789,C002,2025-08-26,Delivery,Beverage,Iced Tea,2,12.86,25.72,Card,N/A,Tuesday,Dinner,None,does not report
3790,C002,2025-02-05,Dine-In,Beverage,Mineral Water,2,18.1,36.2,Cash,13,Wednesday,Dinner,Extra napkins,Miguel
3791,C003,2025-09-06,Dine-In,Food,Pasta Alfredo,1,13.81,13.81,Cash,11,Saturday,Breakfast,Extra napkins,Valeria
3792,C003,2025-07-10,Takeaway,Food,Beef Burger,1,12.77,12.77,Card,N/A,Thursday,Breakfast,None,does not report
3793,C003,2025-03-14,Dine-In,Beverage,Fresh Orange Juice,1,17.17,17.17,Mobile Payment,14,Friday,Breakfast,None,Valeria
3794,C003,2025-01-20,Delivery,Food,Veggie Sandwich,1,18.04,18.04,Mobile Payment,N/A,Monday,Lunch,None,does not report
3795,C003,2025-02-04,Takeaway,Food,Caesar Salad,1,12.88,12.88,Cash,N/A,Tuesday,Lunch,Gluten-free,does not report
3796,C003,2025-11-29,Dine-In,Beverage,Fresh Orange Juice,2,19.0,38.0,Card,17,Saturday,Lunch,Less sugar,Juan
3797,C006,2025-01-24,Delivery,Food,Margherita Pizza,1,14.72,14.72,Card,N/A,Friday,Breakfast,None,does not report
3798,C006,2025-07-23,Dine-In,Beverage,Fresh Orange Juice,2,16.8,33.6,Cash,20,Wednesday,Dinner,Gluten-free,Miguel
3799,C006,2025-12-16,Takeaway,Food,Veggie Sandwich,1,18.04,18.04,Mobile Payment,N/A,Tuesday,Lunch,Gluten-free,does not report
3800,C006,2025-05-19,Delivery,Beverage,Fresh Orange Juice,2,12.51,25.02,Mobile Payment,N/A,Monday,Lunch,None,does not report
3801,C006,2025-06-16,Dine-In,Food,Grilled Chicken,2,16.09,32.18,Mobile Payment,27,Monday,Breakfast,None,Ana
3802,C006,2025-09-14,Delivery,Beverage,Latte,1,14.89,14.89,Mobile Payment,N/A,Sunday,Lunch,None,does not report
3803,C006,2025-10-20,Delivery,Food,Margherita Pizza,1,18.58,18.58,Card,N/A,Monday,Dinner,No onions,does not report
3804,C006,2025-11-29,Delivery,Beverage,Mojito,2,15.65,31.3,Cash,N/A,Saturday,Breakfast,None,does not report
3805,C014,2025-02-08,Dine-In,Beverage,Iced Tea,2,13.11,26.22,Cash,11,Saturday,Dinner,None,Valeria
3806,C014,2025-04-25,Dine-In,Food,Margherita Pizza,1,17.4,17.4,Card,30,Friday,Breakfast,None,Carlos
3807,C014,2025-07-06,Dine-In,Beverage,Iced Tea,1,12.86,12.86,Cash,18,Sunday,Breakfast,None,Valeria
3808,C014,2025-09-23,Delivery,Beverage,Latte,2,18.13,36.26,Mobile Payment,N/A,Tuesday,Lunch,Gluten-free,does not report
3809,C014,2025-03-09,Delivery,Beverage,Iced Tea,2,12.67,25.34,Mobile Payment,N/A,Sunday,Lunch,Gluten-free,does not report
3810,C014,2025-08-05,Dine-In,Food,Sushi Roll,2,13.03,26.06,Cash,2,Tuesday,Breakfast,Gluten-free,Valeria
3811,C014,2025-10-04,Delivery,Beverage,Fresh Orange Juice,1,13.62,13.62,Card,N/A,Saturday,Dinner,None,does not report
3812,C014,2025-06-06,Delivery,Food,Grilled Chicken,1,17.76,17.76,Mobile Payment,N/A,Friday,Dinner,Gluten-free,does not report
3813,C014,2025-05-01,Dine-In,Beverage,Fresh Orange Juice,2,17.49,34.98,Cash,6,Thursday,Dinner,None,Juan
3814,C021,2025-02-27,Dine-In,Food,Caesar Salad,1,19.32,19.32,Mobile Payment,1,Thursday,Lunch,None,Carlos
3815,C021,2025-12-17,Takeaway,Food,Sushi Roll,2,18.22,36.44,Cash,N/A,Wednesday,Dinner,None,does not report
3816,C021,2025-07-19,Dine-In,Food,Margherita Pizza,1,13.78,13.78,Mobile Payment,17,Saturday,Lunch,No onions,Miguel
3817,C021,2025-01-08,Takeaway,Beverage,Latte,2,16.09,32.18,Mobile Payment,N/A,Wednesday,Lunch,Extra napkins,does not report
3818,C021,2025-10-04,Dine-In,Beverage,Cappuccino,2,12.28,24.56,Mobile Payment,6,Saturday,Lunch,No onions,Valeria
3819,C021,2025-03-27,Dine-In,Food,Beef Burger,2,18.39,36.78,Cash,14,Thursday,Lunch,None,Valeria
3820,C021,2025-11-12,Dine-In,Beverage,Latte,2,15.13,30.26,Card,20,Wednesday,Lunch,None,Ana
3821,C021,2025-06-25,Delivery,Beverage,Latte,1,17.87,17.87,Card,N/A,Wednesday,Dinner,Gluten-free,does not report
3822,C021,2025-08-27,Dine-In,Food,Margherita Pizza,1,19.03,19.03,Cash,26,Wednesday,Dinner,Less sugar,Miguel
3823,C024,2025-02-18,Dine-In,Beverage,Iced Tea,2,17.64,35.28,Cash,8,Tuesday,Dinner,None,Juan
3824,C024,2025-03-28,Dine-In,Food,Grilled Chicken,2,19.41,38.82,Mobile Payment,16,Friday,Dinner,Extra napkins,Miguel
3825,C024,2025-12-11,Dine-In,Food,Margherita Pizza,2,18.8,37.6,Card,30,Thursday,Breakfast,No onions,Valeria
3826,C024,2025-11-30,Dine-In,Beverage,Iced Tea,2,18.58,37.16,Cash,30,Sunday,Dinner,None,Valeria
3827,C024,2025-09-04,Delivery,Food,Veggie Sandwich,1,14.27,14.27,Cash,N/A,Thursday,Lunch,None,does not report
3828,C024,2025-08-10,Delivery,Beverage,Latte,2,12.39,24.78,Card,N/A,Sunday,Breakfast,No onions,does not report
3829,C024,2025-06-04,Dine-In,Food,Pasta Alfredo,2,15.89,31.78,Cash,29,Wednesday,Lunch,No onions,Carlos
3830,C024,2025-01-17,Delivery,Beverage,Mineral Water,2,15.73,31.46,Cash,N/A,Friday,Lunch,Less sugar,does not report
3831,C024,2025-04-29,Delivery,Beverage,Iced Tea,1,17.66,17.66,Card,N/A,Tuesday,Dinner,No onions,does not report
3832,C025,2025-03-09,Dine-In,Beverage,Mineral Water,2,12.02,24.04,Card,7,Sunday,Dinner,None,Ana
3833,C025,2025-05-17,Takeaway,Food,Sushi Roll,2,18.22,36.44,Cash,N/A,Saturday,Breakfast,No onions,does not report
3834,C025,2025-08-21,Dine-In,Beverage,Mineral Water,2,17.28,34.56,Card,2,Thursday,Dinner,No onions,Valeria
3835,C025,2025-07-26,Delivery,Beverage,Latte,1,13.9,13.9,Mobile Payment,N/A,Saturday,Lunch,Extra napkins,does not report
3836,C025,2025-11-29,Dine-In,Beverage,Green Smoothie,1,18.54,18.54,Card,2,Saturday,Lunch,Gluten-free,Miguel
3837,C025,2025-06-21,Dine-In,Food,Pasta Alfredo,1,17.12,17.12,Mobile Payment,22,Saturday,Dinner,Extra napkins,Ana
3838,C025,2025-01-03,Dine-In,Food,Grilled Chicken,2,12.25,24.5,Mobile Payment,4,Friday,Lunch,None,Carlos
3839,C028,2025-03-20,Takeaway,Beverage,Latte,1,17.87,17.87,Cash,N/A,Thursday,Dinner,No onions,does not report
3840,C028,2025-12-24,Takeaway,Beverage,Green Smoothie,1,11.89,11.89,Cash,N/A,Wednesday,Breakfast,Gluten-free,does not report
3841,C028,2025-05-31,Dine-In,Food,Grilled Chicken,2,17.08,34.16,Card,24,Saturday,Dinner,None,Carlos
3842,C028,2025-04-28,Dine-In,Food,Caesar Salad,1,15.45,15.45,Cash,1,Monday,Breakfast,None,Juan
3843,C028,2025-08-13,Dine-In,Beverage,Latte,2,15.13,30.26,Card,3,Wednesday,Dinner,None,Ana
3844,C028,2025-01-25,Takeaway,Beverage,Iced Tea,2,19.82,39.64,Cash,N/A,Saturday,Breakfast,None,does not report
3845,C032,2025-06-27,Delivery,Beverage,Mineral Water,1,14.04,14.04,Cash,N/A,Friday,Breakfast,No onions,does not report
3846,C032,2025-07-28,Dine-In,Beverage,Green Smoothie,1,13.33,13.33,Mobile Payment,28,Monday,Dinner,No onions,Ana
3847,C032,2025-08-12,Takeaway,Beverage,Fresh Orange Juice,2,19.0,38.0,Card,N/A,Tuesday,Dinner,Extra napkins,does not report
3848,C032,2025-10-28,Dine-In,Food,Beef Burger,2,18.39,36.78,Cash,12,Tuesday,Dinner,None,Valeria
3849,C032,2025-11-21,Dine-In,Beverage,Iced Tea,2,18.37,36.74,Mobile Payment,24,Friday,Lunch,No onions,Ana
3850,C032,2025-02-11,Takeaway,Food,Veggie Sandwich,2,14.27,28.54,Card,N/A,Tuesday,Breakfast,No onions,does not report
3851,C032,2025-04-28,Delivery,Food,Veggie Sandwich,2,15.38,30.76,Mobile Payment,N/A,Monday,Breakfast,None,does not report
3852,C032,2025-12-09,Delivery,Beverage,Green Smoothie,2,16.92,33.84,Cash,N/A,Tuesday,Lunch,None,does not report
3853,C036,2025-10-06,Dine-In,Beverage,Mojito,2,16.67,33.34,Mobile Payment,13,Monday,Breakfast,Less sugar,Miguel
3854,C036,2025-06-30,Takeaway,Beverage,Fresh Orange Juice,2,13.62,27.24,Mobile Payment,N/A,Monday,Breakfast,None,does not report
3855,C036,2025-12-31,Dine-In,Food,Pasta Alfredo,2,14.3,28.6,Cash,3,Wednesday,Dinner,Gluten-free,Juan
3856,C036,2025-11-10,Dine-In,Beverage,Mojito,1,14.3,14.3,Card,11,Monday,Breakfast,Less sugar,Ana
3857,C036,2025-04-22,Dine-In,Beverage,Iced Tea,1,12.67,12.67,Card,27,Tuesday,Dinner,None,Valeria
3858,C036,2025-08-25,Dine-In,Beverage,Mineral Water,2,13.13,26.26,Card,20,Monday,Lunch,Extra napkins,Juan
3859,C039,2025-03-18,Delivery,Food,Beef Burger,1,19.93,19.93,Cash,N/A,Tuesday,Dinner,None,does not report
3860,C039,2025-10-28,Dine-In,Beverage,Mojito,2,12.34,24.68,Cash,23,Tuesday,Lunch,No onions,Ana
3861,C039,2025-02-25,Dine-In,Beverage,Cappuccino,1,16.55,16.55,Cash,25,Tuesday,Lunch,No onions,Juan
3862,C039,2025-12-12,Takeaway,Beverage,Latte,2,18.06,36.12,Cash,N/A,Friday,Dinner,None,does not report
3863,C039,2025-04-10,Dine-In,Food,Pasta Alfredo,1,18.53,18.53,Cash,14,Thursday,Breakfast,No onions,Carlos
3864,C039,2025-07-07,Dine-In,Beverage,Green Smoothie,2,18.21,36.42,Cash,2,Monday,Dinner,None,Valeria
3865,C040,2025-11-02,Takeaway,Food,Grilled Chicken,1,13.76,13.76,Card,N/A,Sunday,Lunch,Extra napkins,does not report
3866,C040,2025-06-20,Dine-In,Food,Pasta Alfredo,1,14.9,14.9,Mobile Payment,30,Friday,Lunch,No onions,Ana
3867,C040,2025-10-21,Dine-In,Beverage,Mineral Water,2,18.1,36.2,Card,16,Tuesday,Breakfast,None,Carlos
3868,C040,2025-04-18,Takeaway,Beverage,Cappuccino,1,12.28,12.28,Cash,N/A,Friday,Dinner,None,does not report
3869,C040,2025-05-12,Dine-In,Beverage,Mojito,2,12.44,24.88,Mobile Payment,5,Monday,Dinner,Less sugar,Carlos
3870,C040,2025-09-26,Dine-In,Beverage,Cappuccino,2,19.33,38.66,Card,21,Friday,Dinner,None,Valeria
3871,C042,2025-03-19,Dine-In,Beverage,Iced Tea,2,19.74,39.48,Cash,16,Wednesday,Dinner,Extra napkins,Miguel
3872,C042,2025-05-11,Takeaway,Beverage,Mineral Water,1,18.04,18.04,Mobile Payment,N/A,Sunday,Dinner,Gluten-free,does not report
3873,C042,2025-07-29,Takeaway,Food,Margherita Pizza,2,17.4,34.8,Mobile Payment,N/A,Tuesday,Dinner,None,does not report
3874,C042,2025-02-14,Dine-In,Food,Pasta Alfredo,2,15.56,31.12,Card,16,Friday,Dinner,None,Miguel
3875,C042,2025-04-19,Dine-In,Food,Margherita Pizza,2,19.21,38.42,Cash,27,Saturday,Dinner,Less sugar,Carlos
3876,C047,2025-04-15,Dine-In,Food,Sushi Roll,2,17.53,35.06,Card,20,Tuesday,Dinner,None,Juan
3877,C047,2025-08-18,Delivery,Food,Beef Burger,2,12.77,25.54,Card,N/A,Monday,Dinner,Extra napkins,does not report
3878,C047,2025-03-27,Dine-In,Beverage,Mineral Water,2,18.04,36.08,Cash,21,Thursday,Dinner,Gluten-free,Valeria
3879,C047,2025-01-04,Dine-In,Food,Margherita Pizza,2,18.88,37.76,Cash,16,Saturday,Dinner,None,Ana
3880,C047,2025-12-12,Delivery,Beverage,Mojito,1,12.46,12.46,Mobile Payment,N/A,Friday,Lunch,Less sugar,does not report
3881,C047,2025-10-02,Dine-In,Food,Pasta Alfredo,1,19.01,19.01,Cash,29,Thursday,Dinner,Extra napkins,Carlos
3882,C049,2025-06-17,Takeaway,Beverage,Fresh Orange Juice,2,13.62,27.24,Cash,N/A,Tuesday,Lunch,No onions,does not report
3883,C049,2025-08-01,Delivery,Food,Caesar Salad,1,11.94,11.94,Mobile Payment,N/A,Friday,Lunch,None,does not report
3884,C049,2025-02-14,Dine-In,Food,Caesar Salad,2,17.44,34.88,Card,5,Friday,Breakfast,Less sugar,Valeria
3885,C049,2025-11-03,Dine-In,Food,Sushi Roll,1,19.82,19.82,Mobile Payment,4,Monday,Lunch,Less sugar,Juan
3886,C049,2025-05-07,Dine-In,Food,Caesar Salad,1,16.82,16.82,Card,23,Wednesday,Breakfast,Extra napkins,Carlos
3887,C049,2025-07-20,Delivery,Beverage,Iced Tea,2,14.06,28.12,Card,N/A,Sunday,Lunch,None,does not report
3888,C049,2025-10-03,Takeaway,Beverage,Fresh Orange Juice,2,16.95,33.9,Cash,N/A,Friday,Lunch,None,does not report
3889,C049,2025-04-23,Dine-In,Beverage,Iced Tea,1,17.18,17.18,Cash,9,Wednesday,Lunch,None,Valeria
3890,C049,2025-01-17,Dine-In,Food,Grilled Chicken,1,19.41,19.41,Mobile Payment,8,Friday,Lunch,Extra napkins,Juan
3891,C058,2025-08-14,Takeaway,Food,Grilled Chicken,2,19.01,38.02,Card,N/A,Thursday,Lunch,Extra napkins,does not report
3892,C058,2025-07-30,Dine-In,Food,Grilled Chicken,1,18.13,18.13,Card,18,Wednesday,Lunch,None,Juan
3893,C058,2025-12-24,Delivery,Food,Grilled Chicken,1,13.76,13.76,Mobile Payment,N/A,Wednesday,Breakfast,No onions,does not report
3894,C058,2025-03-21,Delivery,Beverage,Mojito,2,16.37,32.74,Mobile Payment,N/A,Friday,Dinner,Extra napkins,does not report
3895,C058,2025-04-27,Dine-In,Beverage,Iced Tea,2,19.62,39.24,Cash,19,Sunday,Dinner,None,Miguel
3896,C058,2025-05-07,Dine-In,Beverage,Cappuccino,1,14.85,14.85,Mobile Payment,19,Wednesday,Breakfast,No onions,Ana
3897,C058,2025-02-15,Dine-In,Food,Margherita Pizza,2,15.37,30.74,Card,3,Saturday,Dinner,None,Ana
3898,C061,2025-01-24,Dine-In,Beverage,Latte,2,14.84,29.68,Card,22,Friday,Lunch,None,Carlos
3899,C061,2025-11-20,Dine-In,Food,Margherita Pizza,1,18.58,18.58,Card,13,Thursday,Dinner,Less sugar,Valeria
3900,C061,2025-08-29,Dine-In,Food,Margherita Pizza,2,13.39,26.78,Card,26,Friday,Breakfast,None,Miguel
3901,C061,2025-05-07,Takeaway,Beverage,Iced Tea,2,14.0,28.0,Card,N/A,Wednesday,Dinner,None,does not report
3902,C061,2025-09-23,Takeaway,Beverage,Cappuccino,2,18.98,37.96,Card,N/A,Tuesday,Dinner,None,does not report
3903,C061,2025-12-05,Takeaway,Beverage,Green Smoothie,1,13.81,13.81,Mobile Payment,N/A,Friday,Dinner,Gluten-free,does not report
3904,C064,2025-12-12,Dine-In,Beverage,Cappuccino,1,12.28,12.28,Mobile Payment,14,Friday,Dinner,Extra napkins,Valeria
3905,C064,2025-03-06,Dine-In,Beverage,Fresh Orange Juice,1,13.62,13.62,Mobile Payment,27,Thursday,Lunch,None,Miguel
3906,C064,2025-08-13,Delivery,Beverage,Fresh Orange Juice,2,12.17,24.34,Mobile Payment,N/A,Wednesday,Dinner,None,does not report
3907,C064,2025-04-05,Dine-In,Beverage,Latte,2,16.09,32.18,Cash,8,Saturday,Breakfast,Extra napkins,Valeria
3908,C064,2025-11-30,Takeaway,Beverage,Mojito,1,15.93,15.93,Cash,N/A,Sunday,Lunch,Less sugar,does not report
3909,C064,2025-09-02,Delivery,Beverage,Latte,2,13.8,27.6,Cash,N/A,Tuesday,Dinner,Extra napkins,does not report
3910,C064,2025-07-11,Dine-In,Beverage,Latte,2,13.8,27.6,Mobile Payment,7,Friday,Dinner,None,Carlos
3911,C259,2025-05-31,Dine-In,Food,Margherita Pizza,1,18.74,18.74,Cash,25,Saturday,Breakfast,Extra napkins,Juan
3912,C259,2025-09-05,Dine-In,Beverage,Mojito,2,14.09,28.18,Cash,24,Friday,Dinner,Gluten-free,Juan
3913,C259,2025-04-06,Dine-In,Food,Veggie Sandwich,2,19.38,38.76,Cash,5,Sunday,Dinner,None,Miguel
3914,C259,2025-07-27,Delivery,Food,Pasta Alfredo,2,19.01,38.02,Mobile Payment,N/A,Sunday,Lunch,No onions,does not report
3915,C259,2025-02-07,Takeaway,Food,Pasta Alfredo,2,12.82,25.64,Mobile Payment,N/A,Friday,Breakfast,No onions,does not report
3916,C259,2025-06-06,Takeaway,Beverage,Mineral Water,2,17.06,34.12,Cash,N/A,Friday,Dinner,None,does not report
3917,C259,2025-10-27,Delivery,Beverage,Cappuccino,2,18.61,37.22,Card,N/A,Monday,Breakfast,None,does not report
3918,C259,2025-12-22,Dine-In,Beverage,Mineral Water,1,13.96,13.96,Cash,1,Monday,Dinner,None,Miguel
3919,C260,2025-06-05,Dine-In,Food,Margherita Pizza,2,19.53,39.06,Cash,15,Thursday,Lunch,None,Juan
3920,C260,2025-03-27,Takeaway,Food,Caesar Salad,2,13.43,26.86,Cash,N/A,Thursday,Lunch,None,does not report
3921,C260,2025-04-09,Takeaway,Food,Veggie Sandwich,2,17.83,35.66,Cash,N/A,Wednesday,Breakfast,None,does not report
3922,C260,2025-02-23,Delivery,Beverage,Iced Tea,2,14.06,28.12,Card,N/A,Sunday,Lunch,No onions,does not report
3923,C260,2025-01-09,Dine-In,Food,Margherita Pizza,2,12.08,24.16,Mobile Payment,21,Thursday,Dinner,No onions,Carlos
3924,C260,2025-10-04,Delivery,Beverage,Latte,1,15.42,15.42,Mobile Payment,N/A,Saturday,Lunch,Gluten-free,does not report
3925,C260,2025-08-28,Dine-In,Food,Pasta Alfredo,2,14.52,29.04,Cash,27,Thursday,Lunch,Extra napkins,Ana
3926,C262,2025-06-25,Dine-In,Beverage,Cappuccino,1,18.67,18.67,Card,20,Wednesday,Dinner,None,Carlos
3927,C262,2025-05-27,Dine-In,Beverage,Iced Tea,2,12.94,25.88,Mobile Payment,11,Tuesday,Dinner,No onions,Valeria
3928,C262,2025-11-08,Delivery,Food,Caesar Salad,2,18.29,36.58,Card,N/A,Saturday,Dinner,None,does not report
3929,C262,2025-01-07,Dine-In,Beverage,Fresh Orange Juice,1,12.51,12.51,Mobile Payment,12,Tuesday,Lunch,Gluten-free,Ana
3930,C262,2025-10-21,Takeaway,Beverage,Iced Tea,2,16.16,32.32,Card,N/A,Tuesday,Dinner,None,does not report
3931,C262,2025-09-23,Dine-In,Beverage,Iced Tea,2,17.07,34.14,Card,12,Tuesday,Dinner,None,Carlos
3932,C262,2025-04-09,Takeaway,Food,Caesar Salad,2,17.39,34.78,Card,N/A,Wednesday,Breakfast,None,does not report
3933,C265,2025-01-19,Dine-In,Beverage,Mojito,2,17.24,34.48,Mobile Payment,30,Sunday,Dinner,Gluten-free,Miguel
3934,C265,2025-09-15,Delivery,Beverage,Iced Tea,2,12.45,24.9,Card,N/A,Monday,Breakfast,None,does not report
3935,C265,2025-08-21,Takeaway,Food,Sushi Roll,1,12.11,12.11,Mobile Payment,N/A,Thursday,Dinner,None,does not report
3936,C265,2025-12-22,Delivery,Beverage,Fresh Orange Juice,2,13.94,27.88,Card,N/A,Monday,Lunch,No onions,does not report
3937,C265,2025-03-19,Delivery,Beverage,Green Smoothie,2,19.95,39.9,Cash,N/A,Wednesday,Dinner,None,does not report
3938,C265,2025-10-31,Takeaway,Beverage,Cappuccino,1,17.14,17.14,Cash,N/A,Friday,Dinner,Gluten-free,does not report
3939,C265,2025-04-15,Delivery,Food,Veggie Sandwich,2,14.91,29.82,Mobile Payment,N/A,Tuesday,Dinner,Gluten-free,does not report
3940,C267,2025-03-15,Dine-In,Food,Caesar Salad,2,12.54,25.08,Card,12,Saturday,Lunch,Less sugar,Miguel
3941,C267,2025-10-16,Takeaway,Food,Sushi Roll,2,18.95,37.9,Cash,N/A,Thursday,Lunch,None,does not report
3942,C267,2025-12-26,Delivery,Food,Veggie Sandwich,1,14.27,14.27,Card,N/A,Friday,Dinner,Less sugar,does not report
3943,C267,2025-08-18,Dine-In,Food,Grilled Chicken,1,15.42,15.42,Card,15,Monday,Lunch,Gluten-free,Valeria
3944,C267,2025-01-23,Delivery,Food,Grilled Chicken,2,13.76,27.52,Cash,N/A,Thursday,Lunch,None,does not report
3945,C267,2025-07-27,Delivery,Beverage,Mineral Water,1,18.04,18.04,Mobile Payment,N/A,Sunday,Breakfast,Extra napkins,does not report
3946,C269,2025-02-06,Takeaway,Food,Veggie Sandwich,1,14.13,14.13,Mobile Payment,N/A,Thursday,Lunch,No onions,does not report
3947,C269,2025-07-03,Dine-In,Food,Caesar Salad,1,16.35,16.35,Mobile Payment,28,Thursday,Breakfast,Extra napkins,Carlos
3948,C269,2025-06-19,Dine-In,Beverage,Latte,1,16.14,16.14,Cash,4,Thursday,Breakfast,None,Ana
3949,C269,2025-12-31,Delivery,Beverage,Fresh Orange Juice,1,13.62,13.62,Card,N/A,Wednesday,Breakfast,None,does not report
3950,C269,2025-01-05,Dine-In,Beverage,Latte,1,18.9,18.9,Mobile Payment,29,Sunday,Dinner,Extra napkins,Valeria
3951,C269,2025-11-30,Dine-In,Food,Pasta Alfredo,2,13.25,26.5,Card,26,Sunday,Dinner,Gluten-free,Juan
3952,C269,2025-04-03,Dine-In,Food,Grilled Chicken,1,13.2,13.2,Cash,27,Thursday,Breakfast,None,Carlos
3953,C269,2025-09-15,Delivery,Food,Grilled Chicken,2,12.66,25.32,Card,N/A,Monday,Dinner,None,does not report
3954,C272,2025-09-26,Delivery,Beverage,Mojito,1,15.93,15.93,Mobile Payment,N/A,Friday,Lunch,None,does not report
3955,C272,2025-03-13,Dine-In,Beverage,Mineral Water,2,13.96,27.92,Card,24,Thursday,Dinner,Extra napkins,Juan
3956,C272,2025-10-28,Takeaway,Food,Veggie Sandwich,1,14.91,14.91,Card,N/A,Tuesday,Dinner,Gluten-free,does not report
3957,C272,2025-02-13,Takeaway,Beverage,Iced Tea,1,13.54,13.54,Card,N/A,Thursday,Lunch,Less sugar,does not report
3958,C272,2025-01-20,Delivery,Food,Beef Burger,1,19.66,19.66,Card,N/A,Monday,Lunch,Extra napkins,does not report
3959,C272,2025-08-04,Takeaway,Beverage,Green Smoothie,2,18.3,36.6,Cash,N/A,Monday,Breakfast,None,does not report
3960,C272,2025-11-02,Dine-In,Food,Sushi Roll,1,13.2,13.2,Card,22,Sunday,Dinner,No onions,Carlos
3961,C272,2025-04-02,Delivery,Food,Margherita Pizza,2,15.66,31.32,Card,N/A,Wednesday,Dinner,Less sugar,does not report
3962,C272,2025-07-18,Dine-In,Food,Veggie Sandwich,2,11.99,23.98,Cash,2,Friday,Lunch,None,Ana
3963,C273,2025-06-10,Delivery,Beverage,Mineral Water,1,18.46,18.46,Card,N/A,Tuesday,Dinner,None,does not report
3964,C273,2025-05-10,Dine-In,Food,Sushi Roll,1,15.33,15.33,Card,23,Saturday,Dinner,None,Ana
3965,C273,2025-04-13,Dine-In,Food,Pasta Alfredo,1,18.53,18.53,Mobile Payment,26,Sunday,Breakfast,Gluten-free,Carlos
3966,C273,2025-12-04,Takeaway,Beverage,Green Smoothie,1,18.3,18.3,Card,N/A,Thursday,Dinner,Gluten-free,does not report
3967,C273,2025-10-08,Delivery,Food,Sushi Roll,2,11.82,23.64,Cash,N/A,Wednesday,Dinner,Less sugar,does not report
3968,C273,2025-02-01,Takeaway,Food,Veggie Sandwich,2,15.38,30.76,Cash,N/A,Saturday,Lunch,Less sugar,does not report
3969,C273,2025-11-04,Dine-In,Beverage,Cappuccino,2,13.46,26.92,Mobile Payment,24,Tuesday,Lunch,Extra napkins,Miguel
3970,C273,2025-07-30,Delivery,Food,Sushi Roll,2,11.82,23.64,Cash,N/A,Wednesday,Dinner,None,does not report
3971,C277,2025-04-10,Delivery,Food,Pasta Alfredo,1,13.81,13.81,Mobile Payment,N/A,Thursday,Dinner,None,does not report
3972,C277,2025-07-30,Dine-In,Food,Veggie Sandwich,1,13.37,13.37,Mobile Payment,25,Wednesday,Dinner,None,Ana
3973,C277,2025-01-01,Takeaway,Beverage,Latte,1,16.97,16.97,Cash,N/A,Wednesday,Breakfast,None,does not report
3974,C277,2025-11-21,Delivery,Food,Caesar Salad,1,12.91,12.91,Card,N/A,Friday,Dinner,None,does not report
3975,C277,2025-10-10,Delivery,Food,Margherita Pizza,1,13.78,13.78,Mobile Payment,N/A,Friday,Dinner,None,does not report
3976,C277,2025-03-26,Takeaway,Beverage,Mineral Water,1,13.96,13.96,Mobile Payment,N/A,Wednesday,Dinner,Less sugar,does not report
3977,C277,2025-09-22,Takeaway,Food,Caesar Salad,1,19.77,19.77,Cash,N/A,Monday,Lunch,Gluten-free,does not report
3978,C277,2025-02-24,Dine-In,Beverage,Fresh Orange Juice,2,17.49,34.98,Card,19,Monday,Lunch,Extra napkins,Valeria
3979,C281,2025-03-19,Takeaway,Beverage,Green Smoothie,2,15.5,31.0,Mobile Payment,N/A,Wednesday,Lunch,Extra napkins,does not report
3980,C281,2025-08-22,Delivery,Beverage,Green Smoothie,1,19.95,19.95,Mobile Payment,N/A,Friday,Dinner,None,does not report
3981,C281,2025-04-12,Dine-In,Beverage,Green Smoothie,2,19.95,39.9,Mobile Payment,30,Saturday,Dinner,Gluten-free,Carlos
3982,C281,2025-09-16,Dine-In,Food,Sushi Roll,1,15.62,15.62,Card,22,Tuesday,Dinner,None,Carlos
3983,C281,2025-11-30,Dine-In,Beverage,Mineral Water,2,17.32,34.64,Cash,15,Sunday,Dinner,Gluten-free,Juan
3984,C281,2025-02-14,Delivery,Beverage,Cappuccino,1,19.07,19.07,Mobile Payment,N/A,Friday,Breakfast,Less sugar,does not report
3985,C281,2025-10-20,Dine-In,Beverage,Fresh Orange Juice,2,12.17,24.34,Card,30,Monday,Lunch,None,Juan
3986,C281,2025-01-25,Dine-In,Food,Pasta Alfredo,1,15.89,15.89,Mobile Payment,6,Saturday,Dinner,No onions,Juan
3987,C285,2025-03-29,Dine-In,Beverage,Iced Tea,1,18.37,18.37,Cash,9,Saturday,Dinner,Extra napkins,Valeria
3988,C285,2025-04-19,Delivery,Beverage,Mojito,2,15.65,31.3,Mobile Payment,N/A,Saturday,Lunch,No onions,does not report
3989,C285,2025-08-18,Dine-In,Food,Margherita Pizza,1,14.72,14.72,Card,26,Monday,Dinner,None,Miguel
3990,C285,2025-07-23,Dine-In,Beverage,Cappuccino,2,13.3,26.6,Mobile Payment,4,Wednesday,Lunch,Extra napkins,Juan
3991,C285,2025-09-19,Dine-In,Beverage,Fresh Orange Juice,1,12.51,12.51,Cash,13,Friday,Dinner,Less sugar,Ana
3992,C285,2025-02-16,Dine-In,Food,Margherita Pizza,1,14.3,14.3,Card,19,Sunday,Lunch,Gluten-free,Ana
3993,C285,2025-01-29,Takeaway,Beverage,Cappuccino,2,16.17,32.34,Cash,N/A,Wednesday,Dinner,No onions,does not report
3994,C286,2025-02-01,Dine-In,Food,Grilled Chicken,1,15.3,15.3,Mobile Payment,22,Saturday,Dinner,Less sugar,Juan
3995,C286,2025-06-04,Dine-In,Beverage,Green Smoothie,1,11.89,11.89,Card,24,Wednesday,Lunch,None,Juan
3996,C286,2025-05-10,Delivery,Beverage,Mineral Water,1,13.13,13.13,Card,N/A,Saturday,Dinner,Gluten-free,does not report
3997,C286,2025-03-02,Delivery,Beverage,Cappuccino,1,14.85,14.85,Card,N/A,Sunday,Lunch,Extra napkins,does not report
3998,C286,2025-10-22,Dine-In,Beverage,Green Smoothie,2,19.95,39.9,Cash,12,Wednesday,Breakfast,None,Valeria
3999,C286,2025-08-28,Dine-In,Beverage,Fresh Orange Juice,1,15.12,15.12,Card,13,Thursday,Dinner,No onions,Carlos
4000,C301,2025-05-17,Delivery,Food,Grilled Chicken,1,14.21,14.21,Card,N/A,Saturday,Dinner,Extra napkins,does not report
4001,C301,2025-07-11,Dine-In,Food,Pasta Alfredo,2,15.71,31.42,Cash,13,Friday,Lunch,Less sugar,Ana
4002,C301,2025-01-06,Takeaway,Beverage,Iced Tea,1,18.37,18.37,Card,N/A,Monday,Dinner,None,does not report
4003,C301,2025-10-23,Delivery,Food,Grilled Chicken,1,12.79,12.79,Cash,N/A,Thursday,Dinner,No onions,does not report
4004,C301,2025-04-11,Takeaway,Food,Margherita Pizza,2,18.88,37.76,Cash,N/A,Friday,Breakfast,Less sugar,does not report
4005,C301,2025-03-04,Dine-In,Beverage,Iced Tea,1,17.43,17.43,Mobile Payment,3,Tuesday,Dinner,Gluten-free,Ana
4006,C301,2025-08-15,Dine-In,Food,Margherita Pizza,2,17.48,34.96,Card,4,Friday,Dinner,None,Ana
4007,C301,2025-12-30,Delivery,Beverage,Mojito,1,15.65,15.65,Mobile Payment,N/A,Tuesday,Breakfast,No onions,does not report
4008,C305,2025-04-07,Dine-In,Food,Caesar Salad,1,15.08,15.08,Card,3,Monday,Dinner,Gluten-free,Juan
4009,C305,2025-09-14,Delivery,Beverage,Iced Tea,2,17.43,34.86,Card,N/A,Sunday,Breakfast,None,does not report
4010,C305,2025-05-29,Takeaway,Beverage,Cappuccino,2,19.33,38.66,Mobile Payment,N/A,Thursday,Lunch,None,does not report
4011,C305,2025-12-11,Delivery,Beverage,Mineral Water,2,12.02,24.04,Card,N/A,Thursday,Dinner,None,does not report
4012,C305,2025-06-07,Dine-In,Food,Beef Burger,2,19.39,38.78,Cash,21,Saturday,Dinner,Less sugar,Ana
4013,C305,2025-11-02,Dine-In,Food,Pasta Alfredo,2,12.09,24.18,Cash,23,Sunday,Dinner,None,Valeria
4014,C305,2025-07-10,Dine-In,Food,Sushi Roll,2,18.95,37.9,Cash,5,Thursday,Dinner,Less sugar,Miguel
4015,C305,2025-08-10,Dine-In,Food,Veggie Sandwich,2,15.03,30.06,Cash,10,Sunday,Breakfast,None,Juan
4016,C305,2025-10-25,Dine-In,Beverage,Mojito,1,14.35,14.35,Mobile Payment,8,Saturday,Lunch,Gluten-free,Valeria
4017,C307,2025-10-17,Dine-In,Beverage,Latte,1,17.87,17.87,Cash,26,Friday,Breakfast,Gluten-free,Miguel
4018,C307,2025-02-16,Dine-In,Food,Veggie Sandwich,1,13.51,13.51,Cash,23,Sunday,Dinner,Extra napkins,Miguel
4019,C307,2025-07-03,Takeaway,Beverage,Latte,1,18.13,18.13,Mobile Payment,N/A,Thursday,Dinner,Extra napkins,does not report
4020,C307,2025-12-07,Takeaway,Food,Beef Burger,2,13.99,27.98,Mobile Payment,N/A,Sunday,Dinner,No onions,does not report
4021,C307,2025-01-23,Dine-In,Beverage,Cappuccino,2,18.98,37.96,Card,6,Thursday,Breakfast,None,Miguel
4022,C307,2025-05-16,Delivery,Beverage,Mojito,2,12.46,24.92,Card,N/A,Friday,Dinner,None,does not report
4023,C311,2025-06-26,Dine-In,Beverage,Mineral Water,1,17.06,17.06,Mobile Payment,3,Thursday,Lunch,Gluten-free,Ana
4024,C311,2025-04-18,Takeaway,Food,Caesar Salad,1,16.6,16.6,Card,N/A,Friday,Lunch,Extra napkins,does not report
4025,C311,2025-07-27,Delivery,Beverage,Mineral Water,2,12.02,24.04,Card,N/A,Sunday,Dinner,None,does not report
4026,C311,2025-01-15,Dine-In,Food,Pasta Alfredo,2,13.81,27.62,Card,21,Wednesday,Lunch,Less sugar,Valeria
4027,C311,2025-12-10,Delivery,Beverage,Iced Tea,2,19.82,39.64,Cash,N/A,Wednesday,Breakfast,No onions,does not report
4028,C311,2025-09-03,Dine-In,Food,Veggie Sandwich,2,12.53,25.06,Card,7,Wednesday,Dinner,None,Carlos
4029,C311,2025-02-21,Dine-In,Food,Sushi Roll,1,19.42,19.42,Cash,28,Friday,Dinner,None,Ana
4030,C315,2025-01-15,Delivery,Beverage,Mineral Water,1,13.13,13.13,Card,N/A,Wednesday,Breakfast,None,does not report
4031,C315,2025-11-15,Delivery,Beverage,Iced Tea,2,15.02,30.04,Mobile Payment,N/A,Saturday,Dinner,Less sugar,does not report
4032,C315,2025-06-15,Dine-In,Beverage,Iced Tea,1,12.86,12.86,Cash,14,Sunday,Lunch,None,Carlos
4033,C315,2025-03-17,Dine-In,Food,Grilled Chicken,2,13.55,27.1,Card,8,Monday,Dinner,None,Valeria
4034,C315,2025-09-28,Dine-In,Food,Margherita Pizza,2,16.38,32.76,Card,29,Sunday,Dinner,None,Miguel
4035,C315,2025-10-15,Takeaway,Food,Sushi Roll,1,16.11,16.11,Card,N/A,Wednesday,Dinner,No onions,does not report
4036,C316,2025-04-04,Dine-In,Food,Margherita Pizza,1,17.48,17.48,Mobile Payment,21,Friday,Dinner,None,Juan
4037,C316,2025-07-19,Dine-In,Beverage,Iced Tea,1,13.54,13.54,Card,20,Saturday,Dinner,None,Valeria
4038,C316,2025-03-07,Dine-In,Food,Caesar Salad,1,19.77,19.77,Mobile Payment,7,Friday,Breakfast,No onions,Ana
4039,C316,2025-01-19,Dine-In,Food,Caesar Salad,1,12.91,12.91,Cash,19,Sunday,Breakfast,Extra napkins,Miguel
4040,C316,2025-12-08,Delivery,Beverage,Cappuccino,1,15.5,15.5,Mobile Payment,N/A,Monday,Lunch,None,does not report
4041,C316,2025-02-21,Dine-In,Food,Grilled Chicken,2,12.64,25.28,Cash,24,Friday,Lunch,No onions,Juan
4042,C316,2025-08-05,Takeaway,Beverage,Mineral Water,2,18.04,36.08,Mobile Payment,N/A,Tuesday,Breakfast,No onions,does not report
4043,C317,2025-12-04,Dine-In,Food,Sushi Roll,2,11.82,23.64,Card,9,Thursday,Dinner,None,Carlos
4044,C317,2025-05-13,Delivery,Beverage,Mojito,1,15.65,15.65,Cash,N/A,Tuesday,Breakfast,No onions,does not report
4045,C317,2025-08-17,Dine-In,Beverage,Mojito,1,12.44,12.44,Mobile Payment,18,Sunday,Lunch,None,Ana
4046,C317,2025-07-07,Dine-In,Food,Veggie Sandwich,2,19.4,38.8,Mobile Payment,12,Monday,Lunch,None,Juan
4047,C317,2025-04-24,Takeaway,Beverage,Mineral Water,2,17.32,34.64,Mobile Payment,N/A,Thursday,Breakfast,No onions,does not report
4048,C317,2025-03-19,Dine-In,Food,Caesar Salad,1,16.82,16.82,Card,30,Wednesday,Lunch,Less sugar,Carlos
4049,C317,2025-11-08,Dine-In,Food,Margherita Pizza,2,12.33,24.66,Cash,16,Saturday,Lunch,Gluten-free,Ana
4050,C317,2025-09-13,Takeaway,Beverage,Green Smoothie,2,17.26,34.52,Cash,N/A,Saturday,Dinner,Gluten-free,does not report
4051,C317,2025-06-23,Dine-In,Food,Caesar Salad,1,16.6,16.6,Cash,19,Monday,Breakfast,None,Valeria
4052,C318,2025-11-20,Delivery,Food,Grilled Chicken,1,12.64,12.64,Card,N/A,Thursday,Lunch,None,does not report
4053,C318,2025-12-21,Delivery,Food,Margherita Pizza,2,17.83,35.66,Cash,N/A,Sunday,Lunch,Gluten-free,does not report
4054,C318,2025-07-15,Dine-In,Food,Margherita Pizza,2,18.88,37.76,Cash,5,Tuesday,Breakfast,None,Valeria
4055,C318,2025-04-24,Dine-In,Food,Beef Burger,2,18.39,36.78,Mobile Payment,19,Thursday,Breakfast,Less sugar,Carlos
4056,C318,2025-10-14,Delivery,Beverage,Iced Tea,2,16.8,33.6,Card,N/A,Tuesday,Breakfast,Less sugar,does not report
4057,C318,2025-03-21,Delivery,Beverage,Green Smoothie,2,15.5,31.0,Cash,N/A,Friday,Breakfast,None,does not report
4058,C318,2025-01-30,Dine-In,Food,Pasta Alfredo,1,18.53,18.53,Card,2,Thursday,Breakfast,None,Valeria
4059,C318,2025-08-05,Dine-In,Beverage,Green Smoothie,2,13.81,27.62,Card,1,Tuesday,Dinner,Less sugar,Juan
4060,C318,2025-09-16,Delivery,Food,Sushi Roll,2,11.82,23.64,Cash,N/A,Tuesday,Dinner,None,does not report
4061,C319,2025-09-28,Dine-In,Beverage,Iced Tea,2,14.0,28.0,Mobile Payment,1,Sunday,Breakfast,No onions,Miguel
4062,C319,2025-12-20,Delivery,Beverage,Cappuccino,1,16.29,16.29,Mobile Payment,N/A,Saturday,Dinner,Less sugar,does not report
4063,C319,2025-02-19,Delivery,Beverage,Mineral Water,2,17.32,34.64,Card,N/A,Wednesday,Dinner,No onions,does not report
4064,C319,2025-04-30,Dine-In,Beverage,Fresh Orange Juice,1,16.8,16.8,Cash,26,Wednesday,Breakfast,Less sugar,Carlos
4065,C319,2025-10-20,Delivery,Food,Grilled Chicken,1,12.64,12.64,Cash,N/A,Monday,Lunch,Gluten-free,does not report
4066,C319,2025-06-21,Dine-In,Beverage,Mojito,2,14.35,28.7,Cash,15,Saturday,Lunch,No onions,Juan
4067,C331,2025-09-15,Dine-In,Beverage,Latte,2,16.97,33.94,Cash,12,Monday,Breakfast,None,Miguel
4068,C331,2025-07-21,Dine-In,Food,Sushi Roll,2,17.14,34.28,Mobile Payment,28,Monday,Dinner,Extra napkins,Juan
4069,C331,2025-06-07,Dine-In,Beverage,Latte,2,18.9,37.8,Mobile Payment,28,Saturday,Dinner,Gluten-free,Carlos
4070,C331,2025-10-11,Dine-In,Food,Margherita Pizza,2,16.36,32.72,Cash,8,Saturday,Breakfast,Extra napkins,Ana
4071,C331,2025-05-30,Takeaway,Food,Margherita Pizza,2,19.53,39.06,Cash,N/A,Friday,Breakfast,No onions,does not report
4072,C331,2025-02-04,Delivery,Beverage,Mojito,2,12.46,24.92,Card,N/A,Tuesday,Breakfast,No onions,does not report
4073,C331,2025-03-22,Dine-In,Beverage,Mineral Water,2,17.32,34.64,Cash,6,Saturday,Lunch,Extra napkins,Ana
4074,C331,2025-04-04,Delivery,Food,Caesar Salad,2,15.08,30.16,Mobile Payment,N/A,Friday,Breakfast,None,does not report
4075,C333,2025-12-11,Takeaway,Food,Margherita Pizza,2,12.33,24.66,Cash,N/A,Thursday,Breakfast,None,does not report
4076,C333,2025-04-10,Dine-In,Food,Pasta Alfredo,2,15.56,31.12,Card,27,Thursday,Dinner,None,Carlos
4077,C333,2025-08-29,Dine-In,Food,Grilled Chicken,2,19.01,38.02,Mobile Payment,21,Friday,Dinner,None,Ana
4078,C333,2025-09-29,Dine-In,Beverage,Fresh Orange Juice,2,15.12,30.24,Cash,20,Monday,Dinner,Less sugar,Juan
4079,C333,2025-07-02,Delivery,Food,Beef Burger,2,18.39,36.78,Card,N/A,Wednesday,Dinner,Less sugar,does not report
4080,C333,2025-01-04,Delivery,Beverage,Latte,1,12.39,12.39,Cash,N/A,Saturday,Lunch,Gluten-free,does not report
4081,C333,2025-06-28,Takeaway,Beverage,Mojito,1,12.46,12.46,Card,N/A,Saturday,Dinner,No onions,does not report
4082,C333,2025-03-21,Delivery,Beverage,Fresh Orange Juice,2,13.62,27.24,Mobile Payment,N/A,Friday,Lunch,No onions,does not report
4083,C342,2025-02-19,Dine-In,Food,Caesar Salad,2,19.32,38.64,Card,3,Wednesday,Lunch,None,Carlos
4084,C342,2025-12-09,Dine-In,Beverage,Fresh Orange Juice,1,16.8,16.8,Card,30,Tuesday,Breakfast,Less sugar,Valeria
4085,C342,2025-03-04,Dine-In,Beverage,Iced Tea,2,15.02,30.04,Cash,16,Tuesday,Breakfast,Gluten-free,Carlos
4086,C342,2025-10-06,Takeaway,Beverage,Green Smoothie,2,18.0,36.0,Cash,N/A,Monday,Dinner,No onions,does not report
4087,C342,2025-08-02,Dine-In,Beverage,Cappuccino,2,16.76,33.52,Cash,25,Saturday,Dinner,Extra napkins,Carlos
4088,C343,2025-12-21,Dine-In,Beverage,Fresh Orange Juice,2,15.12,30.24,Card,6,Sunday,Lunch,Gluten-free,Miguel
4089,C343,2025-08-07,Takeaway,Beverage,Mineral Water,2,18.97,37.94,Card,N/A,Thursday,Lunch,Gluten-free,does not report
4090,C343,2025-10-19,Dine-In,Beverage,Fresh Orange Juice,2,17.42,34.84,Mobile Payment,27,Sunday,Lunch,None,Ana
4091,C343,2025-11-18,Delivery,Food,Margherita Pizza,2,18.8,37.6,Card,N/A,Tuesday,Lunch,None,does not report
4092,C343,2025-05-13,Dine-In,Beverage,Fresh Orange Juice,2,17.12,34.24,Card,16,Tuesday,Lunch,Gluten-free,Miguel
4093,C343,2025-01-30,Dine-In,Beverage,Iced Tea,1,12.67,12.67,Card,6,Thursday,Breakfast,Extra napkins,Miguel
4094,C343,2025-06-01,Dine-In,Food,Beef Burger,1,17.43,17.43,Card,26,Sunday,Dinner,None,Miguel
4095,C345,2025-10-16,Delivery,Food,Caesar Salad,1,16.82,16.82,Cash,N/A,Thursday,Breakfast,None,does not report
4096,C345,2025-02-02,Dine-In,Food,Grilled Chicken,1,13.75,13.75,Mobile Payment,9,Sunday,Breakfast,None,Juan
4097,C345,2025-08-05,Dine-In,Food,Veggie Sandwich,1,17.83,17.83,Cash,8,Tuesday,Lunch,None,Juan
4098,C345,2025-06-13,Delivery,Beverage,Green Smoothie,1,13.21,13.21,Cash,N/A,Friday,Dinner,Less sugar,does not report
4099,C345,2025-07-24,Dine-In,Beverage,Latte,2,13.8,27.6,Mobile Payment,17,Thursday,Dinner,Gluten-free,Carlos
4100,C345,2025-11-05,Takeaway,Food,Caesar Salad,1,17.39,17.39,Mobile Payment,N/A,Wednesday,Dinner,Gluten-free,does not report
4101,C345,2025-01-12,Dine-In,Beverage,Iced Tea,2,17.66,35.32,Cash,12,Sunday,Lunch,Gluten-free,Carlos
4102,C345,2025-12-15,Dine-In,Food,Caesar Salad,1,19.77,19.77,Card,8,Monday,Breakfast,No onions,Miguel
4103,C352,2025-05-06,Delivery,Beverage,Mojito,2,16.67,33.34,Card,N/A,Tuesday,Breakfast,None,does not report
4104,C352,2025-03-25,Dine-In,Beverage,Mojito,2,12.46,24.92,Mobile Payment,19,Tuesday,Lunch,Less sugar,Carlos
4105,C352,2025-07-31,Delivery,Food,Sushi Roll,1,12.86,12.86,Card,N/A,Thursday,Dinner,Extra napkins,does not report
4106,C352,2025-04-12,Dine-In,Food,Margherita Pizza,2,16.38,32.76,Mobile Payment,16,Saturday,Dinner,None,Ana
4107,C352,2025-02-07,Dine-In,Beverage,Green Smoothie,2,18.3,36.6,Cash,12,Friday,Dinner,Less sugar,Ana
4108,C352,2025-01-14,Dine-In,Food,Caesar Salad,2,12.91,25.82,Card,21,Tuesday,Dinner,None,Carlos
4109,C358,2025-03-26,Dine-In,Beverage,Fresh Orange Juice,1,13.94,13.94,Mobile Payment,5,Wednesday,Dinner,No onions,Valeria
4110,C358,2025-09-09,Dine-In,Food,Pasta Alfredo,2,19.01,38.02,Cash,22,Tuesday,Dinner,None,Miguel
4111,C358,2025-04-15,Takeaway,Beverage,Cappuccino,1,18.74,18.74,Mobile Payment,N/A,Tuesday,Breakfast,None,does not report
4112,C358,2025-01-10,Dine-In,Food,Beef Burger,1,19.66,19.66,Card,13,Friday,Breakfast,No onions,Valeria
4113,C358,2025-06-11,Dine-In,Beverage,Mojito,2,15.75,31.5,Mobile Payment,26,Wednesday,Breakfast,No onions,Ana
4114,C363,2025-04-09,Delivery,Beverage,Mojito,2,17.24,34.48,Cash,N/A,Wednesday,Dinner,No onions,does not report
4115,C363,2025-09-19,Takeaway,Beverage,Latte,1,16.09,16.09,Mobile Payment,N/A,Friday,Dinner,None,does not report
4116,C363,2025-01-16,Dine-In,Food,Grilled Chicken,1,15.3,15.3,Mobile Payment,27,Thursday,Lunch,None,Valeria
4117,C363,2025-08-19,Dine-In,Beverage,Iced Tea,2,12.67,25.34,Card,3,Tuesday,Lunch,No onions,Miguel
4118,C363,2025-07-21,Dine-In,Food,Veggie Sandwich,1,12.53,12.53,Cash,12,Monday,Dinner,None,Juan
4119,C363,2025-02-08,Takeaway,Food,Grilled Chicken,1,13.76,13.76,Card,N/A,Saturday,Dinner,None,does not report
4120,C363,2025-05-08,Delivery,Beverage,Green Smoothie,1,18.3,18.3,Card,N/A,Thursday,Dinner,Less sugar,does not report
4121,C363,2025-10-18,Delivery,Food,Grilled Chicken,2,19.41,38.82,Card,N/A,Saturday,Dinner,None,does not report
4122,C363,2025-06-01,Dine-In,Food,Grilled Chicken,2,12.25,24.5,Mobile Payment,14,Sunday,Dinner,None,Carlos
4123,C366,2025-04-16,Delivery,Beverage,Mojito,2,19.22,38.44,Card,N/A,Wednesday,Dinner,None,does not report
4124,C366,2025-11-30,Dine-In,Beverage,Cappuccino,2,15.8,31.6,Cash,22,Sunday,Lunch,None,Valeria
4125,C366,2025-07-15,Takeaway,Food,Sushi Roll,2,13.55,27.1,Card,N/A,Tuesday,Dinner,Gluten-free,does not report
4126,C366,2025-03-16,Dine-In,Food,Veggie Sandwich,1,15.73,15.73,Cash,19,Sunday,Lunch,No onions,Miguel
4127,C366,2025-06-21,Dine-In,Food,Pasta Alfredo,2,12.09,24.18,Cash,28,Saturday,Dinner,None,Carlos
4128,C366,2025-08-17,Delivery,Beverage,Green Smoothie,1,16.92,16.92,Mobile Payment,N/A,Sunday,Breakfast,Gluten-free,does not report
4129,C367,2025-02-02,Delivery,Beverage,Fresh Orange Juice,2,17.12,34.24,Mobile Payment,N/A,Sunday,Dinner,Extra napkins,does not report
4130,C367,2025-12-08,Takeaway,Food,Pasta Alfredo,2,15.71,31.42,Card,N/A,Monday,Lunch,None,does not report
4131,C367,2025-11-18,Dine-In,Beverage,Mineral Water,2,17.06,34.12,Card,4,Tuesday,Dinner,Gluten-free,Ana
4132,C367,2025-05-26,Takeaway,Food,Margherita Pizza,2,17.83,35.66,Cash,N/A,Monday,Dinner,None,does not report
4133,C367,2025-04-29,Dine-In,Beverage,Mineral Water,1,18.04,18.04,Card,8,Tuesday,Dinner,None,Carlos
4134,C367,2025-10-15,Delivery,Beverage,Cappuccino,2,16.76,33.52,Mobile Payment,N/A,Wednesday,Dinner,Gluten-free,does not report
4135,C367,2025-07-01,Delivery,Food,Pasta Alfredo,2,17.38,34.76,Cash,N/A,Tuesday,Dinner,Gluten-free,does not report
4136,C367,2025-08-10,Takeaway,Beverage,Latte,1,16.97,16.97,Cash,N/A,Sunday,Lunch,Less sugar,does not report
4137,C369,2025-11-04,Delivery,Food,Pasta Alfredo,1,14.52,14.52,Cash,N/A,Tuesday,Dinner,Less sugar,does not report
4138,C369,2025-09-23,Dine-In,Food,Veggie Sandwich,2,15.38,30.76,Cash,18,Tuesday,Dinner,None,Carlos
4139,C369,2025-03-15,Delivery,Beverage,Latte,1,18.06,18.06,Cash,N/A,Saturday,Breakfast,Extra napkins,does not report
4140,C369,2025-07-19,Dine-In,Beverage,Green Smoothie,1,13.81,13.81,Mobile Payment,27,Saturday,Dinner,None,Carlos
4141,C369,2025-01-20,Dine-In,Beverage,Mineral Water,2,18.97,37.94,Mobile Payment,9,Monday,Lunch,No onions,Miguel
4142,C369,2025-10-01,Dine-In,Food,Veggie Sandwich,2,11.99,23.98,Card,1,Wednesday,Breakfast,None,Carlos
4143,C369,2025-02-14,Delivery,Beverage,Mojito,1,14.37,14.37,Cash,N/A,Friday,Dinner,Extra napkins,does not report
4144,C369,2025-12-15,Delivery,Food,Grilled Chicken,1,18.13,18.13,Mobile Payment,N/A,Monday,Dinner,No onions,does not report
4145,C369,2025-04-22,Takeaway,Beverage,Fresh Orange Juice,1,12.51,12.51,Card,N/A,Tuesday,Lunch,None,does not report
4146,C374,2025-08-31,Dine-In,Food,Caesar Salad,2,12.4,24.8,Cash,4,Sunday,Lunch,Extra napkins,Ana
4147,C374,2025-12-27,Takeaway,Food,Pasta Alfredo,2,17.38,34.76,Mobile Payment,N/A,Saturday,Dinner,No onions,does not report
4148,C374,2025-01-09,Dine-In,Beverage,Cappuccino,2,13.68,27.36,Cash,19,Thursday,Breakfast,Gluten-free,Carlos
4149,C374,2025-10-27,Dine-In,Food,Margherita Pizza,2,18.88,37.76,Mobile Payment,8,Monday,Dinner,Less sugar,Carlos
4150,C374,2025-06-26,Dine-In,Beverage,Latte,1,14.84,14.84,Mobile Payment,10,Thursday,Lunch,None,Carlos
4151,C374,2025-11-15,Dine-In,Beverage,Fresh Orange Juice,1,11.87,11.87,Card,20,Saturday,Breakfast,Gluten-free,Juan
4152,C374,2025-02-02,Delivery,Beverage,Green Smoothie,2,19.13,38.26,Cash,N/A,Sunday,Dinner,None,does not report
4153,C374,2025-07-28,Delivery,Food,Grilled Chicken,2,15.3,30.6,Cash,N/A,Monday,Dinner,Extra napkins,does not report
4154,C376,2025-09-16,Takeaway,Beverage,Cappuccino,2,16.65,33.3,Mobile Payment,N/A,Tuesday,Dinner,None,does not report
4155,C376,2025-11-15,Delivery,Beverage,Cappuccino,1,16.55,16.55,Card,N/A,Saturday,Dinner,Gluten-free,does not report
4156,C376,2025-06-17,Delivery,Beverage,Iced Tea,2,12.67,25.34,Card,N/A,Tuesday,Lunch,Extra napkins,does not report
4157,C376,2025-10-09,Delivery,Beverage,Fresh Orange Juice,1,16.95,16.95,Card,N/A,Thursday,Dinner,None,does not report
4158,C376,2025-04-11,Dine-In,Beverage,Mineral Water,1,18.97,18.97,Cash,8,Friday,Lunch,Extra napkins,Juan
4159,C376,2025-01-16,Dine-In,Beverage,Cappuccino,1,13.68,13.68,Card,25,Thursday,Lunch,None,Valeria
4160,C376,2025-05-05,Dine-In,Beverage,Green Smoothie,2,12.08,24.16,Card,2,Monday,Breakfast,Less sugar,Miguel
4161,C376,2025-02-09,Dine-In,Food,Caesar Salad,1,11.94,11.94,Mobile Payment,27,Sunday,Dinner,Gluten-free,Carlos
4162,C376,2025-08-30,Delivery,Beverage,Iced Tea,1,17.44,17.44,Mobile Payment,N/A,Saturday,Dinner,None,does not report
4163,C377,2025-07-15,Dine-In,Beverage,Latte,1,13.8,13.8,Card,2,Tuesday,Dinner,Gluten-free,Miguel
4164,C377,2025-11-07,Dine-In,Beverage,Cappuccino,2,13.51,27.02,Card,6,Friday,Breakfast,None,Miguel
4165,C377,2025-12-16,Delivery,Beverage,Mojito,2,17.63,35.26,Cash,N/A,Tuesday,Lunch,Less sugar,does not report
4166,C377,2025-01-26,Dine-In,Beverage,Mineral Water,1,17.28,17.28,Cash,6,Sunday,Dinner,None,Ana
4167,C377,2025-08-12,Takeaway,Beverage,Green Smoothie,2,17.26,34.52,Mobile Payment,N/A,Tuesday,Dinner,None,does not report
4168,C377,2025-03-15,Delivery,Food,Margherita Pizza,1,17.83,17.83,Card,N/A,Saturday,Dinner,None,does not report
4169,C377,2025-05-10,Delivery,Food,Veggie Sandwich,2,12.53,25.06,Mobile Payment,N/A,Saturday,Dinner,Extra napkins,does not report
4170,C378,2025-02-16,Dine-In,Beverage,Iced Tea,1,16.16,16.16,Mobile Payment,28,Sunday,Dinner,None,Valeria
4171,C378,2025-06-05,Dine-In,Beverage,Mojito,2,17.64,35.28,Cash,29,Thursday,Dinner,Less sugar,Miguel
4172,C378,2025-05-14,Dine-In,Food,Margherita Pizza,1,12.74,12.74,Mobile Payment,26,Wednesday,Lunch,No onions,Miguel
4173,C378,2025-08-23,Takeaway,Beverage,Mojito,2,15.65,31.3,Cash,N/A,Saturday,Dinner,Extra napkins,does not report
4174,C378,2025-04-07,Dine-In,Beverage,Mineral Water,1,17.74,17.74,Cash,15,Monday,Dinner,No onions,Juan
4175,C378,2025-09-16,Dine-In,Food,Sushi Roll,2,12.86,25.72,Mobile Payment,6,Tuesday,Lunch,Extra napkins,Valeria
4176,C378,2025-01-27,Dine-In,Beverage,Iced Tea,2,12.45,24.9,Cash,27,Monday,Dinner,Extra napkins,Valeria
4177,C379,2025-10-31,Delivery,Beverage,Green Smoothie,1,18.3,18.3,Card,N/A,Friday,Breakfast,Extra napkins,does not report
4178,C379,2025-03-18,Dine-In,Food,Margherita Pizza,2,18.94,37.88,Card,18,Tuesday,Dinner,No onions,Carlos
4179,C379,2025-01-14,Dine-In,Beverage,Mojito,1,15.93,15.93,Cash,4,Tuesday,Dinner,None,Juan
4180,C379,2025-09-25,Delivery,Food,Grilled Chicken,2,13.55,27.1,Cash,N/A,Thursday,Dinner,Extra napkins,does not report
4181,C379,2025-05-11,Delivery,Food,Beef Burger,1,19.39,19.39,Cash,N/A,Sunday,Dinner,Gluten-free,does not report
4182,C379,2025-02-14,Dine-In,Food,Grilled Chicken,2,16.09,32.18,Card,22,Friday,Lunch,Less sugar,Valeria
4183,C379,2025-07-21,Dine-In,Beverage,Iced Tea,2,16.68,33.36,Cash,4,Monday,Breakfast,Gluten-free,Ana
4184,C379,2025-12-12,Delivery,Beverage,Iced Tea,1,17.43,17.43,Mobile Payment,N/A,Friday,Lunch,None,does not report
4185,C380,2025-10-13,Dine-In,Food,Pasta Alfredo,2,14.91,29.82,Card,8,Monday,Lunch,None,Juan
4186,C380,2025-08-31,Delivery,Food,Margherita Pizza,1,12.74,12.74,Mobile Payment,N/A,Sunday,Breakfast,No onions,does not report
4187,C380,2025-11-09,Delivery,Beverage,Latte,1,18.79,18.79,Cash,N/A,Sunday,Dinner,Extra napkins,does not report
4188,C380,2025-03-24,Dine-In,Food,Grilled Chicken,2,14.21,28.42,Cash,8,Monday,Breakfast,No onions,Ana
4189,C380,2025-02-14,Dine-In,Food,Grilled Chicken,1,13.2,13.2,Mobile Payment,15,Friday,Dinner,No onions,Miguel
4190,C380,2025-12-25,Takeaway,Beverage,Iced Tea,1,15.04,15.04,Card,N/A,Thursday,Dinner,None,does not report
4191,C380,2025-01-27,Delivery,Beverage,Mineral Water,2,18.75,37.5,Mobile Payment,N/A,Monday,Dinner,None,does not report
4192,C388,2025-01-18,Dine-In,Beverage,Mineral Water,2,16.04,32.08,Card,16,Saturday,Dinner,None,Ana
4193,C388,2025-08-08,Dine-In,Beverage,Latte,2,16.14,32.28,Cash,21,Friday,Dinner,Gluten-free,Miguel
4194,C388,2025-07-04,Dine-In,Beverage,Mojito,2,16.37,32.74,Cash,2,Friday,Breakfast,Gluten-free,Valeria
4195,C388,2025-11-25,Delivery,Food,Caesar Salad,2,15.45,30.9,Cash,N/A,Tuesday,Lunch,Less sugar,does not report
4196,C388,2025-06-22,Dine-In,Beverage,Mineral Water,2,18.46,36.92,Mobile Payment,18,Sunday,Breakfast,None,Valeria
4197,C388,2025-12-05,Dine-In,Beverage,Mojito,1,16.37,16.37,Card,22,Friday,Breakfast,Gluten-free,Miguel
4198,C388,2025-09-23,Takeaway,Food,Beef Burger,1,18.39,18.39,Mobile Payment,N/A,Tuesday,Dinner,Extra napkins,does not report
4199,C388,2025-03-24,Dine-In,Food,Caesar Salad,2,19.77,39.54,Card,6,Monday,Lunch,No onions,Juan
4200,C388,2025-05-11,Takeaway,Beverage,Fresh Orange Juice,1,12.51,12.51,Card,N/A,Sunday,Lunch,None,does not report
4201,C398,2025-10-22,Dine-In,Food,Margherita Pizza,1,18.8,18.8,Card,5,Wednesday,Lunch,None,Carlos
4202,C398,2025-11-13,Dine-In,Food,Pasta Alfredo,1,15.89,15.89,Cash,3,Thursday,Lunch,Gluten-free,Valeria
4203,C398,2025-12-26,Delivery,Food,Caesar Salad,2,15.92,31.84,Mobile Payment,N/A,Friday,Dinner,Gluten-free,does not report
4204,C398,2025-04-14,Dine-In,Beverage,Mineral Water,2,18.75,37.5,Mobile Payment,24,Monday,Breakfast,None,Carlos
4205,C398,2025-08-09,Dine-In,Beverage,Cappuccino,2,16.65,33.3,Cash,1,Saturday,Breakfast,None,Miguel
4206,C398,2025-07-25,Dine-In,Food,Pasta Alfredo,1,17.12,17.12,Cash,1,Friday,Lunch,None,Juan
4207,C403,2025-01-05,Delivery,Food,Caesar Salad,2,19.32,38.64,Cash,N/A,Sunday,Lunch,Extra napkins,does not report
4208,C403,2025-03-26,Dine-In,Beverage,Green Smoothie,2,12.08,24.16,Mobile Payment,10,Wednesday,Lunch,Less sugar,Miguel
4209,C403,2025-10-26,Delivery,Food,Pasta Alfredo,2,15.89,31.78,Mobile Payment,N/A,Sunday,Lunch,None,does not report
4210,C403,2025-05-23,Dine-In,Food,Sushi Roll,1,15.62,15.62,Cash,8,Friday,Dinner,No onions,Valeria
4211,C403,2025-02-02,Dine-In,Beverage,Mineral Water,2,16.04,32.08,Mobile Payment,2,Sunday,Breakfast,Gluten-free,Juan
4212,C408,2025-09-25,Dine-In,Food,Grilled Chicken,1,12.25,12.25,Card,2,Thursday,Dinner,Less sugar,Miguel
4213,C408,2025-11-02,Dine-In,Beverage,Iced Tea,2,17.64,35.28,Cash,7,Sunday,Dinner,Extra napkins,Carlos
4214,C408,2025-12-02,Dine-In,Food,Margherita Pizza,1,12.33,12.33,Card,14,Tuesday,Breakfast,Extra napkins,Valeria
4215,C408,2025-08-06,Takeaway,Beverage,Cappuccino,1,18.67,18.67,Mobile Payment,N/A,Wednesday,Dinner,None,does not report
4216,C408,2025-05-19,Takeaway,Beverage,Fresh Orange Juice,2,17.12,34.24,Cash,N/A,Monday,Lunch,Less sugar,does not report
4217,C408,2025-07-02,Dine-In,Beverage,Cappuccino,1,18.74,18.74,Card,25,Wednesday,Dinner,None,Carlos
4218,C408,2025-02-10,Dine-In,Beverage,Iced Tea,1,18.58,18.58,Card,5,Monday,Breakfast,None,Juan
4219,C409,2025-03-14,Dine-In,Food,Margherita Pizza,2,17.48,34.96,Mobile Payment,11,Friday,Breakfast,Extra napkins,Ana
4220,C409,2025-09-29,Delivery,Beverage,Latte,2,18.06,36.12,Cash,N/A,Monday,Dinner,Gluten-free,does not report
4221,C409,2025-10-18,Delivery,Beverage,Green Smoothie,2,11.89,23.78,Card,N/A,Saturday,Breakfast,None,does not report
4222,C409,2025-04-17,Dine-In,Beverage,Cappuccino,2,18.98,37.96,Card,22,Thursday,Lunch,Less sugar,Carlos
4223,C409,2025-02-01,Delivery,Beverage,Green Smoothie,2,19.95,39.9,Mobile Payment,N/A,Saturday,Dinner,None,does not report
4224,C409,2025-07-15,Dine-In,Food,Sushi Roll,2,18.22,36.44,Mobile Payment,25,Tuesday,Lunch,None,Ana
4225,C413,2025-08-28,Takeaway,Beverage,Latte,1,18.13,18.13,Card,N/A,Thursday,Dinner,None,does not report
4226,C413,2025-09-11,Delivery,Food,Sushi Roll,2,13.55,27.1,Card,N/A,Thursday,Dinner,None,does not report
4227,C413,2025-12-28,Delivery,Food,Beef Burger,1,19.93,19.93,Mobile Payment,N/A,Sunday,Breakfast,None,does not report
4228,C413,2025-06-19,Takeaway,Food,Grilled Chicken,1,13.2,13.2,Cash,N/A,Thursday,Breakfast,None,does not report
4229,C413,2025-01-28,Dine-In,Food,Caesar Salad,2,12.4,24.8,Card,2,Tuesday,Lunch,Gluten-free,Juan
4230,C413,2025-10-16,Takeaway,Food,Pasta Alfredo,1,12.09,12.09,Card,N/A,Thursday,Lunch,Less sugar,does not report
4231,C413,2025-03-05,Takeaway,Beverage,Fresh Orange Juice,1,16.95,16.95,Mobile Payment,N/A,Wednesday,Lunch,None,does not report
4232,C413,2025-04-13,Dine-In,Food,Sushi Roll,1,18.95,18.95,Card,4,Sunday,Breakfast,Extra napkins,Carlos
4233,C414,2025-04-25,Dine-In,Beverage,Mojito,2,14.37,28.74,Cash,7,Friday,Dinner,Extra napkins,Ana
4234,C414,2025-10-24,Dine-In,Food,Caesar Salad,1,12.54,12.54,Mobile Payment,16,Friday,Breakfast,None,Valeria
4235,C414,2025-07-12,Takeaway,Food,Sushi Roll,1,11.82,11.82,Mobile Payment,N/A,Saturday,Breakfast,None,does not report
4236,C414,2025-11-10,Delivery,Beverage,Cappuccino,1,18.98,18.98,Card,N/A,Monday,Lunch,Gluten-free,does not report
4237,C414,2025-01-08,Dine-In,Beverage,Iced Tea,2,17.44,34.88,Cash,14,Wednesday,Lunch,None,Miguel
4238,C414,2025-06-27,Dine-In,Food,Pasta Alfredo,2,15.89,31.78,Card,9,Friday,Breakfast,Less sugar,Valeria
4239,C418,2025-01-25,Dine-In,Beverage,Latte,2,18.9,37.8,Cash,23,Saturday,Breakfast,Gluten-free,Juan
4240,C418,2025-06-23,Dine-In,Beverage,Iced Tea,1,19.62,19.62,Card,18,Monday,Dinner,No onions,Ana
4241,C418,2025-11-04,Takeaway,Food,Grilled Chicken,2,13.75,27.5,Card,N/A,Tuesday,Dinner,None,does not report
4242,C418,2025-02-24,Dine-In,Food,Margherita Pizza,1,18.8,18.8,Card,19,Monday,Breakfast,No onions,Valeria
4243,C418,2025-12-19,Dine-In,Beverage,Mineral Water,2,18.97,37.94,Card,26,Friday,Dinner,None,Carlos
4244,C418,2025-09-02,Dine-In,Food,Margherita Pizza,2,18.74,37.48,Mobile Payment,23,Tuesday,Lunch,None,Miguel
4245,C419,2025-12-14,Dine-In,Food,Grilled Chicken,2,12.79,25.58,Cash,10,Sunday,Dinner,Less sugar,Ana
4246,C419,2025-01-19,Dine-In,Beverage,Cappuccino,2,19.07,38.14,Card,10,Sunday,Dinner,None,Ana
4247,C419,2025-03-31,Dine-In,Food,Grilled Chicken,1,15.37,15.37,Cash,21,Monday,Dinner,None,Miguel
4248,C419,2025-04-19,Delivery,Food,Pasta Alfredo,1,14.3,14.3,Cash,N/A,Saturday,Breakfast,Gluten-free,does not report
4249,C419,2025-11-18,Delivery,Food,Grilled Chicken,1,19.01,19.01,Card,N/A,Tuesday,Breakfast,Gluten-free,does not report
4250,C419,2025-07-18,Delivery,Beverage,Cappuccino,2,17.14,34.28,Cash,N/A,Friday,Breakfast,None,does not report
4251,C421,2025-01-04,Dine-In,Food,Veggie Sandwich,1,19.87,19.87,Card,14,Saturday,Breakfast,None,Ana
4252,C421,2025-06-18,Dine-In,Beverage,Cappuccino,1,15.5,15.5,Cash,24,Wednesday,Dinner,No onions,Ana
4253,C421,2025-08-08,Delivery,Food,Grilled Chicken,2,12.64,25.28,Card,N/A,Friday,Lunch,None,does not report
4254,C421,2025-07-19,Dine-In,Beverage,Green Smoothie,2,17.26,34.52,Mobile Payment,19,Saturday,Dinner,Gluten-free,Carlos
4255,C421,2025-05-07,Dine-In,Beverage,Mojito,2,12.46,24.92,Cash,27,Wednesday,Dinner,None,Juan
4256,C421,2025-02-27,Dine-In,Food,Beef Burger,2,13.99,27.98,Cash,3,Thursday,Dinner,None,Miguel
4257,C421,2025-03-12,Dine-In,Food,Caesar Salad,2,13.43,26.86,Mobile Payment,5,Wednesday,Breakfast,Extra napkins,Miguel
4258,C421,2025-12-24,Takeaway,Beverage,Iced Tea,2,13.11,26.22,Card,N/A,Wednesday,Lunch,Less sugar,does not report
4259,C424,2025-12-07,Dine-In,Food,Margherita Pizza,2,18.74,37.48,Mobile Payment,11,Sunday,Breakfast,None,Ana
4260,C424,2025-06-13,Dine-In,Beverage,Green Smoothie,1,13.33,13.33,Card,1,Friday,Breakfast,Extra napkins,Carlos
4261,C424,2025-03-12,Delivery,Beverage,Fresh Orange Juice,2,17.12,34.24,Mobile Payment,N/A,Wednesday,Lunch,None,does not report
4262,C424,2025-07-04,Takeaway,Food,Beef Burger,1,12.77,12.77,Card,N/A,Friday,Dinner,No onions,does not report
4263,C424,2025-10-26,Dine-In,Beverage,Mineral Water,2,12.88,25.76,Mobile Payment,20,Sunday,Breakfast,None,Juan
4264,C424,2025-08-24,Takeaway,Beverage,Iced Tea,2,15.16,30.32,Mobile Payment,N/A,Sunday,Lunch,None,does not report
4265,C428,2025-05-16,Delivery,Food,Sushi Roll,2,18.22,36.44,Card,N/A,Friday,Breakfast,Less sugar,does not report
4266,C428,2025-03-04,Takeaway,Beverage,Mojito,2,19.22,38.44,Card,N/A,Tuesday,Breakfast,Gluten-free,does not report
4267,C428,2025-04-16,Takeaway,Food,Sushi Roll,1,13.67,13.67,Mobile Payment,N/A,Wednesday,Breakfast,Extra napkins,does not report
4268,C428,2025-07-14,Delivery,Food,Caesar Salad,2,19.04,38.08,Cash,N/A,Monday,Lunch,None,does not report
4269,C428,2025-09-15,Delivery,Food,Veggie Sandwich,2,13.37,26.74,Card,N/A,Monday,Dinner,Gluten-free,does not report
4270,C428,2025-10-22,Delivery,Food,Veggie Sandwich,2,11.99,23.98,Mobile Payment,N/A,Wednesday,Dinner,None,does not report
4271,C428,2025-06-10,Dine-In,Food,Grilled Chicken,1,15.42,15.42,Mobile Payment,1,Tuesday,Dinner,None,Carlos
4272,C428,2025-11-10,Delivery,Food,Margherita Pizza,2,12.15,24.3,Mobile Payment,N/A,Monday,Dinner,No onions,does not report
4273,C428,2025-02-19,Delivery,Beverage,Latte,1,17.87,17.87,Mobile Payment,N/A,Wednesday,Dinner,Gluten-free,does not report
4274,C429,2025-09-12,Dine-In,Beverage,Cappuccino,2,18.61,37.22,Mobile Payment,12,Friday,Lunch,None,Carlos
4275,C429,2025-08-15,Dine-In,Beverage,Cappuccino,1,18.61,18.61,Mobile Payment,11,Friday,Dinner,None,Ana
4276,C429,2025-10-31,Delivery,Beverage,Latte,2,16.97,33.94,Cash,N/A,Friday,Dinner,Less sugar,does not report
4277,C429,2025-02-25,Dine-In,Food,Margherita Pizza,2,16.38,32.76,Cash,29,Tuesday,Lunch,Gluten-free,Juan
4278,C429,2025-12-02,Delivery,Food,Caesar Salad,1,13.43,13.43,Card,N/A,Tuesday,Breakfast,None,does not report
4279,C429,2025-01-19,Dine-In,Food,Grilled Chicken,2,14.21,28.42,Mobile Payment,24,Sunday,Dinner,None,Ana
4280,C429,2025-06-11,Dine-In,Food,Veggie Sandwich,2,17.83,35.66,Cash,20,Wednesday,Lunch,Less sugar,Miguel
4281,C433,2025-04-29,Delivery,Food,Margherita Pizza,2,14.72,29.44,Card,N/A,Tuesday,Dinner,None,does not report
4282,C433,2025-03-03,Takeaway,Food,Sushi Roll,2,12.86,25.72,Card,N/A,Monday,Lunch,Gluten-free,does not report
4283,C433,2025-11-26,Delivery,Food,Beef Burger,2,19.66,39.32,Card,N/A,Wednesday,Dinner,Extra napkins,does not report
4284,C433,2025-02-04,Delivery,Beverage,Cappuccino,2,16.17,32.34,Card,N/A,Tuesday,Dinner,Extra napkins,does not report
4285,C433,2025-09-14,Dine-In,Food,Sushi Roll,2,13.03,26.06,Cash,24,Sunday,Lunch,No onions,Ana
4286,C433,2025-10-19,Dine-In,Food,Veggie Sandwich,1,15.38,15.38,Cash,8,Sunday,Dinner,None,Ana
4287,C440,2025-08-12,Dine-In,Food,Caesar Salad,1,11.94,11.94,Card,7,Tuesday,Breakfast,Gluten-free,Ana
4288,C440,2025-04-22,Takeaway,Food,Sushi Roll,1,11.92,11.92,Card,N/A,Tuesday,Dinner,Gluten-free,does not report
4289,C440,2025-03-01,Delivery,Beverage,Mojito,2,15.93,31.86,Cash,N/A,Saturday,Breakfast,Less sugar,does not report
4290,C440,2025-01-02,Delivery,Food,Veggie Sandwich,1,19.4,19.4,Card,N/A,Thursday,Lunch,None,does not report
4291,C440,2025-11-08,Delivery,Beverage,Iced Tea,2,16.66,33.32,Card,N/A,Saturday,Dinner,None,does not report
4292,C440,2025-12-26,Takeaway,Food,Margherita Pizza,2,17.48,34.96,Cash,N/A,Friday,Lunch,None,does not report
4293,C446,2025-11-01,Dine-In,Food,Grilled Chicken,2,13.2,26.4,Card,20,Saturday,Lunch,Less sugar,Miguel
4294,C446,2025-04-21,Takeaway,Beverage,Cappuccino,1,12.28,12.28,Card,N/A,Monday,Dinner,Extra napkins,does not report
4295,C446,2025-09-27,Delivery,Food,Margherita Pizza,1,17.83,17.83,Cash,N/A,Saturday,Breakfast,Gluten-free,does not report
4296,C446,2025-08-23,Takeaway,Beverage,Cappuccino,1,13.51,13.51,Cash,N/A,Saturday,Lunch,Gluten-free,does not report
4297,C446,2025-03-16,Delivery,Beverage,Mineral Water,2,17.28,34.56,Cash,N/A,Sunday,Lunch,Extra napkins,does not report
4298,C446,2025-02-25,Takeaway,Food,Pasta Alfredo,1,18.49,18.49,Mobile Payment,N/A,Tuesday,Breakfast,Less sugar,does not report
4299,C446,2025-12-12,Takeaway,Beverage,Mojito,2,15.93,31.86,Mobile Payment,N/A,Friday,Dinner,Gluten-free,does not report
4300,C446,2025-07-29,Dine-In,Food,Grilled Chicken,1,15.3,15.3,Cash,30,Tuesday,Dinner,None,Valeria
4301,C451,2025-11-12,Delivery,Beverage,Cappuccino,2,15.8,31.6,Card,N/A,Wednesday,Lunch,No onions,does not report
4302,C451,2025-02-16,Dine-In,Beverage,Cappuccino,2,18.98,37.96,Cash,9,Sunday,Dinner,Extra napkins,Miguel
4303,C451,2025-08-22,Delivery,Beverage,Latte,2,18.79,37.58,Card,N/A,Friday,Dinner,Extra napkins,does not report
4304,C451,2025-06-04,Delivery,Beverage,Latte,1,15.13,15.13,Mobile Payment,N/A,Wednesday,Lunch,None,does not report
4305,C451,2025-07-24,Delivery,Food,Sushi Roll,1,18.22,18.22,Mobile Payment,N/A,Thursday,Dinner,None,does not report
4306,C451,2025-09-30,Dine-In,Food,Sushi Roll,1,12.11,12.11,Mobile Payment,8,Tuesday,Breakfast,Gluten-free,Juan
4307,C451,2025-01-02,Dine-In,Food,Beef Burger,1,19.66,19.66,Cash,13,Thursday,Lunch,Gluten-free,Juan
4308,C452,2025-11-13,Dine-In,Beverage,Mineral Water,1,13.06,13.06,Cash,11,Thursday,Lunch,Extra napkins,Carlos
4309,C452,2025-01-17,Dine-In,Beverage,Latte,1,16.09,16.09,Card,29,Friday,Breakfast,Less sugar,Valeria
4310,C452,2025-02-04,Takeaway,Beverage,Fresh Orange Juice,2,17.17,34.34,Card,N/A,Tuesday,Breakfast,None,does not report
4311,C452,2025-05-20,Delivery,Beverage,Mojito,1,16.37,16.37,Cash,N/A,Tuesday,Dinner,None,does not report
4312,C452,2025-08-16,Dine-In,Food,Margherita Pizza,2,12.08,24.16,Mobile Payment,11,Saturday,Lunch,None,Miguel
4313,C452,2025-06-14,Dine-In,Food,Pasta Alfredo,1,18.53,18.53,Cash,21,Saturday,Dinner,None,Carlos
4314,C456,2025-06-28,Dine-In,Food,Sushi Roll,2,13.55,27.1,Cash,17,Saturday,Lunch,Less sugar,Ana
4315,C456,2025-04-15,Dine-In,Food,Veggie Sandwich,1,19.38,19.38,Cash,5,Tuesday,Dinner,None,Valeria
4316,C456,2025-08-03,Dine-In,Food,Grilled Chicken,2,12.72,25.44,Mobile Payment,9,Sunday,Dinner,Extra napkins,Valeria
4317,C456,2025-05-23,Dine-In,Food,Margherita Pizza,2,14.72,29.44,Card,13,Friday,Dinner,Gluten-free,Valeria
4318,C456,2025-11-23,Dine-In,Food,Pasta Alfredo,1,12.82,12.82,Cash,11,Sunday,Lunch,Gluten-free,Valeria
4319,C456,2025-03-18,Dine-In,Food,Veggie Sandwich,2,16.52,33.04,Card,13,Tuesday,Lunch,None,Valeria
4320,C457,2025-02-02,Delivery,Beverage,Mojito,1,15.77,15.77,Card,N/A,Sunday,Breakfast,None,does not report
4321,C457,2025-05-23,Dine-In,Food,Pasta Alfredo,2,14.11,28.22,Cash,23,Friday,Lunch,None,Juan
4322,C457,2025-07-31,Dine-In,Food,Sushi Roll,2,12.26,24.52,Cash,17,Thursday,Lunch,None,Ana
4323,C457,2025-06-16,Takeaway,Beverage,Iced Tea,1,19.82,19.82,Mobile Payment,N/A,Monday,Dinner,Extra napkins,does not report
4324,C457,2025-09-30,Dine-In,Beverage,Iced Tea,2,17.44,34.88,Cash,14,Tuesday,Breakfast,Less sugar,Valeria
4325,C457,2025-08-30,Delivery,Food,Pasta Alfredo,1,12.82,12.82,Cash,N/A,Saturday,Breakfast,Less sugar,does not report
4326,C457,2025-11-24,Delivery,Food,Beef Burger,2,18.39,36.78,Card,N/A,Monday,Dinner,No onions,does not report
4327,C457,2025-10-03,Dine-In,Food,Beef Burger,2,12.77,25.54,Card,22,Friday,Dinner,Extra napkins,Carlos
4328,C458,2025-08-07,Dine-In,Food,Margherita Pizza,1,12.15,12.15,Mobile Payment,14,Thursday,Breakfast,None,Carlos
4329,C458,2025-07-17,Dine-In,Food,Caesar Salad,1,12.91,12.91,Card,15,Thursday,Dinner,Less sugar,Ana
4330,C458,2025-04-12,Delivery,Beverage,Cappuccino,1,17.14,17.14,Card,N/A,Saturday,Lunch,None,does not report
4331,C458,2025-11-02,Delivery,Beverage,Latte,1,14.89,14.89,Cash,N/A,Sunday,Breakfast,Extra napkins,does not report
4332,C458,2025-01-24,Dine-In,Food,Veggie Sandwich,1,14.91,14.91,Cash,29,Friday,Dinner,None,Ana
4333,C458,2025-09-20,Delivery,Beverage,Iced Tea,1,14.06,14.06,Mobile Payment,N/A,Saturday,Dinner,None,does not report
4334,C458,2025-03-24,Delivery,Beverage,Cappuccino,1,19.33,19.33,Card,N/A,Monday,Dinner,None,does not report
4335,C458,2025-02-22,Dine-In,Food,Margherita Pizza,1,19.03,19.03,Card,20,Saturday,Lunch,None,Miguel
4336,C458,2025-10-10,Takeaway,Beverage,Iced Tea,1,16.66,16.66,Card,N/A,Friday,Dinner,Less sugar,does not report
4337,C458,2025-12-30,Dine-In,Beverage,Cappuccino,1,15.8,15.8,Card,6,Tuesday,Dinner,No onions,Juan
4338,C460,2025-06-25,Delivery,Beverage,Cappuccino,2,12.28,24.56,Cash,N/A,Wednesday,Lunch,No onions,does not report
4339,C460,2025-09-09,Delivery,Food,Margherita Pizza,2,19.03,38.06,Mobile Payment,N/A,Tuesday,Lunch,None,does not report
4340,C460,2025-01-17,Delivery,Beverage,Mineral Water,1,17.32,17.32,Card,N/A,Friday,Lunch,None,does not report
4341,C460,2025-12-28,Delivery,Food,Caesar Salad,1,16.6,16.6,Cash,N/A,Sunday,Breakfast,Gluten-free,does not report
4342,C460,2025-02-11,Takeaway,Food,Sushi Roll,2,17.53,35.06,Mobile Payment,N/A,Tuesday,Lunch,None,does not report
4343,C460,2025-04-14,Dine-In,Beverage,Latte,1,18.9,18.9,Mobile Payment,3,Monday,Lunch,None,Ana
4344,C464,2025-12-16,Takeaway,Food,Beef Burger,2,12.77,25.54,Cash,N/A,Tuesday,Lunch,None,does not report
4345,C464,2025-02-07,Dine-In,Beverage,Latte,1,14.84,14.84,Card,18,Friday,Breakfast,Extra napkins,Ana
4346,C464,2025-11-12,Delivery,Food,Grilled Chicken,1,13.76,13.76,Mobile Payment,N/A,Wednesday,Dinner,No onions,does not report
4347,C464,2025-01-05,Delivery,Beverage,Green Smoothie,1,17.26,17.26,Cash,N/A,Sunday,Dinner,No onions,does not report
4348,C464,2025-08-12,Delivery,Food,Margherita Pizza,1,19.53,19.53,Card,N/A,Tuesday,Dinner,None,does not report
4349,C464,2025-03-22,Dine-In,Beverage,Cappuccino,2,15.8,31.6,Mobile Payment,23,Saturday,Lunch,Gluten-free,Miguel
4350,C464,2025-09-01,Takeaway,Beverage,Latte,1,15.13,15.13,Mobile Payment,N/A,Monday,Dinner,Less sugar,does not report
4351,C464,2025-06-12,Takeaway,Food,Veggie Sandwich,1,19.87,19.87,Card,N/A,Thursday,Lunch,No onions,does not report
4352,C469,2025-08-08,Delivery,Beverage,Mineral Water,2,12.41,24.82,Card,N/A,Friday,Breakfast,None,does not report
4353,C469,2025-01-22,Delivery,Food,Veggie Sandwich,1,12.53,12.53,Card,N/A,Wednesday,Dinner,Extra napkins,does not report
4354,C469,2025-07-16,Takeaway,Beverage,Iced Tea,2,15.04,30.08,Mobile Payment,N/A,Wednesday,Breakfast,None,does not report
4355,C469,2025-12-31,Delivery,Beverage,Mojito,2,16.37,32.74,Card,N/A,Wednesday,Lunch,Extra napkins,does not report
4356,C469,2025-02-25,Delivery,Food,Veggie Sandwich,2,18.04,36.08,Cash,N/A,Tuesday,Dinner,Gluten-free,does not report
4357,C469,2025-03-06,Dine-In,Beverage,Latte,2,18.9,37.8,Cash,15,Thursday,Lunch,Less sugar,Carlos
4358,C469,2025-11-18,Dine-In,Beverage,Cappuccino,1,12.6,12.6,Card,20,Tuesday,Dinner,None,Miguel
4359,C469,2025-09-06,Dine-In,Beverage,Mojito,1,12.46,12.46,Mobile Payment,5,Saturday,Dinner,None,Valeria
4360,C469,2025-06-04,Dine-In,Food,Pasta Alfredo,1,15.89,15.89,Mobile Payment,27,Wednesday,Dinner,None,Carlos
4361,C472,2025-10-06,Delivery,Beverage,Cappuccino,1,15.8,15.8,Mobile Payment,N/A,Monday,Dinner,Gluten-free,does not report
4362,C472,2025-09-24,Delivery,Beverage,Iced Tea,2,13.11,26.22,Card,N/A,Wednesday,Lunch,None,does not report
4363,C472,2025-01-26,Dine-In,Food,Sushi Roll,2,12.26,24.52,Card,22,Sunday,Lunch,Less sugar,Juan
4364,C472,2025-07-15,Takeaway,Food,Veggie Sandwich,2,19.38,38.76,Cash,N/A,Tuesday,Lunch,None,does not report
4365,C472,2025-04-04,Dine-In,Food,Caesar Salad,2,17.44,34.88,Card,11,Friday,Breakfast,Extra napkins,Juan
4366,C475,2025-03-04,Dine-In,Food,Grilled Chicken,1,13.75,13.75,Cash,15,Tuesday,Dinner,None,Juan
4367,C475,2025-05-05,Dine-In,Beverage,Mineral Water,1,17.32,17.32,Card,17,Monday,Breakfast,None,Miguel
4368,C475,2025-06-07,Dine-In,Food,Pasta Alfredo,1,13.25,13.25,Card,26,Saturday,Lunch,None,Valeria
4369,C475,2025-04-05,Delivery,Food,Grilled Chicken,1,15.3,15.3,Card,N/A,Saturday,Breakfast,None,does not report
4370,C475,2025-11-14,Delivery,Food,Margherita Pizza,2,14.3,28.6,Cash,N/A,Friday,Dinner,None,does not report
4371,C475,2025-01-05,Dine-In,Food,Sushi Roll,2,13.03,26.06,Cash,22,Sunday,Breakfast,Gluten-free,Juan
4372,C475,2025-10-09,Dine-In,Food,Caesar Salad,1,19.77,19.77,Mobile Payment,1,Thursday,Dinner,Less sugar,Carlos
4373,C475,2025-07-16,Dine-In,Beverage,Green Smoothie,2,15.5,31.0,Cash,22,Wednesday,Lunch,Less sugar,Carlos
4374,C476,2025-10-25,Delivery,Beverage,Mojito,1,12.46,12.46,Mobile Payment,N/A,Saturday,Lunch,None,does not report
4375,C476,2025-08-17,Delivery,Food,Grilled Chicken,2,18.5,37.0,Mobile Payment,N/A,Sunday,Lunch,Extra napkins,does not report
4376,C476,2025-01-18,Dine-In,Food,Sushi Roll,2,15.33,30.66,Cash,2,Saturday,Dinner,None,Ana
4377,C476,2025-07-22,Dine-In,Food,Margherita Pizza,2,12.08,24.16,Mobile Payment,12,Tuesday,Dinner,Gluten-free,Juan
4378,C476,2025-06-13,Delivery,Beverage,Cappuccino,1,13.51,13.51,Cash,N/A,Friday,Breakfast,Extra napkins,does not report
4379,C476,2025-11-15,Dine-In,Beverage,Green Smoothie,1,18.3,18.3,Card,12,Saturday,Lunch,Gluten-free,Carlos
4380,C476,2025-09-08,Dine-In,Beverage,Mineral Water,1,17.32,17.32,Mobile Payment,26,Monday,Dinner,Gluten-free,Miguel
4381,C476,2025-12-17,Dine-In,Beverage,Mineral Water,2,12.88,25.76,Card,12,Wednesday,Lunch,None,Ana
4382,C476,2025-04-17,Takeaway,Food,Veggie Sandwich,2,12.53,25.06,Mobile Payment,N/A,Thursday,Dinner,Less sugar,does not report
4383,C478,2025-10-03,Dine-In,Food,Veggie Sandwich,2,14.91,29.82,Mobile Payment,14,Friday,Dinner,None,Miguel
4384,C478,2025-07-28,Dine-In,Beverage,Mineral Water,1,16.04,16.04,Card,29,Monday,Lunch,No onions,Miguel
4385,C478,2025-03-27,Delivery,Beverage,Mojito,2,16.67,33.34,Cash,N/A,Thursday,Dinner,Extra napkins,does not report
4386,C478,2025-04-17,Dine-In,Beverage,Mineral Water,1,17.06,17.06,Mobile Payment,10,Thursday,Lunch,No onions,Juan
4387,C478,2025-09-16,Delivery,Food,Pasta Alfredo,2,15.89,31.78,Mobile Payment,N/A,Tuesday,Lunch,No onions,does not report
4388,C478,2025-08-13,Delivery,Beverage,Iced Tea,1,15.16,15.16,Cash,N/A,Wednesday,Dinner,Extra napkins,does not report
4389,C478,2025-11-25,Delivery,Beverage,Iced Tea,2,17.43,34.86,Cash,N/A,Tuesday,Lunch,None,does not report
4390,C480,2025-09-13,Delivery,Food,Grilled Chicken,2,13.76,27.52,Card,N/A,Saturday,Lunch,None,does not report
4391,C480,2025-01-19,Delivery,Beverage,Mojito,1,16.37,16.37,Card,N/A,Sunday,Dinner,None,does not report
4392,C480,2025-03-11,Delivery,Beverage,Mojito,2,12.34,24.68,Card,N/A,Tuesday,Breakfast,Gluten-free,does not report
4393,C480,2025-05-23,Takeaway,Food,Caesar Salad,2,11.94,23.88,Card,N/A,Friday,Dinner,No onions,does not report
4394,C480,2025-11-26,Dine-In,Food,Veggie Sandwich,1,15.73,15.73,Mobile Payment,19,Wednesday,Breakfast,None,Miguel
4395,C480,2025-12-11,Takeaway,Beverage,Mojito,2,16.67,33.34,Cash,N/A,Thursday,Lunch,Less sugar,does not report
4396,C480,2025-02-04,Dine-In,Beverage,Mojito,2,12.34,24.68,Card,1,Tuesday,Dinner,Less sugar,Carlos
4397,C480,2025-06-21,Delivery,Beverage,Cappuccino,2,12.65,25.3,Mobile Payment,N/A,Saturday,Lunch,None,does not report
4398,C480,2025-08-03,Takeaway,Food,Beef Burger,1,17.43,17.43,Card,N/A,Sunday,Lunch,None,does not report
4399,C486,2025-06-27,Dine-In,Beverage,Fresh Orange Juice,1,15.12,15.12,Cash,5,Friday,Lunch,No onions,Carlos
4400,C486,2025-07-30,Delivery,Beverage,Cappuccino,2,14.85,29.7,Card,N/A,Wednesday,Breakfast,None,does not report
4401,C486,2025-12-10,Dine-In,Food,Margherita Pizza,1,12.74,12.74,Mobile Payment,21,Wednesday,Lunch,None,Juan
4402,C486,2025-10-04,Delivery,Food,Beef Burger,1,19.88,19.88,Mobile Payment,N/A,Saturday,Dinner,None,does not report
4403,C486,2025-05-20,Delivery,Food,Margherita Pizza,1,15.37,15.37,Card,N/A,Tuesday,Dinner,Less sugar,does not report
4404,C486,2025-01-28,Dine-In,Food,Grilled Chicken,2,15.3,30.6,Cash,6,Tuesday,Lunch,Extra napkins,Miguel
4405,C487,2025-07-04,Dine-In,Food,Caesar Salad,2,12.4,24.8,Mobile Payment,12,Friday,Dinner,Extra napkins,Carlos
4406,C487,2025-04-13,Dine-In,Food,Margherita Pizza,2,17.95,35.9,Card,3,Sunday,Lunch,Extra napkins,Ana
4407,C487,2025-08-06,Takeaway,Beverage,Iced Tea,1,17.64,17.64,Mobile Payment,N/A,Wednesday,Breakfast,None,does not report
4408,C487,2025-05-03,Dine-In,Food,Margherita Pizza,1,17.4,17.4,Mobile Payment,29,Saturday,Dinner,Extra napkins,Valeria
4409,C487,2025-02-26,Delivery,Food,Beef Burger,1,18.39,18.39,Cash,N/A,Wednesday,Lunch,None,does not report
4410,C487,2025-12-15,Dine-In,Food,Caesar Salad,2,15.08,30.16,Card,12,Monday,Dinner,None,Miguel
4411,C489,2025-01-05,Dine-In,Food,Veggie Sandwich,1,11.99,11.99,Mobile Payment,27,Sunday,Breakfast,Gluten-free,Ana
4412,C489,2025-06-13,Takeaway,Food,Sushi Roll,1,13.67,13.67,Card,N/A,Friday,Dinner,Extra napkins,does not report
4413,C489,2025-03-01,Dine-In,Food,Pasta Alfredo,2,12.82,25.64,Card,25,Saturday,Dinner,Less sugar,Miguel
4414,C489,2025-09-26,Dine-In,Food,Margherita Pizza,1,18.58,18.58,Card,8,Friday,Lunch,Gluten-free,Miguel
4415,C489,2025-10-26,Dine-In,Beverage,Iced Tea,1,17.7,17.7,Cash,8,Sunday,Lunch,None,Ana
4416,C489,2025-07-05,Delivery,Beverage,Fresh Orange Juice,2,16.8,33.6,Cash,N/A,Saturday,Lunch,None,does not report
4417,C489,2025-05-09,Dine-In,Food,Pasta Alfredo,2,18.53,37.06,Mobile Payment,25,Friday,Dinner,No onions,Carlos
4418,C492,2025-01-07,Dine-In,Beverage,Fresh Orange Juice,1,12.37,12.37,Mobile Payment,20,Tuesday,Dinner,None,Miguel
4419,C492,2025-06-08,Takeaway,Food,Veggie Sandwich,1,14.13,14.13,Card,N/A,Sunday,Breakfast,Extra napkins,does not report
4420,C492,2025-10-16,Dine-In,Beverage,Iced Tea,2,18.37,36.74,Cash,18,Thursday,Dinner,None,Ana
4421,C492,2025-08-23,Takeaway,Food,Sushi Roll,1,15.62,15.62,Card,N/A,Saturday,Dinner,Less sugar,does not report
4422,C492,2025-11-14,Dine-In,Food,Grilled Chicken,1,12.66,12.66,Mobile Payment,25,Friday,Breakfast,None,Ana
4423,C492,2025-03-14,Dine-In,Food,Grilled Chicken,1,14.21,14.21,Card,12,Friday,Breakfast,Gluten-free,Miguel
4424,C492,2025-07-27,Delivery,Beverage,Latte,2,15.13,30.26,Card,N/A,Sunday,Dinner,None,does not report
4425,C492,2025-02-07,Dine-In,Beverage,Iced Tea,2,16.16,32.32,Mobile Payment,11,Friday,Lunch,None,Miguel
4426,C492,2025-05-10,Dine-In,Food,Veggie Sandwich,1,15.73,15.73,Cash,9,Saturday,Dinner,Gluten-free,Valeria
4427,C493,2025-10-08,Dine-In,Beverage,Iced Tea,1,15.81,15.81,Mobile Payment,26,Wednesday,Lunch,None,Carlos
4428,C493,2025-05-22,Dine-In,Food,Margherita Pizza,1,17.4,17.4,Cash,24,Thursday,Lunch,Less sugar,Juan
4429,C493,2025-11-05,Dine-In,Beverage,Cappuccino,2,12.28,24.56,Mobile Payment,8,Wednesday,Dinner,Extra napkins,Carlos
4430,C493,2025-12-30,Dine-In,Food,Margherita Pizza,2,13.39,26.78,Cash,6,Tuesday,Dinner,None,Valeria
4431,C493,2025-02-07,Takeaway,Beverage,Fresh Orange Juice,2,17.49,34.98,Card,N/A,Friday,Dinner,Extra napkins,does not report
4432,C493,2025-08-07,Takeaway,Beverage,Mojito,2,17.64,35.28,Card,N/A,Thursday,Dinner,Gluten-free,does not report
4433,C493,2025-03-07,Delivery,Food,Caesar Salad,2,15.45,30.9,Cash,N/A,Friday,Breakfast,None,does not report
4434,C500,2025-06-14,Takeaway,Beverage,Iced Tea,1,17.18,17.18,Card,N/A,Saturday,Lunch,None,does not report
4435,C500,2025-10-15,Dine-In,Beverage,Mojito,1,12.46,12.46,Cash,1,Wednesday,Lunch,None,Juan
4436,C500,2025-03-16,Dine-In,Beverage,Mojito,1,19.22,19.22,Card,8,Sunday,Lunch,None,Ana
4437,C500,2025-04-14,Dine-In,Food,Pasta Alfredo,2,14.9,29.8,Card,10,Monday,Lunch,None,Ana
4438,C500,2025-07-20,Dine-In,Beverage,Iced Tea,1,14.06,14.06,Cash,26,Sunday,Lunch,None,Carlos
4439,C500,2025-12-19,Takeaway,Beverage,Iced Tea,2,17.07,34.14,Card,N/A,Friday,Lunch,Gluten-free,does not report
4440,C500,2025-11-06,Dine-In,Beverage,Latte,1,18.9,18.9,Cash,11,Thursday,Dinner,Less sugar,Ana
4441,C500,2025-05-03,Delivery,Beverage,Iced Tea,2,12.67,25.34,Mobile Payment,N/A,Saturday,Breakfast,None,does not report
4442,C504,2025-09-19,Delivery,Beverage,Mojito,2,16.67,33.34,Mobile Payment,N/A,Friday,Breakfast,Gluten-free,does not report
4443,C504,2025-01-12,Delivery,Food,Caesar Salad,1,16.82,16.82,Cash,N/A,Sunday,Lunch,No onions,does not report
4444,C504,2025-03-19,Dine-In,Food,Grilled Chicken,2,18.13,36.26,Mobile Payment,5,Wednesday,Dinner,None,Ana
4445,C504,2025-08-17,Dine-In,Beverage,Iced Tea,1,14.06,14.06,Mobile Payment,13,Sunday,Breakfast,Extra napkins,Ana
4446,C504,2025-07-25,Delivery,Beverage,Green Smoothie,2,13.33,26.66,Cash,N/A,Friday,Breakfast,None,does not report
4447,C504,2025-10-28,Dine-In,Beverage,Mineral Water,2,18.04,36.08,Mobile Payment,22,Tuesday,Dinner,Gluten-free,Miguel
4448,C504,2025-11-08,Dine-In,Beverage,Fresh Orange Juice,2,17.49,34.98,Card,19,Saturday,Dinner,Extra napkins,Juan
4449,C504,2025-05-15,Dine-In,Food,Margherita Pizza,1,18.94,18.94,Cash,12,Thursday,Breakfast,Gluten-free,Juan
4450,C505,2025-05-05,Dine-In,Beverage,Mineral Water,1,15.73,15.73,Card,26,Monday,Lunch,None,Miguel
4451,C505,2025-07-17,Delivery,Beverage,Mineral Water,2,14.04,28.08,Mobile Payment,N/A,Thursday,Lunch,Gluten-free,does not report
4452,C505,2025-12-04,Dine-In,Food,Pasta Alfredo,1,15.56,15.56,Mobile Payment,11,Thursday,Dinner,None,Carlos
4453,C505,2025-03-07,Dine-In,Food,Pasta Alfredo,1,14.91,14.91,Card,1,Friday,Breakfast,Less sugar,Valeria
4454,C505,2025-06-15,Dine-In,Beverage,Green Smoothie,1,18.54,18.54,Cash,22,Sunday,Dinner,None,Ana
4455,C505,2025-02-08,Delivery,Food,Veggie Sandwich,1,13.32,13.32,Card,N/A,Saturday,Lunch,Gluten-free,does not report
4456,C505,2025-01-23,Dine-In,Food,Veggie Sandwich,2,11.99,23.98,Mobile Payment,24,Thursday,Dinner,None,Valeria
4457,C507,2025-09-22,Takeaway,Food,Beef Burger,1,17.43,17.43,Cash,N/A,Monday,Dinner,Gluten-free,does not report
4458,C507,2025-04-18,Dine-In,Food,Grilled Chicken,1,12.66,12.66,Card,16,Friday,Breakfast,Less sugar,Miguel
4459,C507,2025-12-06,Dine-In,Beverage,Iced Tea,2,12.86,25.72,Mobile Payment,15,Saturday,Dinner,Gluten-free,Miguel
4460,C507,2025-01-19,Takeaway,Food,Pasta Alfredo,1,14.3,14.3,Card,N/A,Sunday,Lunch,None,does not report
4461,C507,2025-06-10,Dine-In,Beverage,Latte,1,15.42,15.42,Mobile Payment,1,Tuesday,Lunch,None,Valeria
4462,C507,2025-03-15,Dine-In,Food,Grilled Chicken,2,13.55,27.1,Card,7,Saturday,Dinner,None,Ana
4463,C507,2025-11-10,Takeaway,Beverage,Cappuccino,1,16.76,16.76,Card,N/A,Monday,Dinner,Extra napkins,does not report
4464,C507,2025-05-26,Dine-In,Food,Caesar Salad,1,12.54,12.54,Card,17,Monday,Lunch,No onions,Carlos
4465,C515,2025-11-05,Delivery,Food,Sushi Roll,2,12.26,24.52,Mobile Payment,N/A,Wednesday,Lunch,None,does not report
4466,C515,2025-02-11,Dine-In,Beverage,Mineral Water,2,17.32,34.64,Cash,19,Tuesday,Breakfast,Less sugar,Valeria
4467,C515,2025-12-27,Dine-In,Food,Margherita Pizza,2,16.36,32.72,Mobile Payment,22,Saturday,Dinner,None,Carlos
4468,C515,2025-09-27,Dine-In,Food,Beef Burger,2,13.99,27.98,Card,20,Saturday,Dinner,None,Ana
4469,C515,2025-03-10,Dine-In,Food,Margherita Pizza,1,16.86,16.86,Card,17,Monday,Breakfast,None,Ana
4470,C515,2025-08-09,Dine-In,Food,Pasta Alfredo,2,13.25,26.5,Mobile Payment,26,Saturday,Breakfast,Less sugar,Juan
4471,C515,2025-05-03,Delivery,Food,Margherita Pizza,1,16.36,16.36,Card,N/A,Saturday,Breakfast,Less sugar,does not report
4472,C515,2025-07-10,Delivery,Beverage,Latte,1,17.34,17.34,Card,N/A,Thursday,Lunch,None,does not report
4473,C516,2025-03-13,Delivery,Food,Caesar Salad,1,15.08,15.08,Cash,N/A,Thursday,Lunch,None,does not report
4474,C516,2025-09-22,Delivery,Beverage,Fresh Orange Juice,1,17.42,17.42,Cash,N/A,Monday,Dinner,Less sugar,does not report
4475,C516,2025-02-13,Dine-In,Beverage,Fresh Orange Juice,2,16.8,33.6,Cash,26,Thursday,Dinner,None,Juan
4476,C516,2025-11-15,Delivery,Food,Margherita Pizza,2,17.48,34.96,Card,N/A,Saturday,Lunch,No onions,does not report
4477,C516,2025-10-26,Delivery,Beverage,Green Smoothie,1,18.3,18.3,Cash,N/A,Sunday,Lunch,None,does not report
4478,C516,2025-12-15,Takeaway,Food,Caesar Salad,2,17.39,34.78,Cash,N/A,Monday,Dinner,None,does not report
4479,C516,2025-05-12,Takeaway,Food,Sushi Roll,1,19.42,19.42,Mobile Payment,N/A,Monday,Lunch,None,does not report
4480,C517,2025-09-08,Delivery,Beverage,Fresh Orange Juice,1,11.87,11.87,Mobile Payment,N/A,Monday,Lunch,None,does not report
4481,C517,2025-02-22,Dine-In,Food,Grilled Chicken,1,12.25,12.25,Mobile Payment,24,Saturday,Dinner,None,Ana
4482,C517,2025-04-29,Delivery,Beverage,Cappuccino,1,19.33,19.33,Cash,N/A,Tuesday,Lunch,No onions,does not report
4483,C517,2025-01-29,Dine-In,Beverage,Fresh Orange Juice,1,11.87,11.87,Mobile Payment,28,Wednesday,Lunch,None,Miguel
4484,C517,2025-08-17,Dine-In,Food,Caesar Salad,1,12.4,12.4,Card,8,Sunday,Dinner,None,Valeria
4485,C517,2025-07-15,Delivery,Beverage,Mojito,1,17.63,17.63,Cash,N/A,Tuesday,Dinner,Extra napkins,does not report
4486,C517,2025-06-15,Dine-In,Beverage,Mineral Water,1,12.02,12.02,Card,17,Sunday,Breakfast,None,Carlos
4487,C517,2025-12-07,Dine-In,Food,Pasta Alfredo,2,12.82,25.64,Mobile Payment,13,Sunday,Breakfast,Less sugar,Carlos
4488,C517,2025-11-27,Dine-In,Beverage,Iced Tea,1,13.11,13.11,Mobile Payment,3,Thursday,Lunch,Extra napkins,Miguel
4489,C517,2025-03-12,Takeaway,Food,Caesar Salad,2,19.32,38.64,Card,N/A,Wednesday,Lunch,No onions,does not report
4490,C520,2025-07-23,Dine-In,Beverage,Mojito,1,14.28,14.28,Card,11,Wednesday,Dinner,Gluten-free,Valeria
4491,C520,2025-02-09,Dine-In,Food,Margherita Pizza,1,13.78,13.78,Cash,3,Sunday,Dinner,No onions,Ana
4492,C520,2025-09-10,Dine-In,Food,Pasta Alfredo,1,13.81,13.81,Mobile Payment,9,Wednesday,Lunch,Less sugar,Miguel
4493,C520,2025-05-12,Dine-In,Beverage,Mineral Water,1,17.32,17.32,Cash,18,Monday,Dinner,No onions,Carlos
4494,C520,2025-10-18,Delivery,Beverage,Mojito,2,17.64,35.28,Cash,N/A,Saturday,Dinner,None,does not report
4495,C520,2025-12-25,Delivery,Beverage,Mineral Water,1,13.96,13.96,Card,N/A,Thursday,Dinner,None,does not report
4496,C520,2025-03-12,Dine-In,Food,Grilled Chicken,1,12.79,12.79,Mobile Payment,17,Wednesday,Dinner,None,Ana
4497,C520,2025-01-22,Dine-In,Food,Sushi Roll,2,16.11,32.22,Card,5,Wednesday,Lunch,Extra napkins,Juan
4498,C525,2025-02-08,Dine-In,Beverage,Cappuccino,2,16.55,33.1,Mobile Payment,19,Saturday,Lunch,Less sugar,Carlos
4499,C525,2025-09-28,Dine-In,Food,Sushi Roll,1,17.14,17.14,Mobile Payment,15,Sunday,Lunch,None,Valeria
4500,C525,2025-12-18,Dine-In,Food,Caesar Salad,1,13.43,13.43,Mobile Payment,9,Thursday,Dinner,None,Valeria
4501,C525,2025-05-22,Takeaway,Beverage,Green Smoothie,2,17.26,34.52,Mobile Payment,N/A,Thursday,Breakfast,Gluten-free,does not report
4502,C525,2025-04-08,Delivery,Food,Beef Burger,1,18.39,18.39,Mobile Payment,N/A,Tuesday,Dinner,Gluten-free,does not report
4503,C525,2025-03-14,Takeaway,Food,Caesar Salad,1,17.44,17.44,Card,N/A,Friday,Lunch,No onions,does not report
4504,C525,2025-06-21,Delivery,Food,Margherita Pizza,2,12.08,24.16,Cash,N/A,Saturday,Dinner,Gluten-free,does not report
4505,C526,2025-11-08,Dine-In,Food,Caesar Salad,1,16.82,16.82,Cash,13,Saturday,Breakfast,No onions,Miguel
4506,C526,2025-06-11,Delivery,Beverage,Green Smoothie,1,18.3,18.3,Cash,N/A,Wednesday,Lunch,None,does not report
4507,C526,2025-01-28,Dine-In,Food,Veggie Sandwich,2,14.27,28.54,Mobile Payment,30,Tuesday,Dinner,Gluten-free,Juan
4508,C526,2025-02-10,Delivery,Beverage,Cappuccino,2,12.6,25.2,Card,N/A,Monday,Dinner,None,does not report
4509,C526,2025-12-18,Takeaway,Beverage,Green Smoothie,1,13.33,13.33,Mobile Payment,N/A,Thursday,Dinner,No onions,does not report
4510,C526,2025-03-07,Delivery,Beverage,Cappuccino,1,17.14,17.14,Mobile Payment,N/A,Friday,Dinner,Less sugar,does not report
4511,C526,2025-10-21,Dine-In,Beverage,Fresh Orange Juice,1,19.52,19.52,Cash,7,Tuesday,Lunch,None,Valeria
4512,C527,2025-08-03,Dine-In,Beverage,Mojito,2,19.74,39.48,Card,30,Sunday,Lunch,No onions,Juan
4513,C527,2025-09-02,Dine-In,Beverage,Mojito,1,19.74,19.74,Cash,30,Tuesday,Breakfast,None,Carlos
4514,C527,2025-01-18,Dine-In,Food,Veggie Sandwich,2,12.31,24.62,Mobile Payment,11,Saturday,Dinner,None,Juan
4515,C527,2025-02-16,Takeaway,Beverage,Iced Tea,1,12.94,12.94,Card,N/A,Sunday,Breakfast,Gluten-free,does not report
4516,C527,2025-07-08,Dine-In,Food,Grilled Chicken,1,12.66,12.66,Card,9,Tuesday,Dinner,No onions,Valeria
4517,C528,2025-08-15,Dine-In,Food,Grilled Chicken,2,16.09,32.18,Card,12,Friday,Lunch,No onions,Ana
4518,C528,2025-06-05,Dine-In,Beverage,Latte,1,16.09,16.09,Mobile Payment,5,Thursday,Dinner,Less sugar,Ana
4519,C528,2025-09-06,Dine-In,Beverage,Green Smoothie,1,13.81,13.81,Cash,16,Saturday,Breakfast,None,Miguel
4520,C528,2025-05-05,Takeaway,Beverage,Mineral Water,1,13.06,13.06,Mobile Payment,N/A,Monday,Lunch,No onions,does not report
4521,C528,2025-04-27,Delivery,Beverage,Green Smoothie,2,18.0,36.0,Cash,N/A,Sunday,Breakfast,None,does not report
4522,C528,2025-01-24,Delivery,Beverage,Iced Tea,2,14.06,28.12,Mobile Payment,N/A,Friday,Breakfast,Gluten-free,does not report
4523,C530,2025-11-23,Delivery,Food,Margherita Pizza,1,16.86,16.86,Mobile Payment,N/A,Sunday,Dinner,None,does not report
4524,C530,2025-03-07,Dine-In,Food,Pasta Alfredo,1,15.56,15.56,Card,8,Friday,Lunch,Extra napkins,Juan
4525,C530,2025-10-21,Dine-In,Food,Caesar Salad,1,19.32,19.32,Mobile Payment,4,Tuesday,Dinner,Less sugar,Miguel
4526,C530,2025-01-01,Dine-In,Beverage,Cappuccino,1,12.65,12.65,Cash,20,Wednesday,Breakfast,Extra napkins,Valeria
4527,C530,2025-02-25,Delivery,Food,Margherita Pizza,1,15.37,15.37,Card,N/A,Tuesday,Lunch,None,does not report
4528,C530,2025-05-15,Dine-In,Beverage,Fresh Orange Juice,1,17.49,17.49,Cash,4,Thursday,Breakfast,None,Carlos
4529,C530,2025-06-12,Delivery,Beverage,Mojito,2,12.46,24.92,Mobile Payment,N/A,Thursday,Dinner,None,does not report
4530,C530,2025-08-09,Delivery,Food,Grilled Chicken,1,12.79,12.79,Mobile Payment,N/A,Saturday,Dinner,None,does not report
4531,C530,2025-04-01,Dine-In,Food,Margherita Pizza,2,16.38,32.76,Mobile Payment,28,Tuesday,Dinner,None,Juan
4532,C534,2025-11-17,Dine-In,Beverage,Mineral Water,1,15.73,15.73,Card,3,Monday,Lunch,No onions,Carlos
4533,C534,2025-01-14,Dine-In,Beverage,Iced Tea,1,18.37,18.37,Cash,14,Tuesday,Breakfast,Less sugar,Valeria
4534,C534,2025-08-17,Delivery,Beverage,Mineral Water,2,17.06,34.12,Card,N/A,Sunday,Lunch,None,does not report
4535,C534,2025-09-19,Delivery,Food,Caesar Salad,1,17.78,17.78,Cash,N/A,Friday,Lunch,Gluten-free,does not report
4536,C534,2025-03-26,Dine-In,Beverage,Fresh Orange Juice,1,17.49,17.49,Mobile Payment,24,Wednesday,Lunch,Extra napkins,Ana
4537,C534,2025-05-22,Takeaway,Food,Veggie Sandwich,2,13.32,26.64,Mobile Payment,N/A,Thursday,Lunch,Extra napkins,does not report
4538,C534,2025-10-03,Delivery,Beverage,Mojito,2,17.24,34.48,Cash,N/A,Friday,Lunch,None,does not report
4539,C534,2025-04-23,Takeaway,Beverage,Mineral Water,2,17.32,34.64,Cash,N/A,Wednesday,Dinner,Less sugar,does not report
4540,C534,2025-12-25,Takeaway,Food,Sushi Roll,1,11.82,11.82,Card,N/A,Thursday,Dinner,None,does not report
4541,C535,2025-08-29,Delivery,Beverage,Cappuccino,1,13.46,13.46,Cash,N/A,Friday,Breakfast,None,does not report
4542,C535,2025-04-06,Dine-In,Food,Caesar Salad,2,12.4,24.8,Card,14,Sunday,Lunch,None,Ana
4543,C535,2025-12-27,Dine-In,Food,Margherita Pizza,1,18.88,18.88,Mobile Payment,4,Saturday,Breakfast,None,Juan
4544,C535,2025-06-23,Dine-In,Beverage,Mineral Water,2,17.28,34.56,Card,11,Monday,Dinner,None,Valeria
4545,C535,2025-05-21,Delivery,Beverage,Cappuccino,2,14.85,29.7,Card,N/A,Wednesday,Lunch,None,does not report
4546,C535,2025-07-02,Takeaway,Food,Sushi Roll,1,15.62,15.62,Card,N/A,Wednesday,Breakfast,No onions,does not report
4547,C536,2025-09-23,Dine-In,Food,Sushi Roll,1,11.82,11.82,Mobile Payment,26,Tuesday,Lunch,Extra napkins,Carlos
4548,C536,2025-02-01,Delivery,Food,Grilled Chicken,1,12.25,12.25,Card,N/A,Saturday,Dinner,None,does not report
4549,C536,2025-12-16,Dine-In,Beverage,Green Smoothie,1,19.13,19.13,Card,11,Tuesday,Lunch,None,Miguel
4550,C536,2025-07-08,Delivery,Beverage,Iced Tea,2,16.66,33.32,Mobile Payment,N/A,Tuesday,Lunch,None,does not report
4551,C536,2025-06-26,Dine-In,Food,Caesar Salad,2,15.45,30.9,Card,14,Thursday,Dinner,Extra napkins,Miguel
4552,C536,2025-08-12,Takeaway,Food,Sushi Roll,1,18.22,18.22,Mobile Payment,N/A,Tuesday,Dinner,None,does not report
4553,C536,2025-01-20,Dine-In,Food,Veggie Sandwich,2,15.38,30.76,Mobile Payment,20,Monday,Dinner,None,Carlos
4554,C539,2025-01-19,Delivery,Food,Veggie Sandwich,1,12.53,12.53,Mobile Payment,N/A,Sunday,Breakfast,None,does not report
4555,C539,2025-09-08,Delivery,Beverage,Cappuccino,2,15.5,31.0,Card,N/A,Monday,Lunch,Less sugar,does not report
4556,C539,2025-10-29,Dine-In,Food,Grilled Chicken,2,12.72,25.44,Cash,5,Wednesday,Dinner,None,Ana
4557,C539,2025-11-30,Delivery,Beverage,Fresh Orange Juice,2,16.95,33.9,Cash,N/A,Sunday,Dinner,Gluten-free,does not report
4558,C539,2025-06-30,Dine-In,Food,Margherita Pizza,1,19.21,19.21,Cash,22,Monday,Breakfast,Extra napkins,Valeria
4559,C539,2025-04-16,Dine-In,Food,Veggie Sandwich,2,15.73,31.46,Card,14,Wednesday,Dinner,Gluten-free,Valeria
4560,C539,2025-03-09,Takeaway,Beverage,Fresh Orange Juice,2,13.58,27.16,Mobile Payment,N/A,Sunday,Dinner,Less sugar,does not report
4561,C539,2025-08-29,Dine-In,Beverage,Cappuccino,1,12.6,12.6,Mobile Payment,17,Friday,Lunch,Extra napkins,Juan
4562,C540,2025-01-23,Dine-In,Food,Sushi Roll,2,17.14,34.28,Mobile Payment,11,Thursday,Lunch,None,Juan
4563,C540,2025-05-04,Dine-In,Beverage,Cappuccino,1,13.93,13.93,Cash,22,Sunday,Lunch,Less sugar,Ana
4564,C540,2025-10-10,Delivery,Food,Grilled Chicken,2,13.76,27.52,Card,N/A,Friday,Lunch,Gluten-free,does not report
4565,C540,2025-03-09,Takeaway,Beverage,Iced Tea,2,14.0,28.0,Mobile Payment,N/A,Sunday,Lunch,Less sugar,does not report
4566,C540,2025-12-04,Dine-In,Beverage,Green Smoothie,1,17.26,17.26,Card,17,Thursday,Lunch,Less sugar,Carlos
4567,C540,2025-02-12,Delivery,Beverage,Iced Tea,1,13.11,13.11,Cash,N/A,Wednesday,Dinner,No onions,does not report
4568,C540,2025-09-11,Dine-In,Beverage,Iced Tea,2,15.81,31.62,Cash,12,Thursday,Lunch,None,Juan
4569,C544,2025-11-02,Dine-In,Food,Caesar Salad,2,12.88,25.76,Card,19,Sunday,Dinner,None,Ana
4570,C544,2025-12-02,Delivery,Beverage,Mojito,1,17.63,17.63,Cash,N/A,Tuesday,Lunch,Extra napkins,does not report
4571,C544,2025-07-06,Takeaway,Food,Margherita Pizza,2,17.4,34.8,Mobile Payment,N/A,Sunday,Breakfast,No onions,does not report
4572,C544,2025-04-05,Delivery,Food,Grilled Chicken,1,12.25,12.25,Card,N/A,Saturday,Dinner,None,does not report
4573,C544,2025-10-23,Dine-In,Food,Caesar Salad,1,16.82,16.82,Card,1,Thursday,Dinner,Gluten-free,Carlos
4574,C544,2025-09-29,Dine-In,Food,Veggie Sandwich,1,19.38,19.38,Card,12,Monday,Dinner,None,Juan
4575,C544,2025-03-23,Delivery,Food,Beef Burger,2,19.93,39.86,Mobile Payment,N/A,Sunday,Lunch,No onions,does not report
4576,C545,2025-10-18,Dine-In,Food,Grilled Chicken,2,19.41,38.82,Card,27,Saturday,Breakfast,None,Juan
4577,C545,2025-05-23,Delivery,Food,Margherita Pizza,1,12.15,12.15,Mobile Payment,N/A,Friday,Lunch,None,does not report
4578,C545,2025-11-25,Dine-In,Beverage,Iced Tea,2,18.58,37.16,Mobile Payment,16,Tuesday,Dinner,No onions,Juan
4579,C545,2025-07-13,Delivery,Beverage,Cappuccino,2,16.76,33.52,Mobile Payment,N/A,Sunday,Dinner,Gluten-free,does not report
4580,C545,2025-03-10,Takeaway,Beverage,Mineral Water,1,18.75,18.75,Card,N/A,Monday,Lunch,Less sugar,does not report
4581,C545,2025-02-18,Delivery,Food,Grilled Chicken,1,12.25,12.25,Cash,N/A,Tuesday,Lunch,None,does not report
4582,C549,2025-12-26,Takeaway,Food,Veggie Sandwich,2,15.73,31.46,Card,N/A,Friday,Lunch,None,does not report
4583,C549,2025-08-26,Dine-In,Beverage,Green Smoothie,2,13.21,26.42,Mobile Payment,26,Tuesday,Dinner,None,Ana
4584,C549,2025-05-03,Dine-In,Beverage,Latte,1,18.9,18.9,Mobile Payment,16,Saturday,Breakfast,No onions,Carlos
4585,C549,2025-01-07,Dine-In,Food,Grilled Chicken,1,12.72,12.72,Mobile Payment,22,Tuesday,Dinner,None,Valeria
4586,C549,2025-02-11,Takeaway,Beverage,Iced Tea,1,17.43,17.43,Cash,N/A,Tuesday,Breakfast,None,does not report
4587,C549,2025-07-11,Dine-In,Beverage,Cappuccino,1,19.33,19.33,Cash,30,Friday,Dinner,None,Juan
4588,C549,2025-04-26,Dine-In,Food,Grilled Chicken,1,12.64,12.64,Card,27,Saturday,Dinner,None,Valeria
4589,C549,2025-11-10,Dine-In,Beverage,Fresh Orange Juice,2,16.8,33.6,Card,7,Monday,Dinner,None,Juan
4590,C549,2025-10-22,Delivery,Food,Caesar Salad,2,16.35,32.7,Mobile Payment,N/A,Wednesday,Lunch,None,does not report
4591,C550,2025-01-26,Delivery,Food,Margherita Pizza,1,18.74,18.74,Cash,N/A,Sunday,Lunch,Extra napkins,does not report
4592,C550,2025-08-12,Dine-In,Food,Margherita Pizza,2,16.38,32.76,Cash,22,Tuesday,Dinner,None,Miguel
4593,C550,2025-10-23,Dine-In,Food,Grilled Chicken,2,13.55,27.1,Mobile Payment,25,Thursday,Lunch,No onions,Valeria
4594,C550,2025-11-20,Delivery,Food,Grilled Chicken,2,12.79,25.58,Cash,N/A,Thursday,Breakfast,Gluten-free,does not report
4595,C550,2025-07-13,Takeaway,Food,Grilled Chicken,2,17.76,35.52,Cash,N/A,Sunday,Dinner,No onions,does not report
4596,C550,2025-02-04,Dine-In,Beverage,Fresh Orange Juice,2,19.52,39.04,Mobile Payment,23,Tuesday,Lunch,None,Juan
4597,C550,2025-09-08,Dine-In,Food,Beef Burger,2,18.39,36.78,Cash,8,Monday,Lunch,Less sugar,Carlos
4598,C552,2025-08-02,Dine-In,Food,Caesar Salad,1,16.82,16.82,Mobile Payment,7,Saturday,Dinner,Extra napkins,Carlos
4599,C552,2025-07-25,Delivery,Beverage,Mojito,2,19.22,38.44,Cash,N/A,Friday,Dinner,None,does not report
4600,C552,2025-11-15,Dine-In,Beverage,Cappuccino,2,13.3,26.6,Cash,19,Saturday,Dinner,None,Juan
4601,C552,2025-05-17,Delivery,Food,Caesar Salad,1,17.39,17.39,Card,N/A,Saturday,Breakfast,None,does not report
4602,C552,2025-09-17,Dine-In,Beverage,Mineral Water,1,18.04,18.04,Card,26,Wednesday,Lunch,None,Miguel
4603,C552,2025-06-30,Delivery,Beverage,Iced Tea,2,19.74,39.48,Mobile Payment,N/A,Monday,Dinner,No onions,does not report
4604,C552,2025-12-21,Takeaway,Beverage,Iced Tea,2,16.66,33.32,Cash,N/A,Sunday,Lunch,None,does not report
4605,C552,2025-02-09,Delivery,Food,Sushi Roll,2,13.2,26.4,Mobile Payment,N/A,Sunday,Dinner,None,does not report
4606,C552,2025-01-25,Dine-In,Food,Sushi Roll,2,18.82,37.64,Card,27,Saturday,Dinner,None,Ana
4607,C564,2025-06-07,Dine-In,Beverage,Mojito,1,14.14,14.14,Mobile Payment,9,Saturday,Breakfast,None,Miguel
4608,C564,2025-03-14,Dine-In,Food,Margherita Pizza,1,19.53,19.53,Mobile Payment,18,Friday,Dinner,None,Juan
4609,C564,2025-08-19,Delivery,Beverage,Cappuccino,2,16.17,32.34,Card,N/A,Tuesday,Breakfast,No onions,does not report
4610,C564,2025-10-05,Dine-In,Food,Veggie Sandwich,2,13.37,26.74,Card,9,Sunday,Breakfast,None,Juan
4611,C564,2025-01-20,Delivery,Food,Caesar Salad,1,15.92,15.92,Cash,N/A,Monday,Breakfast,Extra napkins,does not report
4612,C564,2025-05-26,Delivery,Beverage,Cappuccino,2,13.68,27.36,Card,N/A,Monday,Breakfast,Less sugar,does not report
4613,C564,2025-12-02,Dine-In,Beverage,Iced Tea,1,15.04,15.04,Mobile Payment,8,Tuesday,Dinner,None,Valeria
4614,C564,2025-11-29,Delivery,Food,Margherita Pizza,2,12.15,24.3,Cash,N/A,Saturday,Dinner,None,does not report
4615,C564,2025-09-13,Dine-In,Food,Margherita Pizza,1,15.66,15.66,Cash,8,Saturday,Lunch,Gluten-free,Ana
4616,C568,2025-03-16,Delivery,Beverage,Mojito,1,19.22,19.22,Card,N/A,Sunday,Dinner,Less sugar,does not report
4617,C568,2025-08-25,Dine-In,Food,Pasta Alfredo,1,12.09,12.09,Cash,11,Monday,Lunch,None,Ana
4618,C568,2025-11-11,Delivery,Food,Pasta Alfredo,1,12.09,12.09,Mobile Payment,N/A,Tuesday,Dinner,None,does not report
4619,C568,2025-05-04,Dine-In,Food,Sushi Roll,2,18.82,37.64,Card,19,Sunday,Dinner,Gluten-free,Juan
4620,C568,2025-09-12,Dine-In,Beverage,Cappuccino,1,14.18,14.18,Card,5,Friday,Breakfast,No onions,Juan
4621,C568,2025-01-07,Delivery,Beverage,Iced Tea,2,13.11,26.22,Cash,N/A,Tuesday,Lunch,None,does not report
4622,C568,2025-07-30,Takeaway,Beverage,Fresh Orange Juice,1,19.52,19.52,Card,N/A,Wednesday,Lunch,No onions,does not report
4623,C572,2025-06-30,Delivery,Beverage,Mineral Water,2,13.13,26.26,Cash,N/A,Monday,Dinner,None,does not report
4624,C572,2025-03-24,Delivery,Beverage,Cappuccino,2,19.07,38.14,Card,N/A,Monday,Dinner,None,does not report
4625,C572,2025-12-20,Dine-In,Beverage,Iced Tea,1,17.43,17.43,Cash,25,Saturday,Dinner,Extra napkins,Carlos
4626,C572,2025-05-23,Delivery,Food,Margherita Pizza,2,19.21,38.42,Cash,N/A,Friday,Breakfast,Less sugar,does not report
4627,C572,2025-08-19,Dine-In,Food,Margherita Pizza,2,15.37,30.74,Card,27,Tuesday,Dinner,None,Valeria
4628,C572,2025-10-03,Takeaway,Beverage,Iced Tea,1,12.45,12.45,Cash,N/A,Friday,Lunch,No onions,does not report
4629,C572,2025-11-19,Dine-In,Food,Veggie Sandwich,1,19.38,19.38,Mobile Payment,20,Wednesday,Lunch,Gluten-free,Ana
4630,C573,2025-08-04,Dine-In,Food,Caesar Salad,1,13.43,13.43,Card,13,Monday,Breakfast,Less sugar,Ana
4631,C573,2025-06-22,Dine-In,Food,Caesar Salad,1,15.08,15.08,Cash,26,Sunday,Dinner,None,Juan
4632,C573,2025-12-11,Takeaway,Food,Sushi Roll,2,18.82,37.64,Cash,N/A,Thursday,Dinner,No onions,does not report
4633,C573,2025-10-14,Dine-In,Food,Margherita Pizza,2,18.58,37.16,Cash,4,Tuesday,Dinner,None,Valeria
4634,C573,2025-01-29,Dine-In,Beverage,Iced Tea,1,17.44,17.44,Cash,16,Wednesday,Breakfast,Extra napkins,Juan
4635,C573,2025-07-13,Delivery,Beverage,Iced Tea,1,19.82,19.82,Cash,N/A,Sunday,Dinner,Less sugar,does not report
4636,C578,2025-09-13,Takeaway,Food,Caesar Salad,1,12.4,12.4,Card,N/A,Saturday,Breakfast,No onions,does not report
4637,C578,2025-01-11,Takeaway,Beverage,Iced Tea,2,16.68,33.36,Cash,N/A,Saturday,Breakfast,Extra napkins,does not report
4638,C578,2025-04-21,Delivery,Food,Veggie Sandwich,1,13.51,13.51,Cash,N/A,Monday,Dinner,No onions,does not report
4639,C578,2025-06-14,Dine-In,Food,Grilled Chicken,1,12.25,12.25,Cash,3,Saturday,Lunch,Extra napkins,Juan
4640,C578,2025-08-27,Delivery,Beverage,Mojito,2,15.65,31.3,Card,N/A,Wednesday,Dinner,Less sugar,does not report
4641,C578,2025-03-25,Delivery,Beverage,Fresh Orange Juice,1,12.37,12.37,Cash,N/A,Tuesday,Breakfast,None,does not report
4642,C578,2025-02-10,Delivery,Beverage,Cappuccino,1,18.61,18.61,Mobile Payment,N/A,Monday,Dinner,None,does not report
4643,C578,2025-05-03,Takeaway,Food,Caesar Salad,1,15.08,15.08,Card,N/A,Saturday,Lunch,None,does not report
